267649532
519900219
251
0
100466688
70064122
531711
3509059357
3941206565
4278187782
3842238933
244
0
4194631680
3987938544
303841520
4143128084
4160356104
0
0
131072
67240450
2
0
16777216
420218120
34537741
4059886852
4009422835
220726793
4277865978
4143577583
4060740607
16450292
0
0
4059557114
4243979519
252
0
3841458176
3385520366
131980800
2988635898
4159969030
151389952
132867
0
0
317587456
432405787
52575444
4226742514
3875403765
0
0
4261543424
50135295
64767
0
4244635648
201849598
4245094403
369168130
235147322
203228161
4193318640
16513255
4162518784
16451311
0
0
4145152779
4143321090
255
0
352124928
403175965
4229106186
3273387271
135663376
33818869
234492182
7
0
368902144
3737922045
3889893394
973335531
205063712
0
0
101254656
100860931
514
0
4261412864
4260954624
4261082881
16513529
4261149211
4245357051
33161470
167642875
103549445
200949
0
0
266420760
65031932
268046827
11800030
215580651
178110403
38470146
266418087
3994551533
268242403
33886245
352059939
4144103157
67176957
51056907
67501568
4278059268
4044880890
4261023466
3571913716
736354603
4125623841
4177526009
4125222146
4259703003
673247534
50328043
99882230
10
0
4075683840
3823429368
100464887
4026330349
4127327470
16776959
16973823
0
0
218169344
4093899766
4160417258
4008382723
4261207320
0
0
16908800
16843010
16843008
16777472
0
130816
4278190080
4278190079
4294901759
16776960
4294967040
16777215
4294901759
4294967295
16776960
4294967295
33620481
33686018
2
0
4278059008
4294967294
16777471
1
0
33554432
33751297
2
0
65536
65792
65792
4278189824
4278124286
3926525400
4261877258
4143651346
267322147
4177067524
63480
16646128
17234940
4244636669
219420446
4160095238
3235448061
967901488
4160745782
4075950049
3773494562
721676790
706870314
49740288
4177329400
244
0
168296448
218234641
4279173377
169276155
4212989428
65535
16777473
1
0
3991994368
83689718
285867003
723388949
3993694467
3843620885
400698357
4243581906
98956542
570019339
4178509308
4192532738
4143578362
4176735732
4073522432
4244102946
3305773544
4260774885
4294845143
217784066
4177531628
937026528
552078017
3774074597
3340092411
238
0
16187392
4210947574
200206814
219483913
166330883
4278255615
16711935
1
0
3892510720
16580878
4159438583
1124652822
4294966777
469368845
4178244618
268170726
3978693606
15475983
50721528
4126732255
4210621433
4193843198
4293592062
4244368126
4195088131
3540856566
3672962543
4025418457
167313670
3909556250
3906935525
4228058353
4125031711
223
0
4210950144
168232707
167969540
723513620
4178775042
16843266
16843009
1
0
4126998528
16319482
3757175543
284880886
251985406
65536
0
4294967041
4294967295
4294902015
4294902015
16777215
65793
16777473
65793
65793
16843009
16777473
16842753
1
65793
16842752
16777217
4278190079
4294901759
255
0
16711680
4294967295
16842751
16843009
65793
4294902015
0
0
0
0
255
16711680
16711680
16777216
535355152
3771743530
4043248089
85128682
4243518972
4244829432
4243449338
4244702207
117832188
436733689
49280044
783676914
3118006524
906294565
603383556
421337077
720974063
1256384759
3961577267
4058178823
241
0
4160618496
4193908971
3757377807
82908909
201522432
4294902015
4278124543
255
0
34013184
4159900160
3790667516
637143009
3860589823
15663867
218824686
301788152
505737712
201327868
470085912
67043304
185010955
4227990278
4060479741
4127127536
3876056574
4077524484
3995071753
3758437846
4009295637
4060288483
203825416
4061984752
451548668
65542
256
4294770688
336528900
369226729
856493865
4093899289
84083717
84148996
4
0
116391936
4261546224
3959418877
3839880949
167303932
16842753
65793
0
4294967295
4278190080
255
33554176
0
16711680
16843265
16777473
16843008
16843009
513
16777216
256
16777473
0
16711935
4294967040
0
0
33488896
65791
511
4278255360
16711680
257
256
0
0
4278190080
0
4278190080
4294967294
4294967039
4245028863
4194236665
4245292279
4177396990
65791
4227727615
33291519
67306755
117703175
4278124544
50331646
4177856770
32965127
16644606
4277991681
4177130737
67175426
100728330
4195025926
4143319286
7
0
100663296
117438733
4261542644
4244503808
4261215483
4278190335
16777472
1
0
285736960
336857621
4127787527
4294704637
16841728
16843008
257
4294967041
4294967295
4294967295
4294902015
16777215
1
16777473
16843009
16777472
16843009
16843009
16843009
16843008
65793
0
16777217
4294967295
4294967295
255
0
4294836224
4278190079
33554431
16843009
16843009
16711680
16776960
0
0
0
0
4278190080
4294902015
0
86313479
83628542
4177528853
4160025599
4261346285
4294441989
84410889
134547463
235603723
16247539
4262002930
3925350914
551544342
168360960
218102797
4294897649
4126605561
201782785
4145545215
4244118780
23
0
4160094208
4126471160
183759860
4177069062
4278320891
16711679
130815
255
0
605093888
187108877
4126410225
4042846957
16383479
216662526
118216184
620946694
3862165724
16790521
252120076
4178773502
49744130
67172107
166522101
741277686
469757982
136177143
3975013617
66578437
788654567
3474268449
3369928173
117766110
3973518831
11
0
303759360
152180748
4177793047
4260692226
4093705730
4294835967
4278255102
254
0
604635136
421661214
3858494972
3723620844
3924753379
4245096425
3739421957
67432711
50598930
4244306936
251988749
117174261
17037570
4261412607
3793357310
3907650536
4060805638
4162520585
117701584
168096020
4043442687
50527212
336004631
100400614
3892903942
244
0
4261019648
4142920194
15791098
4160877321
4260227834
16645886
131071
255
0
3739877376
4110018526
4194637047
368313384
3922840342
368966657
151647997
99873293
3943821540
4060158194
4092725495
33420035
66978562
67501830
4294901250
503841021
285600267
4043436286
4093245955
50003198
4261477112
4093120783
50981388
253494783
217784569
24
0
67764224
218695180
17761794
4143514370
4211015418
16777473
16777473
1
0
671350784
136054267
4109890048
117242120
4093902581
4278190080
255
16843007
65536
0
16842497
4278255614
16711680
4278190080
4278189823
4278124543
66303
4278190336
4278190080
16711424
65535
0
0
16777216
65536
0
0
4278059008
4294901502
16842751
16842753
65536
16645886
131071
255
0
0
65537
0
4294902015
4294967040
175119430
16848305
862267011
288302194
4263397304
3875996559
4260494870
717428219
4244243728
84210410
50002681
1046764
2045
0
0
0
0
351995135
150402317
4211082244
4178055937
367261436
4077459453
3658152689
400492327
4278518532
4227334395
151320572
4127326970
4092920329
65015
0
0
0
0
502196178
3976068639
4262723071
17241628
201266916
386468878
4060087287
153092853
4077191928
352051979
3927050488
4008109319
4243845864
83359229
4193911047
4227462396
16580855
67371263
3608347888
4175829505
3772971779
687537177
4196526084
49607438
3772711939
4060745691
3976863751
3775337729
117050624
3791784727
416941085
100524543
4143706618
33750787
33228804
33620738
4177395193
4226288393
4075423716
217580313
150010398
3489524498
251335184
3857121511
636868111
4110614782
4261084664
4278190336
16909059
514
0
0
0
0
570560286
252581146
185536011
50989320
252055049
3959424504
48952056
50006789
16776711
251858702
134809101
16908556
131839
771
0
0
0
0
32964340
3823440137
4244504575
167641343
458246
50333187
4261277932
4278254845
4261348350
4176673780
4009095918
4261413362
16842498
4244373503
4261215227
83622392
33817608
4227596543
4260688363
385751313
50662670
33557260
4075747589
117443839
4211142887
17298427
197881
4177330423
116979458
4244043767
4109957112
17037301
4076075258
83491585
130819
4294967039
149878021
49348610
4143446011
4193844221
166722557
4276808728
419885015
202639897
4210756097
4278257930
67630328
4144235011
4193252594
1277
0
0
0
0
4242725353
4127588064
605153292
3742434274
4227788266
71233522
4043576052
454495223
4161667580
4194105841
268502273
4227331599
4194372353
65284
0
0
0
0
3672505315
4260301078
220003580
554707238
4160358425
134871798
4278848269
436862470
4043638552
50856702
252185607
99615002
168296181
4261615616
4177070337
4260162546
4193058815
251984128
99554597
66447858
3405053950
3489199850
455541470
133693706
4193716205
266996004
1040837392
4246148101
3891264751
4244964060
234355985
4060475656
4159372800
185138690
84217088
50134265
4195353596
4260957168
3941600541
235667464
3993437966
3741133561
4293195757
4125613820
4261074922
33815801
134414341
4078440961
4075097626
65269
0
0
0
0
3893367292
3957258234
4245358829
3506769164
352846057
435088907
151386099
1054936824
4193382636
4278386682
4244244229
4277333505
134281463
1300
0
0
0
0
351341834
19267569
4124185851
417861089
369618953
201843990
4278980334
100602901
4092402440
639177999
136121359
4210820343
4059691784
134214885
50135296
134282751
4211278846
4127128314
4177853941
4277662707
4194435061
3639541249
436462309
4278448134
3759220226
4143450856
670775302
318176780
4093311751
301065473
269607419
201394970
168031752
34079488
4228514807
4278582018
4077588218
267718409
4228185617
4278445839
4127848935
3991602389
4043109860
117376489
3710255129
4227463676
196084
260
0
0
0
0
0
0
182906623
134540275
33620483
16843265
536870913
54196758
4278323449
4294967295
4294967295
4059694842
83033354
16843260
16843009
256
0
0
0
0
51318775
3959555366
65287
4278190335
4244438784
168299518
522245
4294901760
4294967040
16513021
4075681010
4294967041
4294901759
167706367
84670719
923890
255
0
704115700
186976264
4278124281
4278058749
4160094207
4245096946
4278978283
4244569599
4227661052
4245619958
33362684
33686007
33686018
16908802
4210818560
262404
0
0
351464942
503191571
50594832
50660356
136971524
4210428919
33159920
16842498
4278255615
151653127
134679308
134480902
260354
1018
0
0
0
0
133954816
185074952
335668996
3860595431
118033407
4160159238
4210882304
3976530639
51121915
4092850672
4160157685
4245026808
4094302208
527
0
0
0
0
32568818
134412550
4243130887
67440643
4277857793
4278451709
134153982
571735053
169543938
4227727616
4210424573
3875078136
4176605435
4227525100
4244371453
100465141
4243979011
4278122489
49539829
168559354
4075614736
4144038654
236650494
303504393
838991623
169677868
16383747
4227201270
4261411582
16053238
4178247931
101056513
132102
4210752764
4261083897
101780735
16123391
4261084171
4278584810
3824809200
4042061549
4092391666
133360111
4059031301
303435497
16909058
1
16843008
65792
0
0
0
0
0
16711680
65280
257
16842753
65537
16777473
16842753
16842753
256
4278255615
4294902015
16843007
16777473
257
0
0
0
0
4278124286
4294901759
4278124288
16777215
4294836224
4278189822
33488638
65536
0
4278190335
256
4294901249
4261347070
65535
4278190590
4261412864
4278124286
255
4244437755
4244438267
254
4294967295
4278255615
4261413119
66911742
66051
4278124544
16843266
16777474
16843008
65793
257
4278255360
16777214
0
256
4278190080
4294901760
4294901760
4261477888
67305727
50529283
65795
4278190591
33489152
184745474
319425550
4127456012
234028556
64511
0
0
0
0
503846689
388431637
66579204
3876653303
117638138
200151046
151445779
771755510
100659972
4261743365
66915338
4143644425
264958
62976
0
0
0
0
67374848
235210736
269614860
4261546755
4161079025
4193514488
100397811
4261344271
4243326454
49873404
4277862149
268566782
522199058
66520859
4161734139
15860236
131071
4261413374
202045196
418713874
459030
4093444619
3488478464
4262601695
117255723
944435974
1009201702
4277924596
32768778
468974324
185586409
251990269
4279239179
100398330
34080243
168165383
350936818
386920203
3723358700
151190535
418250478
423036148
150020677
4075159557
571473925
1066075684
61239677
1062797801
912624586
8128527
780476488
48010400
88113753
50333446
4177133058
134155763
251331845
118685457
203036412
4111403517
16450811
33949440
235477517
4145413125
974388717
3760714740
4227461320
822801170
4210621456
4247120880
4128313831
4210885647
4060024306
184552695
4261872393
4093311477
4193516012
285275121
3657235718
269225202
3909542360
320342783
30794994
18936300
4007993372
218302712
235929356
301134099
402057484
65280
4278190080
66047
16843009
4294902017
4294967295
33554176
16777472
16843009
4278190336
16777472
1
16777215
65535
4278255360
65535
16711935
4278255360
16843008
33685761
258
65536
0
16711680
16777215
4294901760
4294967295
1
0
1
65280
0
33620225
16908545
65793
16843009
4110416642
4058905331
4245224184
4094363898
67438596
4244637194
33288948
17235451
4261086984
84348930
4193779211
252315634
4110151681
4193119200
33817083
118162934
4211935489
4077388284
16649495
4177198850
336795653
319358998
4211214086
4278388476
318901005
84801538
167704329
4244177411
352648433
116784901
52165902
251461627
4076336900
4226613774
4227009303
419170309
16710926
4059890160
4211471614
4059364853
4193911532
4244634137
49212662
285932302
4060544773
50333425
4175892768
4161279221
3774805992
4159830252
3240106217
3757960707
298515727
4144892168
201123587
4124513045
4129031907
167054605
3421502461
149299203
284495346
619703804
4261480667
301134365
3507282374
4210296348
184813783
4211414789
3958050871
4038919692
3190885568
3607566543
4161143034
49874688
134017032
4244567025
50071037
33421826
284882684
84346887
4261279492
3873236467
4242990832
3353675758
819398177
4194368031
386268418
220598531
250875416
217047314
51184901
4143383047
4262332915
50466312
4261740041
354297597
3691321361
418188295
50656516
166068260
3673870812
3977922551
4091737130
4210749129
4143771904
50468088
4144829430
4161012734
65280
4294901760
255
0
65280
65280
33488896
65537
0
65536
16777473
1
0
65535
0
0
0
0
65792
16843008
16843009
16843009
16842753
16843009
1
1
0
4294901760
4294902015
255
0
16777471
16843009
65793
0
1
168625149
4228513538
4211340549
4092002275
4045608174
4109501693
4094428428
4193975297
184284669
4227923972
199166
250283768
571211241
100134443
3253671439
487647466
299824860
4026008849
34727666
4277474829
3707961314
248375805
4127455233
419174892
3707244031
789117378
4227922432
286593022
3741315574
3974496282
383519494
505089510
116389140
3874542325
3623428859
4094625553
3942382580
3907449329
218102768
335284728
4277408027
49279753
302446076
370218771
201918997
4159102701
386596347
17307659
3807441664
3522754028
401863689
520882180
4110550290
3806914565
4211604475
3655597823
134545354
4177199873
99678966
4193710587
3924813539
4225113344
4143507740
487925015
3658803987
269034438
3255751925
16261074
235930104
4128633584
4244435461
4176741123
50002688
4228381179
4160287993
4294572282
458238
4177396224
65926912
50462978
151323397
590591
4227597312
252709374
184681995
252641537
4278585349
4110220545
33358843
84217095
4244833799
4176869881
4277861635
83885311
4092659460
4126602238
4193451010
4177590011
4126737132
3842898156
217126140
4109496351
67829242
219093003
4210951181
16187647
4261152514
4260951811
16777472
50463234
4143381250
4160616697
765
16777217
117374976
50724867
16909313
4294902014
33488640
4227663359
67108873
4278190594
100465920
34078205
117964293
4194501885
286332186
50857482
84215045
132101
4261346557
254
134349314
4227989768
117242880
117310213
151323398
101255944
134481675
4261280511
4278256640
17237771
16843777
16777730
50398981
252380680
4277992713
4278258696
84277510
4261677055
4277729796
4277993723
66844673
50464777
4076076803
4178444280
116986362
402197018
319619599
4277861641
16906997
4195025407
4026203121
4227202552
101253877
4194830852
4277665277
84279551
50199799
251987983
4161276680
3958305271
301922807
4195154683
4260954094
4126142213
267778811
4261345785
4260822272
134349312
201919759
4261218058
4025416185
85199879
132620
4075878917
82375172
67175427
235275018
320216860
16646413
50334455
3959814910
4261933033
218365194
4244309261
4294963191
50396145
4111208193
4059037429
4261020410
4278387463
3941072645
4260824305
4144107292
4160092414
33815548
3790856413
166529515
4142526495
16905712
4126346763
3992521193
4228908807
4178376440
4227400958
4127126504
386206982
4060415507
4227792641
4042130963
4074956274
99936503
4076008697
32830968
3908628965
251397880
4159695120
4127524077
4093649188
367387131
16056826
4280939774
66256379
4278388225
200740367
101120506
4043769849
65796857
34731506
132765917
3858300169
4246011119
4160095741
4193783038
85207069
4209957672
4193387731
102236393
4179169273
148768009
115732250
4126930939
4227724787
3959684607
4292336876
4059754236
3942453995
4142725897
197875
151586566
34016504
167446289
4278976280
4110940154
4245231081
184159723
3844010734
4143906551
3958184453
604640273
287251991
4194503718
4262266642
116851719
4179428603
352259589
136055829
3805217015
4093506822
4040626413
16254742
219081716
33430016
4044685028
402595586
436529658
218885609
83754496
67437317
183962116
100860938
4278061073
4210883319
116979965
4261543423
67239677
4261740545
4244766972
100794882
201327360
4195155978
183237883
4261742087
85394429
4194434043
857861
4176872968
134152692
51119622
4210427647
4227857916
134282493
4161928708
152111359
100993299
33620987
4278060027
259592
201458688
4245160444
67698945
83755269
50135048
83886336
33686276
4109826817
33815290
16517126
4278255360
33423102
16973565
16974848
460032
4277928452
4278324988
4261741324
4227859197
67304438
4262068991
117505287
4126931959
201723160
50466056
67439112
67635212
197634
16844286
150995458
4160290314
184286459
4244569089
67239677
198407
4160946684
4244372212
4211213306
268370694
135265798
197883
287646380
877604366
346293650
348793290
815749746
431693200
435039486
260797416
4262331658
268897795
17630747
4278061319
4025679101
4160420084
4211936778
3925344248
4092789232
100268557
64249
4161211653
16515070
4143711998
150406652
4144760068
402459388
4178441464
32897270
285737479
4261476872
16514041
64774
0
0
0
0
4144956666
4260890624
4025152511
134355188
4245883152
33491704
4178446347
768
4126670585
83821323
201392641
4143710723
4261413377
4176347133
4109761787
4277336318
4177391869
4059166454
4193908469
184353282
460553
4194172420
34469882
4010018023
4294181889
4177918452
117116155
134745609
4110024710
34080243
4060152058
4294836219
4261084924
84739075
4110614018
4143249150
4243846135
4227985911
4093444092
217448199
34275331
4076669691
4026595060
4094035193
4042190843
4193909495
150800901
4278519053
117179915
4126539008
101186299
235602679
4279300604
4228060149
83754240
16842243
4059755777
16910845
4193978383
49871114
4194628606
4227922174
4144039155
200997128
4261935357
4144038132
4227662338
1539
0
0
0
0
4210357746
219213057
4294505478
4245488119
101124103
4228123906
4193976584
4277666043
4210685695
34342402
66720271
4177790210
4143447037
4210358519
117047309
4143511296
4210816755
17171446
4195419391
4261021950
4160487177
4244372479
4244963325
16973814
218300155
266761
201523979
100598534
17039620
67699966
16779268
4228054277
4261545214
100205570
50265351
4227923197
201063164
17563137
50658811
4161078781
3856664066
66314491
151977464
4244701442
84015357
16249587
66651392
4193314566
503446517
150795792
101056773
4008901116
4228831972
4145352167
4177920504
83167235
32701450
134215168
101385740
4161141498
4227137784
301663488
17895170
152049161
33883659
32235268
4162850028
5889
0
0
0
0
4127259644
4211341047
235465212
4277926382
134083834
67042317
16842506
33619208
369755919
116782846
50200835
4261414652
4161010177
117570291
151519749
151386101
319289347
4128109298
4194631425
83756539
4094360335
100601343
3891202063
4278192100
185800468
169017101
403705347
83557371
185401859
67963914
4076538883
50655987
33555200
4277531634
4261479417
117968111
4144299249
4261022206
3991730441
4211405556
4008574970
402059015
521404914
4279429899
15532512
66554
4277729266
33818371
151846907
199492867
3806920215
302383627
385878274
567937615
150734093
134280453
33487356
4278321907
151585538
103537670
67435511
419953146
4245223141
4227268608
4143052023
4127457787
4293591300
61696
0
0
0
0
4126147866
4195092245
486998775
4277085672
185011695
4178448639
4177132554
4110346741
236255482
4109169909
251984631
4294642198
4059168508
4177660141
3992976108
3892184571
3876190181
4093910260
65990392
101248504
4262329861
201918216
4210359807
336136955
286323701
485884177
300546849
218824198
218168057
4278453498
197369
4279566850
33161713
4127785457
4227928061
4195419906
133363452
4093044969
4194370034
168366598
4008844310
653782017
4294842104
133636576
4278714388
50726660
4227334911
4177132283
50133758
117963771
4294770685
4110157051
16644852
4110353914
4294506485
50593788
3941658629
83295743
4244701962
135003128
4144561411
49741831
4193973245
4143841780
184877827
4278188297
67569665
1800
0
0
0
0
4076007430
117966854
202046982
67569413
67177734
33423877
4261609218
4294769912
50068227
16515070
68360
4278518779
184548865
4210689796
3907974393
4261019136
4243719171
134609917
4278716674
4261215740
16579833
4160879350
4262266107
4077130230
268440583
4261937416
4142659319
4228515840
4211015166
4294902266
83952901
4076273413
4143050234
33292025
4294771466
16841719
4277993472
4160550389
4210424307
4261740285
4261937407
4042651898
4294050050
4278775035
4161144564
392969
4244178942
3909485051
4211213302
4126279428
49607950
218164970
3789949453
3875080717
4060478970
3992123889
4244700408
4244636415
4277726460
334039294
168813827
469038583
201588465
134679034
185011209
4177199619
217713160
62494
0
0
0
0
4229497098
4127522294
4294243839
4211682297
582379
4177725944
133365763
102693121
4277144054
218562558
1506298
83887107
135142668
151514097
16778233
4144759558
3908109041
4077585388
50330364
4260430852
4093640703
4159174398
470674935
202246429
4193648388
4261474573
436803066
83755263
83952905
168230402
50068216
117243156
4278778373
4278192133
318702309
4278715402
50591740
117374465
3891595262
184021509
4144954110
66720009
905182988
3238000104
584052728
33885712
117833483
101121542
234949124
100069637
4011980009
168767225
50791689
4210949652
4127192828
4093246188
4043442940
166462467
217643273
4263315979
84216575
335545593
4278120943
301795076
369691680
3992317208
34407668
8473
0
0
0
0
69122
3807968272
117769470
217710319
50268407
84279040
269155573
4195152121
117375998
3992516090
83357678
252118270
3840474874
4244104678
4008901118
4144628987
4143909886
4195353077
83885828
4110219261
134085869
34999815
4194108923
4092788211
67107064
267782164
351927827
17104128
4244766457
50067198
50987514
133956623
4260626179
721916
4194697724
390909
4109826819
134151417
4143908877
50266366
922096651
119021839
3188064278
1542661677
2820745970
4261676032
117703677
4177856519
83163391
4175427584
387050744
3858560490
183238152
270262781
4177920258
4210625533
4293654016
100924162
151652871
4279043078
4228448240
504100106
369821710
4294640129
100663298
4227135241
4142988534
62462
0
0
0
0
4278455049
3857582096
4093709815
4161277198
132615
50134791
4144167155
4210425088
201523464
3976003587
4261609197
3739414015
4092254447
268498407
4245555199
83955963
605229079
270075426
4127389437
4126602997
4143906035
4075747830
4211796725
201196265
201589752
68554010
67235346
67308037
134742533
50329351
4294574333
67764481
4210948350
201324029
4177526261
4260760571
4245292543
33096962
4260692743
285539589
4261937163
4243713794
4144626940
3942519533
49088022
5946215
228035773
266568235
252740610
81744622
168773279
252608295
255414951
4211473919
263935
452917771
218949367
118291192
3944423146
4009170429
47840508
136119814
4278059258
17234943
266988538
84208632
4160287982
4092913148
4244962532
4127586301
4177854193
83820538
353304313
4279046685
4226806531
1173999
4260955646
4261081856
4227722483
118095097
234424578
4126080020
4160945393
333058
4228316420
133822469
167445249
3808292103
250671602
4261147647
4227528952
4278449909
150271244
4145080820
4278125309
4210754308
234879744
4143578888
66559
4210949377
99942909
4178968064
4126605563
4261018887
4278056696
67499775
4111009787
4228251385
4160027376
4177524471
49872381
201850885
4177983482
4126672896
234812661
51577087
3992058354
4294904325
4277535488
34010113
4043961586
4278847215
4210558973
4126280189
117699835
4177725437
4244046848
168034046
234681606
4245617409
3944224203
3876132080
217252081
4212126488
100529654
185270527
4060806661
4227661046
4245158645
267773
50792704
4060808188
3976597485
4244566789
118291200
50266626
67572234
4177922315
117442567
4210882047
318177539
403367194
4278847995
150931722
3909352199
4193912831
50330883
201719045
455674
4075946729
571083276
217703924
3657494734
4074576634
3653320694
3908836612
3891923701
4193448463
4058313960
521409018
32773630
4043433983
3962568167
386530294
468648211
4229234954
3925079543
3959159267
4244308475
4145152267
166601966
4025360343
67765248
3857976571
165013747
3810318832
3908299495
150074629
4145146366
4042328269
589496322
185009678
568333046
985520143
350346512
3808036596
4060540683
134413317
16974335
4194112253
4159769345
334233349
620683812
555478001
4010864402
132373981
16777223
4127587835
4177983996
4092988661
403312664
119080694
17042957
66832
4057921277
34930159
4293986061
4244041727
100990454
387648778
50793488
67175426
4160551170
99875832
151192062
83825417
100008704
234680329
4245812980
4294577151
4261742856
3991994348
451862022
16777216
65793
0
16842752
257
65280
4294967295
16711935
65535
0
65280
255
16776960
33685504
33620226
131328
0
1
255
0
0
0
0
0
4278190081
4294967039
4294967038
0
0
256
16777473
16777216
16842752
4278190337
16711680
4294967040
436402940
4143580406
365232904
3907055649
4245679907
454948863
3977380327
538123518
3806265360
268112634
4160289293
3978299124
622003687
101052131
4245880833
269092083
589883889
103746533
33150219
268641525
149882586
4177853452
50598658
4110287620
116974848
3791778809
3974167031
4177138173
151057625
17890554
3993302021
451937781
217176063
417328153
3960529128
3876654585
83951625
4177591818
49153283
3976068874
4259580169
384295699
17034744
4277007625
4161730823
4277595380
4261675521
133495818
67632628
16840175
50328582
3926918136
3806404340
3959031563
4076012021
4277929444
4076732685
4092260855
117434607
4126667790
3605524994
4226090998
269223175
233441539
4094354959
168300783
167778081
4210754316
4161145586
4211478263
3420318194
806154750
218234887
185597951
201326858
301727489
134936834
4143775740
4210556685
84407029
4244437761
150864381
4278580738
4194500347
117439995
4277208577
4193908736
117636088
269088773
4261344004
17300484
4244507400
4193646842
4278781689
4278322695
33949695
151324678
185010958
101123337
84674565
33556221
4228711424
4160291583
201522683
184875268
135136505
67566585
4026074366
4261672446
4244965623
3976592133
4294447358
4226613490
50529277
134477312
4177332483
369625611
34013958
51053814
84349190
4161339403
66717179
4227991298
4126477058
34472432
68229121
4278058768
4143053813
51317501
167643395
4193584398
16647420
201919507
17106184
4059298812
184350463
269421835
3991863044
49606908
4227856119
268106240
352387312
16650760
234881288
4160487419
4244767741
168692738
437322759
4277603071
133491977
16773103
100731396
4244506125
133760007
50528261
352514819
4195287806
84082428
4277927681
4261476085
4109830662
3857114358
100859647
83826182
185072403
4278912514
83690496
17631234
133168389
4245485576
3975875303
252449291
168169240
4261017604
168496653
51448840
4261876476
4111469560
4109630720
4075679994
16384254
101053445
4294050546
4126933513
4161207061
4110158058
200865523
83428876
4109892615
117443332
4126801924
201263610
33293304
117898223
4278386954
4142920191
32706316
4025542404
166592504
4211211523
83492856
34338817
16256004
4126405120
116846853
4160682758
184092154
4110679555
16513794
151780862
4211676919
4278453260
4044226026
4161272311
4294502147
4126800378
3976593651
4160032767
4128894715
319089655
33094647
568322355
621468419
3942775826
116131820
4060016375
183896818
369228820
4278192396
4160362235
3722639869
266596861
4294639364
4277665044
4294837239
4160093950
67698943
66124284
50265865
83955466
587006736
119996171
3807975914
33483749
4092005146
4077056245
4195091698
3793616129
3743026420
4210758896
100734977
4261610504
4194566907
201459715
3927573511
3843497434
4195359720
4277997803
3976790539
4092396784
319153659
167971349
3874748915
50919397
4110936308
15467002
3958172148
4091930332
3857058550
150074611
285605899
4076993309
16774119
4278913024
117901050
4261020416
4211933953
134811125
385739799
4125880550
504100341
3907977462
66716164
3891527446
65473062
4211150334
4294571749
4127660020
4009098735
4244044546
151256059
84473614
65796360
352382742
351662323
4277664780
68028929
49740299
117439736
4026401287
553124616
34271494
68612
134939140
4211473409
4262334199
167774986
4279235318
101251594
4194829819
117312513
4227858435
66849301
50592262
100992254
4160289011
4277864206
4211935233
4194174975
4027053296
4261544438
51052803
3908631543
722469635
49740803
195326
4160029440
4060150780
3875273453
4008838110
3858297352
201915362
4058642936
4194371580
49611014
167178247
4126341364
152367851
392196
201526016
51252235
65026
83819254
184878597
4008897292
3908433647
67434228
185010698
4076992255
4261278452
4227658495
218302213
4244702990
67174378
151521022
4294638866
4211076864
3993171202
184948745
201192976
134492014
149684528
1006317256
276635764
56036984
340131906
674902982
499781836
4261871866
50592769
4278190336
83950599
4244507133
4227858943
4060220414
4193719562
34927601
167443716
4261738224
4261413383
133759237
4041935371
1106176291
3810259954
4060019434
3908367361
4211278083
100141306
33487379
117374209
2306
0
0
0
0
249627141
4128112366
100205308
4195163921
34012697
1244915
134216703
16647419
4261870081
47249924
134017521
4024761327
3991721429
4178177502
4026465781
133957889
722930195
420675609
132841232
134415110
3604406027
3620918485
16761542
117502737
184875764
270075651
84145665
234092806
118553335
67763714
4127394806
4210625268
4093577452
4195094019
4176934895
4293525766
183697676
4211273212
4026204663
133757191
285215226
3991799026
4195807980
201787911
51644943
4143315972
4109629944
134806013
17371144
67567882
84280826
4228187137
217973763
17498890
168102162
33950219
33490186
4194043132
4261936633
370084613
16321823
285608188
285279773
4142722033
4227852779
168890871
84741383
4107
0
0
0
0
117435375
16775159
4261084153
4194958062
49679864
17627399
134417662
67434489
134676226
4026663950
3908039660
404424950
184293395
284887573
118165507
33955602
4177131004
4160419565
4228451324
286193673
4059696118
198658
403508743
152310007
4195094788
4043436527
4227663855
4261150209
184745725
4277794056
33356288
4110023676
4261019143
436732155
217776398
4294703113
100466941
285803272
4228056078
217711881
32832262
335737860
202378231
419558154
219610628
4227924473
67108862
4294902272
4210555130
4227659510
150729488
84018697
335215616
49674501
4161143303
4277734143
184354553
4262002178
234030337
137099261
100924671
4076268010
4225499135
4127129346
49219323
393223
34078725
63993
0
0
0
0
83817229
185143064
151779326
117505270
134938109
85004807
4143315207
134351364
335804937
4246729993
201533181
4042258169
15330303
3941987317
4142854395
67764214
184416767
4194633989
134743047
4244373753
4261874683
168036876
4228122385
4110487545
4227729172
117308161
67240972
134480130
50462206
4261806082
4194502139
3957981190
4294442720
4060549627
3706984949
4109694461
4177132282
4042520310
117048562
4294835202
3943171582
316927483
4079817181
3976004075
100464383
151130387
4144297987
117767674
4244438009
234945786
83425548
4177395457
16778752
118094851
84214017
4227729672
4176607738
4210488824
3874486258
4077918440
4227991830
4260826609
264449
49278715
436862476
4227794185
4194697719
1028
0
0
0
0
83491569
184487715
4227198971
4277993720
184485383
151194110
17825019
4261348096
4143382008
4261934840
3993173496
134675444
50263292
4244046584
16710919
4244704264
66722059
4243978248
102370576
152572925
4092785658
166782705
117702392
185405180
303040009
185532428
202772993
4278517507
4278386168
4278321402
4278320896
3724214786
50921957
67971339
319489289
4076140291
84282379
4294773766
50396420
4277990905
3943036405
234879494
4009368831
4041930980
100467985
33620739
391669
4294442748
4110612730
235474687
4278320894
4244632828
4210950650
16909834
4261941251
4059629318
50397438
4261411321
3874489849
4159246578
4294699522
3959879424
3825073648
419038997
118621452
67587
418514205
62207
0
0
0
0
4227206140
133955088
4042587419
4042257918
51575301
33817602
66322937
4293919745
16906239
4245225990
4196268013
418708227
4211340792
4210419691
16250120
4227990268
4261348090
4176541183
4279045634
49481980
67435509
116852486
4227988479
4294572286
201590022
191993
118028801
83822333
4244964346
16777219
100269832
4025877500
3925538033
4177523443
83562481
218696703
33292291
67106814
4294900225
83952124
199689985
87616775
4109635614
84081919
4109243899
4261674239
33554433
4261676037
100730119
49742857
4194696702
4243849976
4278058493
4244570111
217777152
118423300
4278650117
133957383
4077650184
216930050
83426306
51781122
100931096
83621621
50331644
67582
285080841
64517
0
0
0
0
33554697
4260498677
67243768
101123331
4176872702
101117945
67897847
33290759
33552636
4276617970
519567369
4177855500
184683529
4092984333
4076272631
4193317634
33164029
50594823
33817089
84606460
16648205
51580175
150802690
4178247930
50727947
64006
4127063794
16249340
50920182
66714881
4194892539
116655869
4195486208
66585855
217975557
84737797
33157621
34209019
4160290052
167444994
117440006
4060287219
217445638
252901121
4261612036
4278123019
66520586
67373053
117243651
4143774461
4244637703
4262591980
100989438
33881601
200870658
4127325179
772
4244765698
4211673084
515248901
4261872381
3974762485
3992513285
183895045
3891726077
167443708
4060808702
258
0
0
0
0
4194443261
302121437
4110480671
4177001713
49803769
168157703
4144434675
4176807427
4260691707
568260108
519626755
4177266213
3960341760
4277862144
4177398015
4260558591
66912512
218432521
217975546
201260814
4261480209
33223161
4060084727
4228906506
4276812807
50921219
83887866
217975565
4177267207
84215298
100926724
301071360
101643300
32896495
67637004
33616393
66782217
4278121719
133128
117243911
250412026
3775864571
100195327
67698692
184811797
4211016191
4211734515
394738
33225473
16710400
51379705
4210817019
4193907968
50003447
33621765
184813577
4109827331
49610498
4009161727
4211142906
4195548414
184745720
4177134841
4026135033
4210819820
67573748
4261543942
63478
0
0
0
0
4210691857
4008708617
4294112795
16387315
4159971339
4127195896
335741440
85327636
4059430389
4176470508
4210484720
437780493
66784267
151254792
338499581
4279054872
3975218676
4109300228
3808098544
3907514599
4159966186
50525456
34539774
4262726385
16779014
101187072
4278388986
4245356032
4227664380
117833212
68091650
33688322
4025281790
100797169
4076605701
4160683258
201325055
218495740
4260756484
4260623353
301989112
4261806328
202311437
352454154
4228120586
62465146
991294
66102447
5111213
30804775
52227728
24493446
60672236
3791722510
34142949
182521072
303225368
4026006509
4007783171
32496102
438565885
355023136
99288839
16706816
4278387952
4027914502
57061
0
3992977408
270126527
1011362039
4245813256
4143581680
12
0
4244045824
67432709
4194174204
4024832241
536406554
552471058
4226352353
4260954639
184286470
4094031608
3722642936
4158377188
4127651307
18616295
17695232
4126614297
4127852515
116717085
4076928739
3858694622
32046585
4194438402
4210361092
33361394
151251728
4161011682
82965997
117179412
3692105735
4229816072
436927744
32172562
3823955445
4108709361
908724730
3873898512
4110084072
3385779441
4039031755
218564606
51978745
333055237
4110806014
1043410160
506802991
3739819284
4212064999
3591181055
3755801574
3554869998
34347020
200932345
4193195006
385931300
4076340705
4294639356
4278913286
4211539205
67373309
4059890679
4277206780
196607
34341637
62219
0
167772160
135068933
119016189
4093508327
4260888318
252
0
4160815104
100926206
4194697993
4210685951
4294900485
4178640130
4194892031
4127980793
4108455678
4228181260
4059627505
84081924
17695228
186064634
521
16906504
66846721
4210683650
84279798
201981708
34274564
4160158204
16513283
4043570427
4244173570
4125945845
33356793
184746749
251199500
284164612
252312339
4159833350
67174657
251660038
50330118
16188422
152239355
4193978635
100200690
218365446
4194893823
4211215103
100599053
201987849
34738965
67445513
202116860
4043704330
3992453370
4092593654
267382270
4110027530
4111009022
4160687355
4141874183
4226934279
3907578094
302053369
909978135
84605437
34541570
4278320640
199945465
2060
0
3506438144
4111711405
555556580
4110483195
4159635451
251
0
233766912
34207997
4210818292
4111466732
4125625605
118096358
4178899195
167640316
84082181
521337342
134479911
4008109803
51972074
4246541799
4261609216
4261871097
100131845
4228519134
167639827
4262133512
4009624054
4261086194
184812809
32894476
66325232
4210817799
4076792810
4244834297
1503752
4276091665
118028537
116914445
4143973112
4260954117
3891592699
4277930248
3741053449
3536641769
4024424437
4142923246
84280318
4177790205
4194365949
3638950909
3755992812
4144027102
50989057
4010214138
4110555898
4127395082
234285298
4260627999
3962104326
2782095783
4042317903
4059100402
4211607554
4127721973
15724033
3139170257
114832136
4294705704
49411577
3846
0
4261412864
3941334019
203035118
4057915884
4009616872
249
0
3795451904
3790168076
4191234873
1559435578
406713890
3456483598
3961194301
1438056683
359698457
302658751
101652750
285018903
420609041
4075613994
150991353
32638990
4075240973
3189427714
49809699
4193451531
4141143543
4210945775
67895031
333005809
2870725640
4294704949
3924880111
335149546
799805644
3960284651
3774286859
170332656
435881990
959121426
3790535193
221643513
100659469
269814023
4227404556
3909219065
66846702
4294701063
842225
3772177666
218361610
723066156
166979849
99875586
369167633
285472015
3741979920
84145635
84210940
3455590634
4008772141
3991467272
148765202
370344721
4095083777
3892248563
266804235
3992257554
4247657729
57316
0
352321536
167060540
3283868943
4176146669
3876381161
221
0
3707043840
4292674063
100461072
269217533
3909880552
151721194
4128241433
302315256
4230213108
3519355867
719638288
4214426636
552003355
130605117
3791453452
722596323
149295144
3759209457
3822124065
3990213144
3804873460
4041731297
3773820639
200738032
3807642094
68092198
51582990
4009099012
337048080
98241574
168625146
4194629864
150336254
403442440
402846996
4077650441
4011131635
3890019041
192514
4194693882
99740167
3641109224
1126050039
35068234
98888452
267775984
4024955927
755107072
1127661575
472311031
4278190080
4294901760
0
4294901760
4294901760
4294967295
16777215
16777471
16843009
0
256
16777216
0
0
0
16777216
16777217
4278190335
0
4278255360
255
0
4294901760
65535
16777215
0
16777216
0
65536
65793
0
0
0
255
0
0
16711680
0
0
0
4294836224
4294967295
255
65280
4278190080
0
0
4294901760
0
4294901760
65535
0
255
0
257
65792
33685760
16843009
4294902017
4278255615
4294967295
4294967295
65535
0
16843265
1
65537
0
0
33554687
33685762
16843265
1508417219
3621456992
4228379403
3958450654
4026400278
301793538
18158354
486480130
368571147
4126607604
168624900
504821000
245078262
20063
0
369098752
118750991
4227002393
4279041013
4025546996
237
0
4278124544
118165244
4228910843
184420104
4277860355
3376664307
4013489502
150206953
1040134
4144099338
4227658999
185070813
706798849
875562504
219753498
3739342815
432353027
3625964280
32115215
369288983
4144364535
3991014649
4141541879
668547066
3172202234
3891394348
418313230
203159821
1906707922
4074791138
3722708484
4026733828
3825662960
3924363773
2950237689
608506847
422706959
4607240
385953828
51314719
3923768048
4007519225
4041987806
605558569
336077093
874255125
182775309
4176401904
50850027
4026201842
603249383
234878227
183172624
1024772655
4243524039
570229529
4229303308
455151626
336466975
736226337
3574649552
184809696
181659649
5913
0
553648128
4244047896
3755400465
82840606
4059497997
255
0
336855040
3877630940
3993244920
3805685243
788386101
3957718305
619980749
3892772872
48897538
235597326
1226511160
304886304
150337287
4210156823
118687240
3891202823
4146456818
836828736
3923572166
3436306179
4091011091
4210490347
66717171
3876849916
487714863
4261871050
4128312064
351866616
3740539395
4030983126
3940418069
4242801655
4075550462
4008504304
4093439496
402387195
3505655565
3335387622
4058108421
403700716
203439649
4193712362
3941197296
3790926066
467068673
270525687
84538872
620752377
958852387
655613989
32434688
184024828
49353488
218102553
67828986
3859156730
4241680145
4243912711
4277925361
4128184058
32509466
201127938
4292603128
2062
0
3942645760
201062876
185467639
4093439735
4026005229
239
0
4142596096
334815758
167959279
4144686060
3723694553
4279434480
3842635040
4078761696
4024837370
185856774
4244509456
32050705
168355568
4161277386
119548170
4177198598
64687606
4277922803
336658171
4279633913
4027846398
251654652
102172162
98890759
3958830317
34012664
34078465
4059888384
822013186
14357762
4092855813
3773301245
33618692
185009417
4076406035
134615558
4126539261
100401386
235938574
303572256
4212858398
301206527
84605939
4228512796
16516096
33622029
471465725
134804986
4226877186
4278317815
4026339593
4261937646
4294048505
4212061183
4008119295
838725884
4098501627
200607750
185398027
369561337
319946774
4160227307
4044952834
59105
0
16777216
3874619919
66778612
3943690966
4127000321
247
0
236453888
4144109040
4159573259
4144231939
4161145078
302645745
3874354207
4042651890
4144428547
168886269
167702294
4160548861
4094433800
99872306
99218945
504562689
166458916
4145018070
460566
100277011
385749268
4279894792
100995329
4076270090
4211081965
134544900
4194961662
4194696950
4245816332
4175686404
4261281272
202502138
68157679
203427079
4210423295
84805624
3808100368
3958897398
183897365
3873695990
49536750
36180235
236129043
3636318481
135325158
251933210
82514431
401935615
285025334
167895612
4211081731
101644028
4244897285
117705723
202900981
3573616114
197516295
83296253
235865088
150539517
388035086
218434804
99678461
4345
0
4093640704
84078571
15593209
253041421
49814789
8
0
402587648
170455036
135268589
4161538045
98698255
83429102
4261151747
4110549502
4109113592
651283
519437839
4045475579
151781104
3859552719
135267328
33752078
4227264247
4195090398
3942972937
4027123184
4177136892
4143710455
4093185529
4076532235
183629818
4260755210
720124
116722193
33816565
4144298743
420083699
4159566597
4278191366
4043176436
67703554
115994371
4110941193
32701466
67037945
3655338499
4024428787
49151724
4244431861
236131586
3790861318
4008111844
4178379760
3842966275
4193577451
4093380571
4160884746
4227663855
116787707
470084896
4194958322
33295862
4144108291
302256134
589302299
50330110
4159830522
4193910532
4162850556
61165
0
4076863488
50978281
202834934
4278781703
3993040636
228
0
4260626432
149876742
4278515217
4227857395
4211080423
4008833279
4260362232
4044946937
4210172409
4009621770
3991399930
234480358
4143384595
301130526
3925475072
4177592835
4194305790
4226677267
4058184425
4277332982
3909350916
3940935396
3738626532
4128436461
4194696197
50136046
184222724
4293591046
3741125131
117041397
285538302
336919304
4262983401
335745538
268825609
4143249655
4294443520
4125809174
704900314
235865116
3906592252
3857311209
4008180461
438170615
288104695
16462884
3958503429
3623748354
3571580379
3856984809
3407490333
370665928
4279697145
3841658361
4127261194
4244041710
236193531
386401811
489491992
233639699
202958346
50394862
4280754447
48095
0
251658240
4126552096
3636315908
170530814
4007796244
0
0
384499712
268755716
186905317
3658290931
165352212
83886078
4077384445
586940673
17363967
3958568453
670690049
4078502901
4211149299
3775015141
4143313145
352980225
150469394
3994355171
4246534683
3925614322
233768727
3858569476
3789618669
251199494
3892181743
286196753
406136083
352925244
267450599
821756411
807138827
300210214
4023770620
3539059421
487718622
4158713861
4039640585
1983703863
4199832082
3605850356
49543397
68286720
85326611
4074564847
4292535541
3319129351
3724816606
104083476
571407115
15264558
335213053
3840415522
4160684536
318956818
4143778280
3706781930
4024494847
252906748
235206161
251138574
33416969
32831984
67370243
7683
0
83886080
3908561407
4279179764
202906893
370678274
30
0
301072384
4178964988
83887861
3708874728
32247032
622533338
3742552867
3607956992
181802501
4261603860
233764360
4228707838
4141559838
332326702
3973505269
924978661
535485243
17831146
3856662799
32434946
66115823
83166474
201784334
4263107074
267327969
4092788748
4159829500
4043047420
4213236248
3436845337
288944344
205597940
134023163
4109893120
302316297
73672444
4076009990
4109957361
4061395964
3454066408
3822439147
337520912
959988248
150863380
4195148537
738069496
3955350054
467664918
705688873
722332710
4144429824
4194039552
33293829
66648332
3924356858
4142129407
50262513
51175154
252447986
352393231
236387348
168758267
4009556224
500
0
469762048
487530777
503902516
4143771875
32377605
15
0
183894016
436075542
319091974
3860332782
4158982399
252447730
4042523375
4177592063
4294643198
4009098245
485879297
4128768230
50859004
4261349901
4159440390
33420032
83096832
83692529
168298750
50791957
4177659402
33879545
4127396592
4279495423
250482432
17237247
4229173255
4160758296
4212459792
301198074
100859148
4176672265
100008453
4161072130
4294639334
4093837316
3286762488
3789353946
4227062521
4176738817
235736564
101649663
4210691068
4092782847
3942971629
4126474749
4245028089
132105
3959943410
4160623860
4161275646
390388
49480961
167963925
4160091909
4293655559
318964994
287047681
4279902228
385548300
353699332
4211017485
4194895624
62452
0
4194304000
4211799288
287641103
4010014708
3941529837
240
0
1769472
597236
84610329
17560834
18220291
605300493
4211671814
3859150859
4159444224
588642329
4244833556
4294832131
4193515267
4025417209
133626369
84542969
505941506
319689473
4093047582
3823956220
165338114
4211866103
4143778542
237571344
183975417
4093376029
168295161
100732686
286001938
4143454481
4093706225
3992321275
318765832
403248663
185404436
4010279952
437387520
420940817
4177986567
4110289682
3957845224
49416467
235404814
135728922
637996343
268634902
33029384
183300085
83233546
3974493440
3537
894
19442
98304
130372
2005
130875
2653
13028
130712
127922
130017
130182
407
129295
126056
126432
3907
26323
26033
3764
126587
128874
129631
14976
126029
3079
13320
129570
125057
2353
123333
4127321108
52893190
3388875776
83888936
4194173167
134806008
4076794114
136249606
101253117
4260823301
195073
33750030
150798590
4211279357
16646654
4244439044
83687928
83623951
4060176635
1476131076
132251901
50066411
268632579
183959046
50662159
4244900100
4210559745
268894467
4261347577
4211476480
3976331767
4194042368
218954727
4294636023
822216708
4160228066
49217555
117637867
4043310591
16515566
4278190591
65535
4278190081
50266367
4294901763
16777214
0
16711935
117439741
4228121861
4260950528
3859413243
67960841
16389112
4193714436
318175746
18415626
17628704
4227534337
50920704
4142203122
201261564
50660095
217972737
152167934
4278451695
4278258697
302382837
4144103678
51508990
33949701
4160092676
4275908870
50202393
4093705726
436927501
201326594
4144760307
134350834
486015801
51893745
68091880
67564046
284165110
4009230341
63997
318833677
202245599
83631866
395005
301797894
302448623
84344835
4194170855
4211215869
250610687
4160809729
52039708
4026459906
3355187185
3944022261
4194695439
167570942
503644164
83692784
4278190582
4261808644
49354246
33095927
4212651001
66588919
67502569
99483139
66780442
386203142
134482694
4260167684
268500231
335607549
335872013
34404888
4244637455
4277540091
403443469
117637369
4127131913
116915974
4178181624
16294343
1080405
53116059
12554982
38444917
16680379
54075090
62201291
66626208
18589728
402700
66968623
1433335
65511832
12346155
34316111
4278780169
485818642
4176151821
4008637446
4093515516
4057336580
4093631232
401929462
303692056
4278453241
4294512141
4277335294
3808815583
50655986
218696704
1118480
3623223038
3604412891
4112001274
1459818525
34208845
336202488
66981397
471273217
51186942
4278384633
4244701185
351407860
202436873
4009295626
4212587489
4160421896
620953365
4293068540
3757831924
319492315
3858033117
3757173966
238
0
4143906816
4144302077
4093973501
4227921406
34404861
33029372
3774092273
3976724482
4008908258
167368688
3994613747
3857051369
3085487082
3722435767
469819109
334878706
4176150022
3626308614
134076637
4107200524
4292987122
4026401264
100731679
16645883
4210819593
100405750
12833798
4262641603
4227534074
99732439
1046018
83757810
286132723
402400572
4092985082
4192991740
4093180142
3909151454
267844108
3808047635
3738633967
66651378
302193184
201060878
3974881264
101116400
3991923960
317717751
252645396
84344333
555624728
503915576
4194301970
67305214
3858434063
3099518450
4107920900
4110414827
101252591
34667762
83625741
4142072834
4110679026
49473534
657522195
4176217614
3943300366
3975539972
4277340179
102822900
247
0
50200576
4261216514
151587069
739642388
404687657
268434153
84607764
50926075
4061788172
3924752328
319361005
170795295
3976321508
470746087
33762348
4177328896
4161143033
152111122
4127200527
3807967470
3873441286
4009488365
4108188669
82904573
4094226687
100200719
53353980
49752603
4128444131
4177987342
4160417260
18217448
467133438
3726570732
3707578349
3958642455
3772251902
118549776
4210827287
3891725831
4057720800
335875338
4211737618
988904
329745
4244037112
3924481287
267121898
4043897601
16387833
83285508
4210226399
4260033299
4261014264
151120348
487454217
4178442480
284952585
117112089
4159895267
337305588
4211483375
3959151112
888868100
3979879676
4124039664
4095281616
489697519
4030405346
267651318
223
0
49217536
387119360
4043305438
369552889
420473601
4195353607
268964873
373355773
585627215
4292665343
487642890
4093046534
4077319883
3858505450
4177454841
469831675
4143645169
4108916748
66708219
286920712
83623945
4043434984
4243389154
16981253
4193718052
4042653178
4278189814
3825404156
637005829
4263383042
4077125630
4177853927
4143706619
4008767470
218235641
67303682
219348987
4027125751
84083457
4042392321
84282363
791556
4294315022
655160574
4063170032
4245489130
639313677
84674831
66978826
4176673793
4193783787
4092855053
472121342
3843298289
285740027
4209114372
34467589
16707836
84738806
150599413
4244117013
387318019
4277407235
4125421566
640407818
4193261038
503381527
3891000073
386329102
119929338
16777232
0
4076142592
134677497
4110813702
4093309680
4059497450
100992523
4025872888
4042064872
218494481
269023742
4044225536
3605591786
3840989400
234288635
4227660543
404031253
370406922
4043901949
117504244
4077059327
4210026738
4294899704
4076336877
268762127
4211143933
184222956
34145030
4026465528
4212265211
31980549
235997442
4058973718
4260561900
166391081
218036965
235731977
218300685
1052653
168820735
3975554072
3671913713
33028096
133759754
251655166
83167240
268630778
3723032582
4125943779
4126474229
3824284394
452395509
3826388256
66584293
4210420222
4060412161
3350854915
4294306833
4195089665
50397445
252250871
4077261844
284814846
303177468
117043472
339024136
202181133
3775205141
3857711099
33551377
100530168
248
0
4194959360
83495946
3958829834
4243323123
4009489667
302905885
168234251
52559870
3944882194
3959621595
4160029930
202447093
3707040232
453311712
4175890942
3924487913
4043701482
4227928316
150736893
4278388996
118554111
1158091789
571346250
66320126
33549061
4261213453
4146867702
402595887
3978239980
4194176018
4277860854
67633167
4178177535
285868304
4192992007
4278188283
32900341
4160026354
3741317102
856289780
168623114
4194964227
4210492942
100335874
3741381852
4193650671
33360904
4111867923
3387291111
4075288802
202321677
1109002551
721435
269025054
33690627
34935549
4294771716
4126539007
4211475198
166659843
151843073
200400645
50460150
4276485372
4280088078
3606054655
4145085406
218628606
3356358094
3688764905
240
0
4144103424
4228445948
3909224194
201653506
4227856644
3624591604
350488299
3744332534
3806993393
4159437818
3843487699
3505711080
3167929275
4277331928
2901999362
3827711024
287830760
4026594793
4041797118
3821656583
4093301754
4210628092
184616701
4244634866
4261018348
4226485749
131313656
270657496
3939034895
83356635
4229755388
33159929
16843009
16843009
1
16711680
0
0
0
0
0
0
0
33686016
33686017
514
16777216
1
0
0
0
0
4278190081
4278190591
0
0
0
0
255
65537
16842752
65536
16777216
16908288
33620482
131331
255
16711935
65280
65280
255
0
65536
0
0
0
0
16842753
16842753
1
16777217
16711681
0
0
0
4278190080
0
256
0
16777217
0
4278190080
16711680
65280
0
16777472
0
0
0
16711680
255
16777472
65536
66048
334304013
4176932614
4177660934
4110028039
3875144184
82049796
4042458877
83493623
4180146957
4260824065
234556179
437250573
3997319401
15282945
4244242435
118096129
4060151810
4025811442
4228058616
4226940676
470877705
18424055
4244380440
4145354224
4261940976
4278251247
135330045
18755352
3739235615
4260622556
4044229105
116653041
270069479
4143978237
1122763818
152829978
585557291
437973510
6
0
16777216
34799098
32441338
4109827583
4210425338
66123256
4142853092
4260488194
235349739
319689487
4247449348
200735731
4127590146
4162319094
3991008489
3926980869
4227657995
386206980
252778790
4226941441
4226148864
3875213315
4194302738
4244117752
33686253
133627620
232574727
352058356
3959093270
64607729
354415362
66848752
4141937663
4043300832
4145084407
354949108
3658225144
619181791
135407078
4110476798
185271547
16644861
4176801269
4261552878
351799342
4227208230
352979700
17368844
134414332
4294903818
4160423910
184160038
4277073411
4227332347
369820652
338364162
4193902598
4278713596
4109499645
115538682
184742927
386525692
586816778
707450884
249498173
118495242
3739352051
4243382503
233755860
338621939
241
0
4210556928
4227921408
99678457
4109696763
4025478125
4146204418
4193842684
169610466
148758507
419764245
302384402
4178054133
4159570968
3940283125
32764930
3790793966
33883884
49083649
4226741501
4293652728
286720770
339535330
3206093489
18281723
285993181
4194630870
4177861368
3856993814
286790134
4278060813
101320178
4279180808
1
65536
0
0
0
65280
255
0
0
0
0
50528768
16843009
16843009
16843009
65793
0
65280
4278255615
65535
4261346816
4278124542
65279
0
4278190080
0
65280
16843009
16842753
65537
256
33685504
16777474
131329
4294967040
4294902015
65280
65536
0
0
0
1
65537
0
0
16842752
16908544
258
1
0
0
0
4278255615
16711680
4278190335
4294967295
511
0
0
4294902015
4294901760
65280
16776960
0
0
0
0
0
0
33554432
65537
16843519
3876126973
384635180
3978362326
252782836
4043636722
4042057451
198131
4126810885
3453878792
33289725
200873993
286716170
4061336564
336070648
4242796045
15523047
4144430337
4042127858
686294524
133956391
150926334
169540344
4161275391
3770546945
4276674321
4211277311
33682934
369690877
4195294985
184418046
4244366339
3941136633
658505454
251145438
4277145604
4176472846
200730121
4110210027
234
0
4160749568
50987266
4177918200
285079290
4262194688
434963196
4045791477
353103356
521347352
3942374135
134086371
286856708
3371629044
4246278864
351209248
3589723626
116786175
16581384
4294641427
101451005
4110096647
521070834
4028300527
167571717
200672770
83621111
3220724
250620703
3908701184
521743
84081140
85062387
16055549
16380204
50792152
33424897
167252743
4161210088
920319
49554454
3837982743
32898300
251461143
134677245
32113407
51055347
3772636422
4209171158
3891461111
3974949352
636740612
3657304327
133627653
83815423
3909880314
3383685891
4277783572
4161338366
168037130
302780933
4160489236
67369723
4261481719
233305614
22155532
251209237
3590462486
3856466693
4278318090
4042189022
248
0
150667264
318831375
3876190715
4177264362
4109628931
636293659
168557545
34206706
4263917839
3708025812
3991601659
285947383
3253464818
503777741
3908431102
3519596493
4126994660
35318526
218889735
201787664
101517322
638446356
118494215
201455614
117631981
16446967
136984314
201532226
4076152306
4144429578
4076408068
152044017
4110345968
233247514
117833740
4194364928
484442622
4235014910
4294702349
3974560241
4109564435
17104631
4277994001
4077129216
4024757745
387053566
4260558603
17823994
4193649908
4076339959
3974356226
3605648572
150405357
4127784444
118428156
3452633080
67627782
4043113225
4228318202
66190593
67368729
4278646538
19413243
4091869717
72876788
264048378
4160946428
4228516106
4179040020
4294386720
27
0
184287232
83297531
4177987067
200803070
4279436304
218365189
335219468
3475314173
3859689230
4059567622
3757968878
300030458
3808560379
654174717
338297339
573773582
419560437
3993168614
3892441582
3653297658
14993376
4143192310
4110746620
67566075
184479993
4245031160
80733195
436922081
4061403672
4094222851
4127782643
150930679
552799991
269747001
4059824381
4093637882
48888063
4108906729
250866703
15734310
4107331587
201063419
252511767
34797570
4110279147
4194243540
4092783615
234418680
50989582
4278585097
1191317782
539041835
50001960
252248586
3858176777
4020686854
4076384505
4076664821
34276598
4210498293
4260301317
66125045
48955368
452065014
105716991
99613456
3910138879
4142532093
150209550
167566830
237
0
167116800
17695237
67110147
605227012
270408201
453116664
4245094422
4228119794
3608222742
4142856933
250808330
4162595103
3286632161
118360553
100535589
4143508172
167772431
218169609
395276
3992187641
4159765004
200856807
4109820892
4278514954
50195965
4093767684
35666433
3859290168
48110838
4178181650
3874354923
67569904
3944152545
805055266
4026399482
4245223408
367531248
4215674911
4126406677
470555916
133039386
83889416
34075145
3522163694
536403720
4210369567
285469170
4229236199
84542471
4177070852
604697872
4077259261
4276292600
320007694
33492476
4177070577
217901030
353763611
4126669045
66718981
4026470908
4063496485
4039575072
3940096500
270522384
4210359528
4144036084
758855703
3606442726
3672172513
225
0
3941597184
4175688439
4194691060
4009360366
4125816560
217584147
453310997
3455056628
402576122
3858376729
4178254840
251725057
3723228680
3822508285
303689976
4043183380
49083149
235668756
4176940562
571336709
85137671
3809410557
4042721746
119078905
67565285
4077124858
4109896441
134676745
4259583970
17165810
17103861
4094170878
49868273
252046314
250944500
4141689114
3841066016
180869145
17301245
859044866
52426749
4194174461
4294837268
4279503107
3895072227
67694055
3959095558
4293718007
4026402307
4277532922
4244106989
4210619392
200012779
4228115700
100797692
453446407
50664209
4194365434
16713991
4128441068
168692481
65992942
117632506
3857514253
520552698
3825927410
3926204667
149746935
839317009
623451911
14
0
218562560
17566211
4261342986
302121223
101252377
4210357279
585771773
137752834
333723953
3925343209
86770416
3959432720
3842441197
68230911
3523080197
3873227723
4076733154
3943506947
168227564
304153337
3723433204
703728367
420871228
4294445304
4026733594
319358720
117631996
3991997692
3973303554
67034091
84141832
4126998262
183039222
268968453
84016417
102039040
4261151225
4261939447
4194692858
452719342
186448652
4127262460
4143317244
335480051
3925800681
4278905578
166724873
102829074
4026535169
3958307836
3858498285
788720646
4059756053
4160883206
50007043
3991535863
4278254330
4228643068
49674494
4194376207
269090045
4294765816
4107738398
4127390703
842596878
66918941
4293721855
3907385589
3640784356
3606311900
230
0
4261740544
84147714
4143384579
33751032
4227266808
100071437
4159111422
3844142333
4093649672
554501385
289937150
251065080
3943887086
404028674
101517834
152315464
235209751
4026470402
3790467333
216329193
4243907825
4142993171
184488706
100532998
16969460
183960832
283884816
252112356
3941067273
217311450
4076207612
4277796603
100528616
402527013
33031679
4294703615
31849469
274731765
83561986
3941796624
3989898498
67438580
167642897
4228643847
149418251
369818353
16186896
133294824
4177987077
100990467
4092718341
3522610906
33228247
3992318217
268500978
3100246030
115991570
4127453440
4161340909
167448580
302914058
302182931
118235158
4025411595
910488589
349777129
3859091726
3959428094
4180544285
234365721
8
0
4143775744
101647879
4027384320
485821694
4211801613
302713596
655493944
3559459061
4096795667
3976411114
4094301674
319106819
3742959116
1225458706
3974818017
3773496047
16906722
234352119
3993505797
3838703340
4226607859
4126872097
3942057178
4294829815
50132990
4109960447
4260820487
268502539
4162195724
4009558554
4111269359
4060940534
3942321394
4261014245
116979682
4210490896
3993494799
4257469697
4177656804
168820724
4178647274
16380932
16840700
4143646203
3857904378
185403380
3975284235
116456960
255
130042
4211013110
3908632576
48754406
116516866
117044976
269679624
4177596171
4159830530
3958177002
102959606
252189977
4109240568
234418169
3993891594
353371613
17628919
3841002495
83229430
906165001
556196882
0
0
116916480
471074058
16514039
201453567
83685371
168627489
521867537
351395590
537270548
319688718
4225886213
520356350
4211671567
151062505
236457236
268498684
4060150794
4210233346
17562363
287313406
4109965060
386339339
135465004
4143590675
3874434339
83427856
4212394251
4141882118
319809021
4246018033
167440641
100860668
1656582
3926126873
4193510849
4127004419
403511559
4226483955
4027053813
3539071984
4176673248
521466
4093243116
3570341613
953945652
167323205
4261733365
118094838
150532345
168363255
34413823
116516614
369097944
67638281
31917575
388694773
66978791
4058775303
3789545204
635438081
772144178
4008507655
337248253
219870221
3773954281
652934393
220077353
134152961
3942516981
3656053251
213
0
3841327104
83561721
4144041226
117830143
135133950
387126050
52104204
4293519590
319937023
117177900
185006344
672264945
4276814356
3974423029
50653156
3909224170
83688435
33293056
116585737
168358661
4160882168
4144178435
4142989342
4042526988
3840354846
4145020421
129266
3986424830
925877250
4196612853
4126935552
135270656
301467888
252375097
4210753771
4193448441
200668929
4165612006
335478535
3974236949
4258065927
184223478
251726351
4261744394
317976833
252637180
4293194506
166388964
4161013252
4211475968
4042711044
3370184392
33557739
4159895803
34931197
3585271559
117039887
4144036085
4227991280
82839551
436996620
67693323
4160632839
4108709626
424416515
283051532
4010152451
4025486834
319694374
269884203
15
0
4260888576
219546112
4043769601
487196166
4278321928
502864887
169480512
3557299990
3676781564
3489469693
4177991156
453061142
3724676350
859306252
3740658150
3136215799
151387382
269218549
3958248198
4006597612
4227786979
3942638856
4243782362
16773876
284751087
4075814905
167771392
319034132
218767880
3977247269
3942318329
17568756
483512847
4228914134
185792045
287369984
3792172280
586868207
32701150
4143573992
4211672571
184553739
117186073
622324491
4247911921
218430181
555102495
4160816666
386338830
4279242002
4210166008
4109961738
85526786
184089072
301335565
4278519022
4127846136
235405325
17434878
3893823219
4093441253
286319857
165876027
4109762793
958593286
3992187635
4196198903
4936169
284952580
387180542
254
0
15269888
404547846
4244372979
3421698039
3435658703
151060462
67109395
4158780947
4244304886
706084103
369492771
4277527781
4278187002
286255331
4110283791
4043703810
3824416264
502200846
4227930138
4126083821
840433921
355587049
152047814
570284015
790090227
117042939
4127390459
4062245377
3840487413
65526006
588515836
32305702
3943036644
267848484
4177528325
4194757366
922550528
3997259248
3993498105
4209508855
4209635590
84148216
66782725
4076534277
4092325620
218430192
4160218375
4279237109
4076470517
4059891189
3790659053
3622498505
134019324
4144492791
4161670916
4156747246
4211864574
4161012226
67110401
200274948
318828540
168947468
18031885
149288959
3896970235
80342789
4043768057
184486414
286663706
4027193634
15
0
134217728
18086653
4210818296
268501247
394254
301332984
4193911565
3642039036
3758177800
3909155602
3757706725
334038787
3891459569
135782667
269754886
3812176938
301398262
3958308322
3841457648
3854880767
116576991
3874292736
33881073
84669186
101118704
4143516156
114871293
386594034
4226029323
4228120834
3842245113
4110354175
82770678
4027382004
84477952
2038007
4111074551
4226088714
4279238902
352780023
4162389501
4194697471
49812225
4227262718
4111466753
351413256
66851599
151063577
3942910216
4142857215
3757182438
385019390
4193846297
4195290891
33228539
286590726
4262330105
4177721859
4277602048
4143450623
437517824
67241209
285868023
4092915980
655815168
18032376
3976263389
4228643802
4043433197
17493215
238
0
33816576
50725118
185076743
134480382
4227201276
655560202
133896454
151183639
4074180068
720890621
758706680
4093312515
3322213348
4111468476
3958768127
3825140449
337385980
4111668978
4227593728
4277073409
166584823
3977381092
4227858675
720630006
419949829
117442807
47768587
4194033629
31717385
216587246
354155011
151848447
3624986100
3621132789
3808233714
149819677
352320532
3926857719
14809617
66723379
3855934995
4227397359
4177786358
168167934
3660190965
118688757
4278383093
4176671722
3941335031
3737575147
150674443
219608074
4128575214
33686279
4092860164
4294841593
4011065871
134083059
51051027
419490789
436084008
4193518091
4214301409
742264108
236071704
669906185
588707865
553775901
150991881
787164466
31
0
134676480
4143513594
4243650808
285999094
4244698389
4260960779
49091068
573310724
3776509702
4110614988
269683196
4193388538
4008702206
82185467
17702704
4143320819
303565808
136258583
51639025
270733816
3505714685
31603700
199678515
4127850222
3924363510
4244106234
187113218
17175569
4194891505
32378886
84541957
3892185594
4093243119
183827951
167446035
4009753343
4143056641
3960480000
4210553097
4294245371
270931700
101123581
4159766289
285345274
4094889720
4193980424
236257519
4280482546
4059891204
3907254270
3506831875
771092208
4260822284
4243914507
100995336
4076470273
133891851
4060085257
4210557941
4260624631
352321028
4177131769
420686833
4176674318
387709731
4126870009
3755413503
4143508219
3540320754
3891401985
244
0
458752
4210690558
16582407
4227271686
4143775749
369954055
16974845
3927576063
3906934790
4193382663
3843756268
4226424845
3621975807
200733664
219743997
540035058
286197204
3827841540
133817071
116057346
4193770977
4193328407
4142729489
4110548226
4279434745
151719660
32559366
403042757
4144039953
15856085
4262720245
4144631543
201720854
4176684272
83950612
4279172343
135990006
32894199
4009627622
4294247421
4093116929
4194960382
4076537847
387390968
4195159546
319088643
67699719
84411645
67308802
196606
65668102
4109495816
116909815
67046152
151383038
83167248
284488705
302388512
4025744900
4009489399
17295844
4060284677
4060348674
31064840
166265599
3773951232
285473278
37040624
132901117
3774540782
237
0
789381120
843587344
136004638
3842710535
66194438
66382316
537727231
3721976849
3840073202
840957407
4143053073
451341551
101255394
84869895
4043505403
233767409
3908174356
353502724
135275031
4194114032
318176990
4076867825
116720146
4010085631
4044947949
185202680
3960341231
85722363
3959618543
4110677753
302122498
67566353
520224761
3959498232
200606724
117177625
316344581
4063236363
4244046854
654640367
50660144
4227530237
3841651956
3990612208
4160282072
4262455502
4193711878
102366945
4211869703
4160357881
3908698121
33675230
4143252211
3993439227
67044355
3824746731
4244372985
150794998
336724236
85269287
4059236349
3825540839
4177000736
3805611514
387514659
4258135548
4126865908
3522162910
3958760187
4057789145
29
0
4110090240
4278189569
3892708609
67109878
118096654
4293985256
102162696
3926519554
4228780034
536944426
289148182
133038581
386598916
537919249
319548398
4194760245
4193906138
334893830
4261871887
253626899
4229170714
3707572737
401606425
3859682301
66714886
4159572993
131585802
469757666
4143445263
4227654390
4211668730
16453872
4010083810
370673667
4228054795
4278121207
471992329
3740146662
4093043709
672339971
4177656581
4176673019
4277662715
150602749
3775331321
4076139242
4226938606
84079336
4111141637
4059038210
3607103733
267451116
3974955278
4177456642
4110678514
198897
135007240
168361232
4043117555
4177387231
184096511
605739805
34418210
4026663957
3775274000
3975404316
3571712988
4176408826
3506107359
4076412392
5
0
4195024896
4093904631
116388856
135073547
4076270852
4279371268
385813265
3676116238
4158849510
4260755471
53553897
604050697
119350275
185865231
100670481
3960289848
387518462
4111732484
3705665021
4209304045
3774539505
4110299419
33882380
66711804
4228969456
4227339759
435672840
352849659
150731272
84347654
4245221108
4178445569
771693349
387969814
4227466265
4159438600
4210553848
85002246
4092660215
4210557689
353896191
4260621295
4126998526
691024129
20532988
3991873340
100859885
100269311
50330115
4025940985
4010024455
218361092
268236295
3607821027
4043641342
4042657017
4109307167
16514286
218824963
251859714
218239008
100203754
4178842866
4076145936
184808198
148895237
267385096
571800836
385739771
3825334758
2
0
134021120
4279106298
49544430
4277996035
4210360313
65599240
4077248505
4111868892
4259438603
116329725
4196137192
4108583923
17171979
4194232821
4075154161
504761339
4277923576
418778104
151324167
117113618
3976528130
4293793286
4226934786
50010384
4177068302
67370738
150729474
518780669
118945562
4092589813
84870140
4077785336
453571324
168166644
150470659
4076998681
3942253840
231662857
4279695614
571144178
355208702
3993240058
66259972
4143574784
3892309994
218366437
4245560332
4243781644
4026928396
4159440121
3841991938
469495558
33751828
251265024
133760015
520686091
17174010
117700353
4294707187
117305070
454820611
4261150732
4277269271
3992388345
890839291
4264174069
3843099130
4195416288
4160024295
17166569
232
0
50200576
67046155
16909069
50264318
84213504
385090563
68427792
4094819091
31863538
351136560
591200248
3909031678
3522686436
3959949783
3890670604
3740127186
4261346047
3912121108
34669050
100465929
4143507962
3992320252
403505950
318570231
200802847
218566158
15329034
167432137
3856854530
351389141
403171351
3907978770
4277267699
556268021
4093906192
4110487293
3739944462
4241347864
83157997
251527699
537192486
4294839306
301994007
200800010
536417819
4210756906
4261934848
216329212
4177921283
4276748552
4209838083
4060210675
4027120369
32439026
134473208
253365240
219086063
4227269904
251262734
250736344
4262129413
4294831362
166655471
3670801147
50456303
4112652778
4229825775
4079031533
4043505641
4010674665
219
0
3976200192
4008708091
132708619
4227860481
4093704715
3824481517
4225761280
118815747
552016633
3657689309
104861156
86720016
35205159
218506767
3907909115
4007591893
419365622
4246739479
4026663952
152240360
4026203140
402202624
4045010185
353238789
201650952
34470902
4228314107
4177982961
16448268
4276939773
51441647
3992846851
4457459
131534369
1043237821
240845847
1023281434
134192236
1037954073
1044701921
1066014331
174392671
1009804138
358708211
974853179
10624286
179998082
1049333821
3941600499
15470077
270265610
4030471401
102831097
3873914829
4278510309
3959547144
217712629
4226871538
450957077
135457290
3841461214
182382574
4144754411
2765819873
331814661
723837004
3707833059
132585725
3557165883
4073389310
4194491130
4261149965
4160686333
4028689647
3925612785
32834310
302518285
3859484696
4022322411
4011985864
4159176445
3992650760
4092862208
4128440590
166457330
51836417
4076147444
48896799
4042979094
470607137
3974687232
4244498182
369747971
4161790953
504032262
201124347
1088483585
3926518841
3438733784
4260303093
3404328698
3924032463
249948922
235469309
4128044038
3892108768
4228376571
4145018096
50135017
4278119399
4212401890
3941990378
216211471
4243715587
3544322251
387445210
4193385453
3959090414
3741255664
4094696418
3272408061
4242878441
4210488333
418194455
3873767932
4007654103
471067676
3741063180
3990424013
4178509566
353628641
232974628
298706204
3843346701
3857258500
3152809243
4125112353
333640786
3540775409
3977836758
4144491759
4193638923
185014581
402057708
187760109
33676248
3760318671
921829673
505535999
4142849054
15601115
3975340007
154477830
4108910596
285286929
3604286466
719783998
4260824282
96271130
626177302
4144557298
3975148543
136189204
552988913
281069580
218692610
3590055659
3943306996
4291228174
3671845893
4245421303
31646458
3572962815
3872869599
220413180
3689744938
222760924
49737991
3621838618
115667718
3773175081
418571226
637793528
4028773141
383646218
3725270023
3875672577
151056129
51318521
251132925
169022451
4026465033
233762025
3826972164
3655604202
182002453
3943883793
3726317307
4294375724
99351260
4026334969
3791709424
3737916912
4228457776
4141809209
4212784870
3171624383
3758104119
3976346334
3992533776
4095272678
33166085
3690455284
284825091
4077972442
4293790721
3909939713
4126598600
302643717
4126080976
736889592
4212065983
3367694874
4245088984
3908895708
4143246090
117770741
4043634409
268831499
3927701259
4211602162
100402946
319687683
3792109564
4207146535
3706337522
84474974
218168045
149491199
3825006147
4059426283
3923570424
4142583065
4211208422
3857526799
3958699504
3639601632
3805862111
4026197730
149882378
4109762838
234946298
4012051212
3705735153
4127649510
34198032
3841139673
3455726330
4077120521
268252163
4009296099
65986527
571930137
4227719940
16646886
185270772
3689549586
232323625
118085623
4226549750
720767728
34148389
235989752
4093583627
4259773429
270214161
3558482189
401799395
3139967427
351727885
4076144143
334102033
3858168600
3571248600
3422820312
3425058054
417919217
3993632779
4208913154
4178829529
286855681
4095088439
65804272
150932537
133691898
119402247
4110086652
4244828388
3990746102
100988384
3920437998
166644033
4292466400
1439090969
4210374173
4243518992
97660449
185922818
3959618562
83090429
50141968
167172332
537400566
218293476
873794309
172165101
4110090249
169085964
453315055
3975876353
3825061133
4241168651
3992452652
4075485177
3874554376
553241832
3972660761
169354511
3554799084
4076083393
417459203
316210423
353166876
4110752500
17422309
4128313325
168553722
4245487088
249695491
235468300
484509206
3861307907
201661703
16445679
4197058037
871828233
3909669124
50009068
4276683537
1256188913
406772744
3940223454
4159112193
4025217806
333979652
453838135
4260170520
17299461
4060352010
385680919
3774213373
3656122592
4227601672
3418614519
1007615699
4227662636
553577230
4177134332
250669849
4042914819
234226179
67436550
4044495104
4261419546
4177001979
4194829561
3337486600
1591533617
139331780
82780946
301332479
119606265
4261347099
4161210618
49804039
3741447670
4061081829
67976749
4075494434
4108976141
4058441451
287233770
370476808
50135550
3960532478
421011218
3993114134
4143451140
4142850294
3307012068
46418176
3959557155
165539851
1227614967
3976862760
4139505142
184023815
303110415
701238569
303218706
404219885
4247061469
439094286
3871475999
151710221
4210172971
3622367470
166984162
790024430
168883186
4143905792
4193188089
100331821
4076280337
4260244477
302049069
372706547
3775596800
219609058
3556245239
4077056778
386989316
4280689641
4260428543
235596040
116320998
3659451354
824047042
4160615648
48426475
217904942
4143048948
3923982098
467722536
3994284536
398788149
4177665722
672596772
3824421408
3584744966
4211491361
987659
4245156352
519375140
50916087
435548924
318700785
4160291084
98433822
152106218
84153613
317909282
738277381
3757698582
200891
4093117698
4126792919
184676057
100527600
556590061
134283267
4259514118
823518732
3974492936
383446265
4042323466
127989
134347246
605755158
202836761
235076353
186714869
4057202456
588509204
4177132799
536604450
3742825452
687020306
4010810390
855573525
4112118548
152044779
453316106
4210618636
4261414664
317655833
133294605
14802186
4277863957
4209835249
202576387
32770059
4092388080
4176604923
4193250549
468779306
3774078459
502929672
3959287324
4060930770
568922879
4278325288
591852
486672902
907933464
3956455965
3993570296
4244045827
17300980
4077985025
4260295426
4193841662
790096876
3895585543
3924230871
32042999
185007357
555686661
3457809908
3772972997
4026070757
4242398425
571335935
4261477650
118492941
100988933
4194635780
301141538
4278386187
185407225
4194764304
167444248
3234781189
687401711
4163099636
49612518
1207893024
4177916173
4009162724
15723759
470415375
3571700466
3892571627
4210429161
4243520277
4077711601
150998771
3859745017
3437357549
317720329
3741315321
150471934
4110356242
3708023531
4010224135
3942908421
4075684853
267712502
202049809
3942252536
4009367559
16256263
4263191299
66985230
3824415254
3772965854
150269421
555150864
3908497920
102177808
33034512
4059501063
4059365653
4025808641
4177919986
100664583
488431345
270928651
3995078154
201529347
3906674449
3944613894
4126353401
3992386039
4127131653
4059827196
68820204
3842567910
3991602140
4158906883
4178705396
168044308
4244633600
3977901296
133167871
3690259693
235011325
335876910
687927549
436340985
253554460
3857382141
518713585
3942250769
4242199552
3958236908
4126467812
98494455
4161200099
3789819380
4026401237
3960083739
621605378
557196046
333503763
4061073385
4092919018
501805835
3857837315
571531802
366677774
4076927480
134406145
4275960063
150728440
3959820041
383521823
4179354897
50996493
4279635438
469829385
4177856009
536608274
3976072975
4194040038
284691983
335616014
169669640
4092659711
184680955
235602705
369827846
3588799469
4143640809
253036799
4159774997
136247045
4109769473
4059820529
3941927927
4175819248
68415220
4177329918
4260887564
34670077
3858173718
201525753
3807970801
452392716
65795580
604765965
4093376291
3975742465
4161924595
4210363400
3957975804
48761079
571796499
4127192319
3822121970
16318192
101187843
4043309309
84347627
4060344069
4143115509
4075941879
4293787658
3959421663
4195220471
119209208
368377603
4094755563
134940424
330516
4244700426
51510785
3925676035
84612886
420940045
47321093
4244823314
4244118293
16382972
150207743
36634619
34017044
4143247630
184744692
3757120030
115404299
3926263540
3875995111
4027256556
252443146
168631320
217905410
217247218
4077713152
4228386019
100729343
4245618431
4277472003
470478331
3760063210
4093708002
4160681985
3807242727
15330061
351140909
4211417625
4242531847
3991810054
350547691
452464378
66512404
419164921
4058777090
4262597133
4143845628
118297094
4179425517
4176285970
755754758
3945793242
4092077323
3991138047
4294440962
4294903810
285282575
4245617176
3926784747
3944152824
4025424395
521656808
302709236
150790371
3925542159
3990417648
4179365365
319953694
3805468444
183495671
15274256
4127911665
4160357616
126964
84214785
4127326471
3960274122
3641174551
247466993
4027635482
804054789
2820737294
1185487100
136436286
688451848
4230805511
3974824172
4213110513
3671991040
852952379
4143502103
151901683
3841591544
536485411
4076531969
102568183
386469941
367974097
3893159675
31195396
588311819
436013841
804668679
3673739560
3940945395
3524397030
4109904662
3877108198
4260831502
824946413
288633301
4178315248
50462486
4110815989
3823758087
16645882
32248597
3824674319
3203136759
364771099
3975545827
83034099
4177595902
3994613224
3908374256
287047656
437520885
420089121
470213634
4059168994
285011722
4094751225
4077190872
519767036
3993832180
586746896
3992707834
4041533425
1576135733
204846056
552399591
4095271659
4226478845
50588940
3540588818
654112245
4196534777
118225162
3908763628
3390059791
564004448
4122989316
238218747
266737640
3956542504
4026066638
1041111563
4177342302
3959357158
4077727495
200408339
219809557
199757830
4177980164
168423639
1370541309
1388312405
670694714
366270972
34910694
3826260477
4174177011
184811009
1707517
574425855
3927120656
604694508
4179623656
84995564
3672501743
485952763
4025561356
501741088
3579657421
4227197451
371646665
3758168298
518988529
4261740010
4091925711
571799299
4278249490
3223646418
434395641
3944213337
49880324
553970693
385816880
4010404669
3990551281
404089625
636474387
856958481
3824347425
15396840
588647451
490739191
81723879
420737288
166464275
136038891
3574262227
4293593048
1776340479
4091546402
4128045808
4244839701
368838933
4261804544
165726438
4143774941
3539734790
31392025
3713132778
3688457927
3889029917
619246311
51700488
4127196423
368899586
150667999
201854714
135324438
4079683056
350489307
3424047299
3623224776
217386253
655024144
50058500
235005921
4143380205
4261410300
4143319553
3557290459
484240154
253700860
3454991865
4092982757
71433961
3975279372
387845381
385813522
3674923997
134348025
132705032
49542922
4277338875
4112248833
132711170
3507227381
66584052
49017567
250010648
99807735
203028231
3925211116
823401481
521604408
420149785
117439484
3706388978
603712474
4262198010
84012536
4208782067
4259697083
4210159335
469362453
117833430
4143183627
554104811
502531849
118614789
201127942
4228586216
3941336073
267841526
3960141033
132443904
118488564
3122786239
3905698293
4260753919
3675058663
4294251012
606213878
603061510
3724608806
116441586
200276213
4294445831
49542651
3672106196
4127784664
248968712
687991017
3523992575
4110874367
218763303
3941533444
302383056
2950679475
3959732397
4277399801
17953743
3572158207
215411171
184022037
4042842873
4077917674
4161075705
536415976
35256591
199224556
4009357832
1530071064
4144422134
4007722213
3861708763
3977126136
4210556908
3974557704
4126342382
3758164217
3974160865
3944608504
33362919
4126476558
3807515401
100656359
101258235
503244783
202238196
4128366605
17047299
4009492760
3994032116
166660624
4142328558
3892519672
4230690361
4144566780
386667261
3893031926
3723034329
184219637
3623943425
183959009
34273528
401340921
571146520
4110290684
3742499579
15277287
3673817610
298312957
4060530676
4161469961
267580654
3643404029
3872588030
4161864943
83555855
3809613587
48830482
335804453
4143911149
150862883
470615812
4009891840
253371138
707923233
318181374
183558659
4093902845
317320723
4061002491
83166458
438635783
3907648513
4277467113
4093375229
4262464248
4210558698
4091997683
4213047296
4127000569
4196603631
4026731010
4026530049
4177394923
166787606
4245094144
472185366
48104226
100859884
117830680
82506228
218295029
4227793676
4060809732
4262587644
115536125
4027710697
266864894
655223069
4126276846
4175228151
4040944389
134020367
4009556218
49415673
3791845380
3956927719
4109822959
68032008
251919340
3795195626
3978884834
67570420
4211147997
4245227528
3875080714
319618549
4026400520
4244046056
3959688685
4277661445
4229230053
4093049057
3909945864
3706706660
453320678
169417009
386465267
67045653
3909420290
4025753366
3841587179
4111008282
4279441916
4077459476
101386777
3875536623
218496742
4162058511
3925080354
133097724
3743094510
4077446876
4193394420
351534620
1562373
4209833706
4293060615
4260828672
4128178922
4226543068
4210038273
4174243333
3977453565
134535950
654576133
50715400
319873252
251467527
184097293
435749120
4226280734
4194700794
135199521
150982411
3473604041
4210106634
32958210
3858495211
133825267
50928895
437920260
217650206
372184060
31857164
3908762886
117901317
4143910911
4143250186
4091801857
50072064
335479815
166662634
4193382137
4210109464
386070291
67239927
16968697
169085429
4109041902
4194751224
4294901981
4278255360
249561343
637199350
17827325
16843265
33685762
4110090739
4124902909
4294967289
4278255360
116064256
656343555
20248303
16711680
65535
3423536379
3839105255
16777224
16843008
152240641
220270847
16971506
258
16777216
368240903
32175630
65820
257
3993043199
4212529648
659962
4278255360
4278190335
234943243
318767364
4278190083
0
17694720
3858042617
50067967
16843010
0
3992255477
784635
4278190313
4278255615
235273984
3993105161
18878719
16777730
1
16118019
218698002
65807
4278190337
4058054656
133887974
17499667
0
4294902015
4109692880
4194506235
16777472
1
4074438655
3993638139
4294780446
4294902015
4278255360
266403060
4193253639
4278124281
4278124286
438960127
3504733213
14876175
0
16843263
83164171
3874160142
16843252
33554689
17694721
369692155
1307384
4278190080
16776960
4195618062
4146603253
4278190339
257
319422464
4293976090
4294895844
4294967295
4294967295
85463825
116987412
10
0
83099648
4210359813
847089
257
16711680
4209901838
149350127
16843272
33554433
4128505857
151721438
16116946
4278190080
65280
4126284543
118612501
33752042
16843010
3875471360
4227790563
1250814
4294967040
4294967295
4294569701
17690877
33620471
256
354811904
521210118
17298689
16777216
16843009
4294179306
3876980481
4294967054
4294901503
4279631615
4127130617
32439806
514
1
353894392
218692366
388559336
283187738
3958432017
337232117
1122844911
3794923261
4226291711
870715916
4263106349
973855931
37619935
3977584176
703076616
119858432
4244368649
166986233
3355032510
1142037492
4243195948
4294438155
4193583627
4142922739
4043574042
4176214774
335803152
4244180207
33413877
4042926079
4178696680
4178842362
116129028
4026201074
3572031722
521211617
4178237703
3656251347
4092270323
4143051283
520423152
3255767028
4108059910
17298133
3659663634
4293592851
452320778
50139405
569110773
200725787
4261742587
4127394829
3737458716
3872905713
3674870014
4175688954
269298424
4113436180
151128558
3976859622
4209439206
388428797
4244506388
1204489238
2272544
536929234
3829072361
3724220635
81915620
4095938852
3858100708
305479152
3761698500
3859034863
3959815710
101055991
167834356
4228248830
216462058
4110488561
351927304
4077056492
437382878
417783324
352646919
4244315682
15992578
368572437
4093244958
637796379
316801299
4024373279
235404038
167437297
555417356
270795557
147982582
3960672763
4142592530
3875470578
4008771067
403442926
3340700903
285804764
4125419268
351590871
3789949956
4023639799
3705065671
234682616
116718063
434894086
185989907
4194831878
385872113
772206080
81187378
101328387
4226804769
3891006705
754052387
102232056
4193977085
401868301
3740001773
3841915866
152446490
3892320013
3859943403
3855472102
3807306460
3993966310
3591571968
4209832150
303826915
216724486
319610882
4077321998
3958577147
16385803
420610586
4025749760
4127059439
3891064812
4042390786
3874024681
537597434
3928297202
438381307
4229111035
470352899
4108847367
371192586
3994549503
4225697022
4294636036
248121632
82965004
4043310828
3722178312
3136758210
4074050043
3995531491
133967125
4293841171
436929287
4043383025
15596270
385221858
3692163309
16194043
4213110516
4194565641
253100531
4275828773
4261356048
4211143674
217776388
4142468341
185201396
51315205
51056125
4128899586
4125421307
4277001443
439810599
34350862
3405180171
1340204841
4161016831
3925147403
3960535790
4142004212
4076013298
4059494108
3909550339
3809282788
923614
4092456944
4125881596
3623418363
4177726731
4194109702
4210884344
236456197
336790505
588841249
168037860
4026271751
4127978505
4043119870
4175570434
167307508
3841981423
3706446580
4159498731
4026004488
3957912304
471720419
453250823
3957849853
4093307120
704054788
3792832555
233507543
4194434051
4294837503
4042258949
266922494
4211468021
3959748344
4293525229
3824286974
3892182260
118102285
102630664
51059215
4195477198
3993360084
251593475
3976461042
334564335
821748531
18028815
284952583
67177999
186980879
404678901
100402428
235079398
487981593
3958697750
4263317759
4194307331
303623917
2971934917
217849911
4277929470
219353877
3926980099
4176998387
269357351
3908501760
234628842
485492268
4059819511
253096472
217517039
4194231320
15660007
4229169682
4043437045
639775731
4058973941
83685872
167443445
4212530963
488312074
116863232
3976919801
3991406066
3877372434
65006298
67504142
17300226
469236730
201916948
3976262141
133624296
151186157
116724989
3910202115
137296879
4107862473
4279696880
4260761105
4261481732
737208328
4195406074
67431638
638129403
4294375429
671020549
4276617978
237694704
133762043
4063041811
3538220509
4045205470
3924425975
3220237033
4089451738
3942306815
1021444382
3710447102
3674924023
170267651
253091819
687291941
4260492055
99938560
266074112
821300767
153350932
134479616
167578375
32502029
504306195
3740668978
1406651429
706806004
69991928
4294319372
1897712
368632561
4196605158
3507237136
4075287760
3991657461
4107454169
3740521671
3875730661
4261350647
453447432
4059037471
33098001
4194440212
4024688921
3806187740
3822965206
3975672040
4180474582
419694067
4293986299
889317878
371062022
4127908626
3773167855
588122852
304614177
4024637751
150732287
4278451484
4193189642
151322867
83428612
3739749346
15463659
169350409
4160622074
304476902
3924157953
135617569
571017263
15729664
217181937
4161868270
403180024
456852216
841738997
672333088
4027650052
4026595823
3738835714
4026729464
266738183
706282529
135592945
4262591476
3890803180
4241741827
3788374535
82102274
3504137978
266662895
1177350
2632002195
3705205503
285023707
3068129499
4177271563
4294639890
150206183
252449550
4126207504
83619628
49549552
168364024
3842827264
50669334
267518979
4028361700
755954450
3961203954
4041532384
4175948010
183165671
152760042
3267241249
3977514443
50472723
3621389608
4258791947
284680946
150996727
4193318901
435539433
150602213
4093113355
116124149
789847088
70259988
551743501
4160750086
286202615
4292938265
17232896
4177654532
787153661
4177060116
68017917
32499699
4245483522
520289509
200861969
383210
4160427771
3892182543
3520729042
4158129676
83822084
4143969528
438636793
3925012498
4160939735
100203775
3809013483
3738633438
184021484
891230234
4011731020
4109496538
4009885440
4060539624
4226805994
117438964
201527060
16843776
100466182
134348285
4278321932
4076139768
117634539
302249241
4209508875
4042717422
272423720
268173317
235864327
50724110
4042254828
32891897
66778381
4111733772
82974475
3908367636
4159237610
4109755370
3740004357
4094692099
4277729012
134220038
252974099
3689809150
3991071984
301595909
4161138939
370407423
3942255094
319159287
4127261175
4093510641
193014
4211211503
4093701876
369497849
3657175063
4075025705
117179630
3976724732
3674279161
33420772
3991790597
4145157126
318181637
334821143
1024
17955073
4110159850
3959556633
3522166002
99020812
3704607450
3890730967
285608684
18086870
33882106
4076342788
4059364624
3555328240
32764161
101057039
285871117
67500319
3992053991
33159422
4176932611
4060407518
66184687
83293939
3792180742
3654809320
255652858
4126085637
66507245
3941727734
64942081
655690236
353299979
4280487179
285480200
4060553469
3810128360
66911995
67238901
302514148
4059893256
4059103743
51314416
50076177
4043901439
131261944
401992705
118687781
4177389556
637204226
32964906
4143049220
4059296495
4008963334
418646527
33436468
4160947450
235209475
4227464453
4092721392
4227462378
4277798144
4292870639
3607042082
150664434
4124704762
4228376327
350614234
4128704508
4059298069
300679147
4194427923
186785774
351869711
638250784
4076929504
839131389
85793557
569907507
4061458443
4261024762
4195164427
4277595138
51448557
4261214709
4177858016
385025031
200932871
3639730175
16581073
3472214497
555481584
220529415
4109496010
50077450
402130974
133762562
4144360959
4278978024
104667895
4127531282
3859096053
16380429
16380647
3860332558
4059957243
4058253571
34007041
637794039
151256583
285338638
635889384
34414098
3873368574
4292405232
4243058182
232647164
3925464045
4176804312
3942255084
3875015965
3723560407
81988093
4177982450
486669058
4144101628
3557044953
3706000651
4125613006
4144955110
4059434500
3924689909
50726654
84873234
3873828595
319035910
4278060583
33754099
621877526
3690008033
771483942
267452665
4244441629
4194760180
3738353603
232641494
386521081
4144494559
17497353
334888964
4291622381
554103055
4160552466
3676180973
218421456
4162980594
838274820
4077773332
266990858
4210095608
200933626
317193478
587655211
4145028875
4128650221
4224575269
3808438002
922879263
535416822
3911710458
4223464686
50723345
4042398444
118162676
301926416
3591307010
3977769204
4212587270
3806011904
3855942152
132700453
284550125
4212461057
501873174
170339095
204089104
4210678516
993853679
135005488
31318287
34271230
50194168
3726248708
3956474592
4126734593
4277532172
420610285
84412464
269822482
234694690
35196170
217784583
168235041
83496208
339009787
184552956
318948594
102639354
303225838
4191354603
3841779976
637730075
3825404413
452141310
3859150355
236969177
4063372255
198840592
337635073
871817954
1530039327
3293509788
4141672474
168092385
204938738
4009174551
4028424693
3857779684
133628956
1460853316
3977312748
4110620911
4282507743
3924561666
3642421461
529939
199036697
335411453
1512825130
3739273745
4279434757
68028390
4245160954
235673872
4192667918
32970735
233638413
4230404887
3907984578
4260947703
4145675542
605957365
4161469209
304083651
202108907
453839095
337704161
4057848845
385216765
4161735434
386602493
4111072524
168426699
101510898
151065613
3926064603
46986787
3456300801
3656387822
50056717
4263323881
167095029
4074428684
82306541
352914436
505352986
3808371447
3974760434
3941462545
3874029567
4194365935
4091870700
3776574739
386856432
267262505
404749545
555148008
4111202019
48431337
118487042
270726901
3843552760
66456576
4277394944
617871117
672526608
152499692
48357844
4146252037
604575229
4177860345
553915413
15330063
686614287
807268604
3688818193
4008964334
4041476606
4145681135
4276880924
4176358649
200005428
4163564024
186589169
176626945
354487364
3455772634
3843767529
439884487
3907258892
4211274210
452191765
521535216
3354930651
3972851746
4227002871
4092130568
4225818881
16512294
4057655778
137762831
34924003
15396326
336714967
402982390
4175684642
268901630
3990816786
153354227
4126865448
331808004
3540775426
501881082
3890481981
233375231
150790149
755636025
3792765950
4143246579
118291935
116980507
4041991145
3272469489
97583598
351990994
367915543
201586424
3591625943
403316492
34275585
4226946088
388029430
3926650606
470032401
4211803389
4279045098
972499
167058676
4126936089
4144107024
553386495
3928032747
134480368
4177985534
3991994104
504124649
4026978597
4010217454
149813509
386919399
455150868
4108434380
4144167402
4076603381
524546
4278259201
3959354873
4277208829
168750333
3473283817
4176865543
3823504124
4294437880
234946314
4059103208
4227530486
4093444604
69272834
3926787315
3840669709
4210882275
17694966
3523997179
4007526899
167571456
66321917
420084230
3993179890
4143772151
4076401641
4227465200
704763375
3979148006
655030294
4026272264
435485441
455604257
4127523311
3857117181
3890733802
4147191276
4210506250
4160355093
151192830
132581892
4115936236
15860981
4008775682
4194963447
4162330877
4025352737
4244176380
587669280
136838168
4093713391
48494608
4228257271
4278253827
4143644450
168686564
50133500
3858500356
67049234
3992519434
4093368282
4109887968
234617073
469824548
4211273978
4277994749
384825600
51640066
3738371819
3976781266
3907979761
4277666562
3888843507
65738300
687080428
4180089883
252509693
3334922781
4144825856
4109437193
4245288452
3944221697
400500238
184941836
4144296687
384570114
4061729001
186381026
17567489
49938680
3757764864
3975215366
554567147
100007416
3790989550
3841136384
267710231
250870284
4110155288
4246862078
3942194947
15730156
284357369
722010376
270602258
4144566035
4211079928
4143120122
3997966712
3854881768
400872790
4069268398
109898274
1104215916
1003381690
2160636
338830024
4051620754
3937332338
510139364
583928928
669839836
222876112
2549806894
368832022
4043244307
4194169821
3908963295
49934326
66553
3689946389
370272735
3825331981
4260492787
335608584
4160032003
4006931182
200981471
251402
4277667828
4194109695
4076798969
183561734
167710720
403702815
419501585
166853901
335804426
3775922441
4294778613
604310833
3356683485
4077836494
4011863033
4244573187
4161278725
4111077589
3928306207
4176540410
334497021
68682757
236587532
524559365
470622761
84737794
17306116
4075939552
34343157
385675802
3372873931
66375675
609098726
3476106958
3485809373
3958506517
135275825
4126801917
4008053231
3856780854
334625246
4260943127
115534301
4210287607
4260755983
301989637
16782343
3507354575
487843590
4127781615
4227001577
185072636
4092725250
4212260323
52043778
4178057489
4260432600
3980210921
267718993
184745942
167510284
4294637307
52881930
216534812
4028955372
4210291468
32437765
4194957556
4294702847
3893816272
18351360
100533490
82307073
656393
4126671360
4078243830
116652037
4008577248
4059682582
4075681783
3605459182
15006969
4178510847
4244574736
4075358687
99946504
115805207
3945335539
100472351
66522148
4043045910
269218543
705099011
584516633
120647650
33686265
519048503
4127457285
4194306295
3942581511
4076076519
3975148799
4192136669
3910328314
250210548
354815741
3976729854
3505130206
182122241
3708482297
3469930417
182106074
4110740488
4109572361
3843037460
303744530
4210885615
4060280819
101776889
991168532
4246408187
352385317
16901614
17632499
537789698
4046066171
4208263938
4276485874
3422490106
601950454
521789684
117964035
4211272416
335089177
4294583808
4126411273
3906349071
686084389
3993829378
4075948523
3960264213
49075152
4277597156
168102141
33161977
4143511811
134018814
1118734
4075882234
3908298761
82830576
3907974883
4124960752
4111336960
386208004
203494162
116510427
689390330
252507176
4127852040
200599775
419496998
3940343034
4176155107
771748139
266996498
218430481
4262590994
3895397886
4177615415
419033609
35587589
4211407593
4043508470
3927185443
114297634
302053903
3221547733
3788836849
4022598669
3994150428
3537949930
518701285
4093377782
3588311008
3640336152
4091741172
4246139118
4211612906
117508351
118225905
370541851
467594774
320600572
4076795177
4210429186
586745357
353179420
4243451169
4094304021
3488415486
250817307
3876713732
1114600
218171147
4076932351
233956091
269817080
50265347
3808822777
183888894
101578998
136254215
707076903
957025554
254081053
50075110
335938059
218956813
168105743
50467592
133439498
3773687548
4093962710
3992587751
434893827
4195285512
4109692138
3962106612
4260177643
404160267
68359417
3742098940
167451878
136451096
3941141752
3604926985
4072722415
4009474009
38814933
3973852960
234283768
4093309437
99743220
4228843530
4227337724
3926658319
4157145079
3875341847
4077264659
3590192403
3705529077
803864792
3724805123
3722979801
3925199618
4044159193
520546544
187759897
487400975
4229631486
737147893
437909779
3891922165
4192597758
401928210
4109958183
4178185216
4228713992
4244177148
383054085
84279018
198957592
316075778
4026331121
3773758230
4259179268
4144164339
4244641021
249558289
3706317586
218105831
117573119
100993288
252632075
4128237537
49489113
462069
4277867030
4076339446
4244176127
252645143
4008516090
3774015248
4126073322
4278788107
4225493263
101448436
15857150
85065711
250862043
3486711030
304543489
535959829
4140164856
215801338
4095337199
4160551421
4127390953
317851134
335475967
285666822
3794138834
185927915
4245493241
4126866691
3975149821
4025347821
4293325059
4093823963
3943638792
3978504700
620046361
4059567902
83347712
285748490
3555854080
4075890176
3889809623
300938499
154087159
4159907413
184350982
3841915906
4177068541
4059361263
4213839330
4279644166
4025547790
84675077
252187153
623709218
4013497348
3653769236
3688614603
3724089577
248571155
99808246
184221440
4045339397
132783848
52367342
100530214
149019892
33295106
168227585
4226343677
66055668
353955555
86448649
116202768
4278515194
50988035
303170595
4009235955
436399369
154537482
3907793187
4142131967
3858949862
217769468
18355439
4143780357
822278667
3825599223
3755794928
605753581
100982809
521140957
67830560
3387884254
4262000849
453706259
71556605
4246879918
184615761
286000136
3842508035
4261144804
67701491
249613837
470554627
4025018157
84346642
808182793
3906862111
4159821029
3640781259
3739283452
4074174969
66517494
219808766
3472032736
4294373349
470482698
17498622
4010332894
4294043884
3960008931
3957589985
4278515448
50993656
3978103847
3974437891
4142792468
3858292936
102438653
283643436
4192803335
33228543
4244436244
570159086
3908899594
3991794171
320464882
285806626
67503611
4261413636
49472506
4248638962
83687690
252637435
101713387
285607172
219087125
184152297
118029050
3622567927
4208977919
4243910372
4076076026
4075617264
236189445
3539278048
3723817998
4140697061
185405739
370029586
47579902
452847618
403376617
469964057
437780516
216327451
219346418
4042131727
3827045345
152570695
398090
401668349
4261611024
167971331
4007261736
938807795
4294246700
4060214281
4245951475
3472168928
940178941
4228577016
905963541
3808348313
3755553041
4210755363
4226413812
4060150519
4210552301
4043310586
3889887971
402715377
50920730
218363388
4077127921
4210622726
119798774
251589660
536209384
3823501826
4108826865
203160599
268046873
285270524
303236357
3372872693
282584570
151782376
369235753
4192792596
4043767035
4294573816
4142198007
3573674732
66714105
169147928
4211152120
4294445824
336328973
217184778
135662330
318564344
200997351
4110556941
302910453
4010742275
34994162
83429372
3927181043
18486788
4211146033
4160482306
185994224
604822538
237838328
4259705589
3858885370
888731673
403761683
3777249545
655444745
32903497
4177128972
4293126374
51511544
4261416439
352648478
4293260032
268369630
737540656
1008264192
166791221
3859876100
2766072509
3250195157
101706218
201726492
3993766696
335359759
130809
4245883644
3992849409
4193911273
3842373845
825751024
4278840569
4127064006
167379451
3908181791
4124764662
4159697637
435811323
119676942
136114701
435228185
3875996918
335810054
3657047792
588245770
1039207917
3992918316
4109627629
64010
4227796218
3842186501
504173334
34360869
369884693
149884654
168165887
403376146
4143382260
4194036219
403435487
4278648293
4278262530
3941923841
33360134
4178446334
3891201022
436475920
3704432939
386397432
4246013928
252770300
758063110
102244847
4261277179
4176541951
372638454
639441955
33093383
3406559471
3807388110
3823102452
83620083
185206283
4228187638
3810534396
16651525
149682419
503970052
3941727294
4090214637
4159700732
249694714
3993314332
3922531054
3336815832
3889881086
4024423645
4210492671
118227703
4278586638
686617878
4075868153
119668469
4160949715
4177396203
4060942853
285802744
85005065
3871989755
906435317
641284169
4227009238
270339871
403827194
4060148715
200539892
3959107317
4210489109
605882656
3605076970
133237518
4227919115
3840873965
384763940
117896937
4161404416
4293133053
198406
4194108928
4211471909
4261475808
4107986437
3505249766
4177061348
4142331663
127984
336197629
102307580
806934794
118749390
437255177
4261355279
4028101395
215738332
3927376380
3673951970
66445581
4042519305
149361648
201783837
3812948210
135466260
4059437819
32500988
4160095486
99745790
3940467933
185727732
3758562311
3589809677
3335522017
82836240
99683842
2646209733
3921332177
1090380529
774700389
4023387902
3486837498
3908295885
4261149181
738064128
889529639
153285896
284818946
4245550067
252839680
50068474
132839928
32241634
4278321640
4226617619
3738031116
252312825
1142561544
68687680
221843464
4209250554
469902335
319227135
285157424
169020166
4210229751
4176743167
385480203
637078034
3790525416
134150389
202505734
525575
4211343863
3975803625
4144428294
50262798
452261109
4161146674
4262138112
168034824
268569629
3622563829
369753368
4157275386
4109893082
252904447
4228121594
3792706539
365950718
4062175992
4294905839
669970969
186174974
519706850
3523675630
168776236
387252969
169874679
185598978
4160422920
215864304
168543459
218232325
3996642567
268166838
286519812
4261477343
3741761239
506002164
217699055
4126343128
4228724029
4140172030
4042779106
167973878
4177335046
3925266388
118952180
101126665
4261871344
3941856776
250677003
3754230031
3117994962
3741386234
3943098329
538579205
218688241
807275521
166721313
251524096
16179203
401927452
4010606858
134738167
237580291
4194569216
4110284281
286386671
3724996849
4277076978
134872313
1444091
133560064
151582211
150665203
283642136
286735374
524105007
4126356768
4278650363
4260957442
135520505
4210493939
4079816454
3890739973
3975745720
4158707970
4095149047
218438372
352971237
4078232831
218897379
3490052860
3839164129
50856711
269221861
4261597652
4211211754
4194365924
3975805434
83299312
236068908
3810391804
4294902001
4145870870
318974478
383045902
4028497934
606274065
251327508
3976982012
118362333
3724732679
333570013
118753553
3943041787
84280067
436803344
236912419
552342033
3975814170
4228056588
4076405248
3840209397
14670353
316474607
3538873075
3872975075
118097179
3906930177
184615670
501675788
34139145
4209898001
217767428
4278185218
167902970
50791933
118162438
351534599
453771045
134543112
403836410
4228842760
4261478649
201587719
300749318
537527582
67769356
251265288
33222137
320278778
790776
17104127
134154754
3658155206
4127516393
3892252384
4008503538
4278381291
84804082
4111469275
4259585546
4007844105
454749642
3793027057
468446690
3992913177
202168815
68094979
201723147
235867665
4110881792
535032847
977730842
235673619
270140173
151458303
151847424
3708098559
721224186
874773045
333317621
201783552
437257212
4211017718
33165334
4110545140
4076796651
118160627
268572166
3994351090
4260829436
101252103
100402688
3655202049
284421876
19142674
3991214089
3741045755
653718292
4095271659
4228185052
4111465985
3992323085
185269485
1578481
100140553
4042317571
4177853683
184553224
4226222852
113293812
101766358
202449693
84151324
4177462014
33753087
4209965293
705363210
167313944
586287901
235857945
4077130242
4127261711
4126211573
50329078
4178378471
133563144
4009555195
4228451086
3824811778
3992320482
4023443948
117899502
807013658
4130015494
419829764
4176863498
4278322158
4176081677
67496970
4211803378
100337149
234812433
4243913236
3991075566
3724535790
4075678977
4007386045
3640132065
4029227274
570826740
406139441
485491432
85527107
4196412878
3944693569
32694508
184153891
4294177537
251526155
18419946
82632689
251194379
353635576
318175745
3956996352
505345281
4214435316
3638892293
3772640494
268381192
3686459940
4278001127
4026340621
4278449944
3825268225
4193782530
200480038
82437390
4227533315
268828691
4026144516
369304082
4125962028
3521969109
4276485623
4042851068
4142856696
136317707
421338393
4076267036
3690063336
100465133
83030021
35263221
252315657
52038409
81982222
187356407
387710447
4229764334
3858898195
821370401
137159194
4126675191
302185235
32701699
3789353715
36841953
237384742
150735863
502589980
170196207
118873844
4194632445
316985861
4263761891
3374853625
3021684217
3704704260
4093113320
1181456
3201496007
4124767934
3972918003
384291312
3807180053
4196795109
134548212
134748164
3975081224
185928957
52241172
268371457
268634136
269940219
4211415802
170131467
856694284
3541897529
66521875
4075030794
252044586
236730883
4093571862
4008768493
4112576754
149882610
133367810
4126013706
4294311949
4210422276
67371251
34203664
852721
50926600
101191171
134484218
17564670
185208579
3925739497
183373576
84018437
3891062261
16837606
336529919
4279241218
50533128
588849936
1106188524
655887952
4093513506
3808951057
4193788415
4076797958
3875997996
4244365806
117241845
417525760
4177980923
3236619267
4276159708
4160613908
4228643836
82572266
50658816
4092786437
4129423840
183775262
672596736
4261541354
824637944
4244175895
3217413326
3924294317
755761983
383971342
4277065475
4061858521
4161478390
285936910
4026009086
3992058093
3421442009
32503036
354544863
3757635314
4110089952
4160223996
451672052
455609088
3924492792
621225270
203505189
133496858
4123325471
3774616284
4294964987
251264740
3909218046
200935165
471338280
3956868104
4110022142
4092922093
3777626124
268581664
4209521390
285404655
4294837754
4261414401
4110223106
537534496
49217305
586665192
3491554770
4144304599
4126407149
151456765
67048964
622525961
3558414040
421992195
371523596
4009179398
4125095932
83094009
3659073258
3874414308
3740481013
318629869
19925242
384310007
837948983
4243454537
4076534523
4192925938
4194500593
335214335
3873630440
3758415344
4276948979
838990319
3218798843
3955948506
15461624
3455201521
3823175911
3755593966
1005587936
150209104
1204732127
4261205239
4210361083
571075825
1025828871
489227794
822542877
368964134
4262461981
4177925888
470875667
3338998774
4041536764
4263055117
3270127060
419891485
117439491
4227922185
267645443
4144689910
519690
3689878285
83491573
17296912
4092654056
4210814711
17171449
3790210276
4161397231
252708364
35400219
66980353
151587340
4077592847
386270492
4260026116
3822318553
4227384305
17693178
4109044483
34272489
4093442822
1387546
3538154242
3823827696
3808425482
4175293916
605151980
287320545
317526051
3908167662
4040810261
3369393859
3336230644
4008049657
4125938131
135137530
34146036
4294642446
3959226106
3758290180
31128298
434242822
3776314364
386413093
253890547
452473388
4196857352
3939954641
269621778
3201109983
3521252374
520490530
200612901
3959556357
4294246411
4042455035
3923634678
3977052143
4060548104
4093510366
133429514
99543286
3976069679
4192078622
773464074
4010676510
4112968704
4076667619
52624918
353958885
3893950458
79557099
2691832
183310354
453104923
101257233
4228515582
34406141
3694729220
401284613
556339981
117777167
117964031
4278716164
3957782766
4210880259
4076469745
335749657
167770390
51244271
4243919591
4109633559
117243638
312725504
4043168758
4077529307
3756712710
1026954220
220992782
136458046
925233409
3942843420
3422612196
3586311632
3722952908
4026077142
267913232
67564043
99546093
100472583
4262203652
4275299039
1310995008
3553748042
904190225
420487733
165408019
4107790059
133229834
3385322525
3607293173
3587957453
18085404
271076906
4259717677
4213245176
4110488318
3322024919
3789422562
3744406504
3859747801
185206744
4244177668
3556174572
4277202666
3840208367
3738041318
266331162
65673729
339472663
3959098068
199360019
4025677844
354742541
388179471
66912767
3822977526
4144235251
234094343
4126996481
316599570
66580751
4193837567
324603
4278647027
202243585
49279490
3874617330
589032165
3859285494
68282090
100990720
34733301
100928010
150534147
204016912
4109706006
396535
116589575
4108109560
3621180679
251399160
184293906
3825072622
3893825750
3959367667
739183337
36513279
369104645
34341391
4126670341
83823631
4025943552
3794798349
4074975229
4260040693
384961567
4024446214
3589331171
250801884
471668261
49932815
3587753443
3302151373
4292534735
4140290522
4211212772
203431675
3775468072
4243660264
235273734
4010024697
4224327210
50592262
150932997
4160754451
386142230
4293596696
3824935889
149546986
3977772017
4277806580
118624537
152440838
4093967102
4091535142
100924911
655484675
4263315471
4261674748
50919675
422657529
3995611169
17050915
101776129
118751470
67503107
268567051
4092066550
17364733
118354416
3757299148
368567001
237435136
134611183
4042656008
4261284094
4294377200
454804999
269291220
4226934758
4125621766
536139267
216913365
404095771
556471552
235013905
4259177212
4007986691
217913870
67893518
251987718
335871243
67764228
151191052
85992182
35843055
286259436
4095286000
31781659
589102345
17178170
4243398939
435296824
3654344694
503566061
706025486
3559853568
200738542
504300554
4194630667
151320053
4195222016
352847086
117175051
4193979893
4143973390
3873370861
4195023817
3992789519
3572101361
3589014480
572462331
4262527506
4060871664
503905011
4294187004
4279245565
385161754
200940343
15461870
4211738359
151517957
490477806
3808497663
196577
134348557
117045757
460033
66913037
4144102903
65999354
520613149
672790764
184359442
117440265
4262459628
235342327
352322828
3744206876
3688034536
4045087166
333906468
3592420602
4260103888
4294113756
202046971
4225687285
182778388
702743305
504568118
572148009
3908497455
4243914232
335150337
4260688129
370016760
4157729508
958329830
83498014
4060534000
202239504
3689098238
4276875552
824381196
4146012949
4292537861
4044214247
3303139783
448788256
4093566983
3975479794
99813380
218625287
3926857198
4060283909
989721873
101186821
184878077
3860794377
251798237
187173360
3857373690
302510066
3959949015
400364576
301796113
4193322494
4161600518
4059298277
350810598
453383462
3958436352
4261674243
4294641153
521932810
3724536042
4177585620
199655
4195030535
4143513087
4210816763
4159897349
4109831163
82371828
466407393
268293626
303105031
4243849490
4227924744
3975085049
354549008
4109426702
4093583309
4027910683
168561669
4092061661
4143709178
4261081060
135730685
352647959
317855247
352049940
3859866074
4127593956
4294244352
4093837824
3890677489
4092323832
754456891
337710864
84143127
584254449
402913058
3973705238
419102217
622919964
289090567
1039977716
708443630
587858141
4060287212
4210958624
167837957
3792568571
519778320
4196335629
4246479893
68557326
4278323190
217970696
4123984142
219804935
555361564
4264161777
217515244
635826475
136444916
4160295929
15071739
4161729784
4109042421
48039154
4260231435
49856774
4009425901
217580284
4009358859
4192474352
118414334
287183618
4278845695
4261282306
4227532541
3958894825
486538743
202433309
738996985
4109383509
16908288
33157121
4127589119
3656514554
3386042607
3603035341
4278182672
102835974
151656739
4126932487
236391122
4228834042
4161409762
130058
51189240
4041017339
4043767786
4294771957
3975933425
4193583099
4194170098
4075678971
4227524633
420737234
4040824595
352132893
4160556547
3942654467
3355710488
433598973
1379006275
301599262
3976975307
4127520464
654308829
4244443916
470873603
3944096011
502467348
540008205
3977578747
220137961
67372298
4210359301
4077316863
4093515730
184741367
806488863
301275934
33033757
116590353
184943626
336199452
33420799
1093537791
453844750
3791717125
4041862620
168494596
335613462
453840899
3823888094
4061321446
117310711
4227070711
4143513860
4261412091
69346308
335877405
3923901703
804194577
117966115
4093245698
67047425
203357693
4278720517
116192781
3808425984
4058441962
65400308
4211005674
16780261
150405640
4127851278
4278057457
302258411
384776537
875558943
723200562
168567770
134745359
4159832321
116591114
4194102526
4195749363
3958495456
3873570278
267445504
4278131721
52433923
169624368
186120976
3607761888
535104251
355660301
4243782897
3504393689
4126795212
4194566402
4127065849
921761546
540342795
4009820914
32570627
135396850
116786428
185990651
369159901
53668335
116067091
3993893858
166453999
4009373187
184815105
185143314
98107903
555027989
168166670
50854644
270142445
16844799
4161208334
402980080
4229294849
151589104
4277071105
83424500
50202630
4126277124
134875873
267457816
18353395
150138861
505277963
286853146
50860294
201522950
286003461
249296118
962637047
186185264
300687147
873659653
4261281327
232381895
4227919336
3844021502
417259263
4051454
3569992684
3889361135
4209895386
4009028355
300284926
4263051272
51318775
706157053
357111544
151063586
32904951
1445723682
540680253
3588162046
148907013
4127650037
719319045
3288185297
589236431
1157427195
284757783
269550341
4061725160
4176539619
49802223
3993633258
217974308
3958370596
66582268
3808819955
401146648
67569116
4277536524
84342775
4228252415
501748534
488308447
169480447
656541962
4228977159
4026857977
421658616
401875481
4143774972
4142597888
83428101
302050300
3858362116
4160555231
217646331
33881861
4194172666
367848223
555413240
4092011511
4259109887
3993565672
3991866861
486278931
135197183
488577022
3992716021
3436702701
4008643560
4260689927
488316678
119472149
200872154
154462431
3843434219
470221358
4110550779
3640006674
3742767118
4227148562
4060742135
4194240005
16772858
4260690184
4180678901
3454265078
907396333
486272234
4228371710
4242466801
137289959
3170806468
3856535489
4159561206
571144202
4108848115
3857842954
85193945
4109109495
3910198005
3941983212
4194240743
4293849559
4160617724
4127526382
4245620477
269292824
4176337660
4176740589
3454067391
3721518056
133892640
4026067428
973138444
217836560
673445379
3959426763
4061792246
285863922
3991793429
100794633
4211342584
16314368
3809471703
152248575
555742739
4280427504
65532
33751292
4059815915
4075221221
4158782460
3858758645
4109693973
118491883
4143585551
571734268
3808299523
382792247
368048374
3540716830
4008182802
299834880
401204767
252374280
773979405
170138388
4061536517
4176292895
164825363
371002116
4160944701
4109761258
4260493310
3907845623
4125944579
3421505800
147276792
3908363586
871105801
3808108333
3167814396
99084507
3572428527
3435913701
3772307218
199484916
621328393
186060036
4177392375
420743428
117448193
3956541952
454558975
4110674412
53139925
218298351
218429180
32374016
318700033
4227529453
84073968
707068651
3923303915
587730951
67767575
4212005627
67378966
4128379647
3876716033
66063078
167903267
4161734138
150932483
351666447
153089540
438441208
66848009
4243910141
4109696767
4126801653
4210753529
51444201
4160294913
216919815
284942567
236064022
49935619
4161075445
4260559876
3689802704
3571250415
68360434
4160423938
504508698
372581398
4092726023
570762249
756680744
218035965
4244178426
4041342471
3671642087
3975016947
3976397294
49286164
3925082111
4192925674
4177139727
18547962
4093513973
3692305922
4142330857
335549690
302643482
152365325
1007677735
117844230
3570859525
404503599
4008640032
201643985
252118539
118886662
4076074738
435737084
133826558
202043384
4042190588
83032316
4262394363
3807247337
118692615
4144895514
3570927340
4043435495
4260957413
3824220191
4194901266
283515132
370413561
4261870857
236064263
4279959280
32569088
4127257338
3622496756
4226090222
100928523
4142723334
4261872905
4194173689
4294377726
32831989
4294246151
3789093636
803737644
4210562352
235867136
100994297
4227000318
4060282356
3942253015
4126347019
50790897
4227923952
221117951
4294253577
3992190447
16113628
337185792
639171827
3876459245
48166361
113701149
84078345
4076402196
4226413039
722950
66821
3927174631
135588304
3922724852
16377585
736959231
741792263
505022941
67432465
369623563
3859231476
286001915
3890871827
4198772241
4193390116
167772431
4059623680
4210696209
4294642209
4112588793
3961072656
302645975
150468108
486604281
4193977879
132707055
84541940
438318340
3942053110
4211472110
4244441582
4025804264
3473212896
4176349450
51776517
150863611
3622829056
50659590
4243985411
606208269
3591176945
569564618
4211861771
4277733121
16648197
4159829502
3910075354
4110881790
387184893
135537168
51176181
201595911
151846930
83492621
4226737934
823613219
269614154
4008507613
4243647981
4076603396
286330102
4264235285
4126537215
4228126458
4142916570
3874873060
3724875994
4124125200
50060541
184349710
4026990844
3858424543
4294578156
233633267
369625367
421402879
3488223726
32368368
83094536
3289251350
3705217241
3724156392
285536248
3526424255
690752217
4182585114
100529130
4076468208
3790467570
4026003177
3790863851
133038608
4261736437
49872111
101386240
4060542462
49416959
32964852
1630460
3253732053
50664224
4278053886
420479746
84342527
50855155
4060418044
199752451
3909033737
384430353
34274308
4245029880
4126151429
4109036024
470345709
472322071
4076867859
268369923
84541964
117570060
4244437242
3876396018
4210954006
3992252405
4260426498
32961526
17692663
4262072829
4110416892
454037008
185665577
4161208827
435950342
66971925
231986122
201200401
67502335
4227007742
368641285
926553619
841428003
4227328265
4278517753
101255159
4110876414
3874820079
337383672
319629099
4059027954
31001861
4111194631
133034770
269881882
3876586232
4090230781
4027382772
183501572
251325962
420215548
437852184
472851723
185474586
4228967150
3823564012
387711755
69073918
4177591284
199425
17366021
201720055
3522692344
3989441506
4075415830
1005805877
940143190
57214120
42229280
202995643
1035406163
1070991368
984608765
828113717
105288246
860193269
362778751
1012113886
89125597
1044048523
199392804
4127261985
3807111658
3137398785
4013707199
4193472757
1635589
416480488
168746240
388043263
100397839
3691980778
3991726884
4042520568
100736270
101323792
3892308977
3857786865
3604219914
470414604
1574401
3842570740
4008898528
67443708
4126867193
4077323508
16779000
4144172803
4262201335
1507305
401867803
4242413380
270594813
4243987459
3959483124
3840138468
787152
4193251551
4178050809
101320192
3992455700
17302809
4177593842
184025859
4043572232
4193783803
200476927
321058313
4276160524
4176014095
33222643
152435701
3960540148
4026268135
4042848488
184672542
117897708
3942839794
3943900161
4042791943
4293719319
4110085877
4194571544
4225698340
4092983035
4193452536
3790400253
250414596
3975942148
65663214
16575722
4042847491
4109827303
737480978
3857905152
4193708802
300407021
4111666167
586024709
3505449209
3924235013
50333716
4025478115
4227395827
4194044660
150074629
3825202956
249953545
4142591491
3860460039
3756591329
133495587
367003883
638443556
4224178154
50981860
3688625405
334950913
3522359319
169016284
3861122562
4094684393
4093375966
4143062783
4059295513
470749691
4093708540
4110417382
166136327
469370345
4078174728
3925207796
4143272192
4126601732
4143390192
620239670
3744469477
3506047719
4262071828
4109049099
166981127
16513768
4008515589
65922816
4193648892
202774536
907994646
3959491068
49151225
4007844877
3758617830
4143902173
4041735671
352578819
3773291763
3823756238
217123324
4261210360
66321146
351133942
4278051573
285468418
4228783108
3757771248
403374345
504566014
3808349687
3893299946
4128572140
4025683180
251792406
83758095
134871821
3977181681
288554769
3674614504
3825734659
4091950088
4143181087
3959357954
4143838182
4243848963
4261870845
183296507
115732977
3974822136
3891980544
51639271
4011665131
50858004
3876909036
4226090483
3419990522
386147069
4093109734
400400
235207678
303633662
218429435
101913871
218167073
4160421608
3892244986
4160284111
4125883393
4176146413
4059490029
4210420460
4246135005
4076733159
4044236017
4294316839
387844083
284423397
4261676314
4160943849
4244569840
269941499
236786438
703984391
50726153
4210813473
521929720
3909811439
4227534595
4160025833
4194039035
4143580164
3992054762
4227395302
33485810
987894
3908176658
720957682
4012507633
18210022
4179043579
3521112782
888006637
50129188
4028512817
118673356
3572430570
216130279
100269584
3843226603
4026857715
4109432070
4177588968
302185470
421267211
686753775
136972285
3943231472
384890377
3774599161
736581101
434048270
3810127587
133238782
4127392029
585500422
4076411422
183823111
51384560
4060087807
437779946
300935931
4227590390
4293454368
4010606293
3756846602
3589273297
4210227692
3389256675
3840864253
4091620849
386003992
4278842924
3840861419
4059434507
618658047
3958504434
4177589235
4227732473
149943808
217385743
101317634
220077062
51842561
4293787921
3554599908
3942239707
621949166
4127393537
282847753
3909093641
4125681701
335216120
3892307716
4110224354
151325972
404090889
3541171964
236844772
135724807
385883393
3942184717
3858434787
4259766790
30673704
3875666711
3958901262
33486093
34468098
384761566
354683158
4244569348
354411258
4263440089
3723037935
3792438809
4228517119
620240163
4126667003
4126930942
4160293138
119411232
3690993135
3976332538
119015428
3957851395
46981388
4261404653
3873840893
49542909
387320859
3704811760
4227066576
4027714832
4009685995
4093119458
3877375481
4026137588
136434
152446981
4279108881
4229241601
4143845366
49541373
84084739
3944813063
3957068808
4210094090
4262465556
4246930675
83950861
328693
3991470841
118228976
302257669
102045455
4262074620
468182518
453769245
386331662
117771260
3943889410
4109639672
100069153
4160231685
82967060
434964220
351928863
3841194740
33096956
85851395
215809548
67884010
4294833398
218173699
3874490643
99479009
301459503
403242483
218360066
404889372
3873038319
4261801718
168497152
4177525507
50920945
268959223
67370743
4059431163
4210683606
3944622084
4059355877
100069615
352449769
304422918
4009291747
151715589
4077258250
148495873
3809544185
168157145
336267011
3792516881
3235332148
4211875541
3574207985
83876562
4044697050
501479431
4193718553
167186452
32254982
4075225900
4210095854
267450362
3943489534
3906934769
3789814293
4209700870
4243846652
388574988
233516338
15328789
604828161
284889114
521015833
386333980
251263763
116977424
167179241
3976137983
167374324
133692143
3789874418
502457373
70460715
267525
16385291
4278777567
4129353696
318499329
66972901
66254346
319881996
16720891
3909288425
3858500337
68157683
4228643067
354094838
4211605257
4194628081
4178184951
184286967
4244244748
588384012
317985063
185661957
4243650560
201844198
4261548294
4227531005
4278189569
487189507
3877375735
4127719931
167121161
135135754
319559436
4076667663
4159897851
3841851905
520025091
3840597776
4246277392
117048830
135077125
4260290528
118230543
3926198267
300415737
67633428
4194170621
3975742725
4227069173
153360884
3859423739
16970510
387451651
4263254285
738204960
4227651366
4143317251
4093439727
3790859754
4243190763
168165125
118096400
4061862923
15796993
152174335
4211342851
4059560950
4177659136
218365212
4008841219
4227070202
4009621769
4159240439
233891851
4009426168
4159765748
4076928257
4094562311
219345147
4177596920
234880263
4244375313
4092784126
301532697
4160876290
4059628004
150469636
4228383229
84081653
4110089460
4193454333
3909223921
4278782224
4210822405
84872446
67570683
4193915673
4227262967
234879214
436670503
3993107703
4092984561
4093113844
3993378296
368309778
3873637353
202113001
301397236
387382288
4243716110
4042255340
4243720180
3218147848
4109568013
168179486
67043335
134478588
4142854668
233101838
33616632
50792195
148113925
403103515
4211082756
150009351
4127452907
285663984
251790073
135466500
50991882
4144166402
201920256
151979020
84082174
200933632
3993293040
3942321124
4043107825
118027499
236652293
4228255493
3958436098
4092851942
4042191096
117116676
3570455571
4228125186
4227658494
3740462325
401277180
32571924
169015050
151196923
151391237
3874416387
251329301
252051978
65923091
202309895
3974761741
4160876019
3839352537
4261021686
184356108
48826133
3857187593
3960343283
4092796935
251456793
4078045677
4260105988
100657396
16710913
3975411953
4176672243
85332979
368443667
4278123007
50461192
4211015164
4227988715
4143446537
4026075912
4194692080
4278324724
150140420
4026859785
4109434864
118030873
260087
151584767
100267273
17758198
134807293
4110811127
319947005
85005823
4111146771
133296382
320209154
34804206
569909801
51051280
4260958966
17958154
369827619
3977252639
4277664256
4127457520
4093970688
234225418
3809150453
4109569523
4025546497
4111404264
4025883404
250671886
51772147
4110747390
4228839410
117769458
50267908
17038857
4209831671
587658740
119149332
4226411534
4028111081
150274827
203431942
4278186761
4161666553
170660591
4025158637
184020223
102692604
65271284
4008377352
50856690
4077326859
387068
3824811000
49343988
4244893710
116063213
101579259
33944814
3927905551
3840275212
66568155
33090320
235400943
4261281270
33358342
33619966
522585349
4243319056
83227903
3724086019
3824219614
4040880120
4176875515
4259900938
4159829739
4078368743
4143650027
552793342
369291542
4078758393
4242275552
251785477
4144035069
4093314056
133167607
4127392012
3976069894
4042254060
4228185844
3957714690
4226412794
130301
4095281423
470942964
4144439317
317785108
4143246859
67636724
4043966740
200610068
4228314114
253504029
519892495
3926266876
149878019
454754314
368246328
3858950900
3925077237
3656780518
101248236
186331151
3976989655
4043047927
19207163
3991996932
906430986
3960737071
283644673
685771555
185519385
99342806
502992116
334492719
4195604727
4158654963
4210162150
623184131
4007657701
116788483
200927260
184549101
237247015
4210821627
167182355
4245677829
403380213
501013718
132582440
4177720292
83691027
4092399911
4161865194
401939744
116583432
3892513544
82508299
84076280
4075417845
368630012
4176872182
16777731
3875470071
4176869873
4227791352
3774613470
367330828
320342047
3959224833
4161731323
4227603463
232973571
4245287430
4126861807
3322351846
3990814453
3792833511
4075950602
469630200
3706973404
4192403207
302253320
4225496345
469297925
33293067
4075611403
368046327
3993964563
33560825
4143841025
403962107
4010149122
117374445
670969114
4227463938
303168241
14490134
3254707647
369181984
184157463
3861847754
3689086701
116845565
4110611166
185603348
3808034063
4025219561
4210093550
3858293992
484967156
504709696
3873044707
235269648
569119999
3775645674
1212752598
3590910682
117499875
219683333
50068726
4109566981
33229315
15658229
201591823
3873432049
4109761033
252115244
201722592
3876584413
51767269
17769459
284891117
903810581
875878932
4247521757
81456114
522117888
4261021192
3975740927
4227267309
65664256
187232763
4111668989
32902116
4077390319
202697977
235074556
68425473
4142725117
4026658808
234486250
4280087543
469637099
3944479495
4293463023
3557303550
3905885218
319097290
4179300614
3673160685
4294181092
83160819
4009359101
369681664
269482734
2226427
3978296045
4090941952
66448624
151650815
4043636745
536869385
4062055964
4158590203
116589092
133619710
4060615406
4227071245
67832315
3977580555
4126343675
401727752
317191698
3791384314
402455263
403445515
284688918
4194173204
250411281
3708355832
4193384439
150535934
4025806062
4210225655
3845797099
3757170660
3990815214
285865485
119214601
3773690641
4026335233
4043241452
4076473081
33748489
16778991
4260952322
4027254283
4076209409
83164141
4210880236
4261737210
51841286
4128113902
352845827
4278647560
150340093
4277726472
369160187
4044687855
4028106210
268897778
4214291988
4195028471
3975677417
317390073
3892314640
4008837873
201653764
353899785
3705267734
3907047904
387244520
134283011
152961023
33489915
318758917
167642903
4111268588
4108903173
319751906
4025942571
32703222
168689921
386270700
3943299838
4093838332
3958045433
4278974964
3908566528
605294849
4061269247
4191806945
4009234189
4110807038
3840599515
353047786
3671515457
128715
4092865303
4025674219
4110879751
4158655472
4146006041
4278581996
4293269010
268761359
185271779
153287683
4294507018
4078113538
3874811913
4161008876
3877441789
201324787
4246080502
3639744258
4260297436
3925078502
4142197496
4160615957
4209566722
4110155778
150536196
4077460745
4059234068
4059625964
3757963763
4243324180
3957261324
4227730680
4143516685
4226935808
3672703206
3673025291
4263117279
3992585205
568655095
3757374196
4041541119
3992646650
136314096
51190281
4110545452
3839438833
4178244312
4147263497
3791315931
18156792
4061007621
4244698098
16318199
4045602563
4227922679
4160223231
4194502388
67043839
68160523
3824685050
50791682
3757308919
151460125
4161011962
4126805760
49019649
83686397
370809856
16777201
268832777
3942315012
3924489721
4008043749
3956922609
100985832
3875593448
3875144928
3911122958
34410475
201129970
4094100476
4279106553
184159739
4077519875
16512742
151127048
3959750626
4260623870
3924821492
201326084
571798775
169480203
486675215
284891941
554694686
4093379059
68355855
454296317
4110749428
4126473472
67695609
3992849144
4193256176
4210747403
301195505
4228185854
237770744
136055811
4010014702
4009627114
4360
151782404
67632906
66647546
4261281025
184484596
3893100282
4177457377
251921164
185074944
4262201597
4227466744
4076996082
4042067457
16183033
17368862
268105193
4279044870
150334719
4008900615
4126534389
3960929525
4160289262
4126473212
4194368250
4209639417
217835242
3925738474
4025345493
317582599
220069126
219031041
3991919596
3758619633
4076527575
184151543
50263792
4143572976
185008364
4227598585
3943299853
268696051
234352396
51833582
4261680381
4092787952
3655854064
3941661161
4044757484
218500587
4244571404
435356935
167508775
387249683
3960079866
235079683
335869443
100663570
3858825979
219025126
4178840583
3924886782
167248119
385479171
4277017122
117700360
336130577
4145417215
150799626
99610867
150863885
66448113
452917485
17952492
3825007851
4008306931
470017019
117115892
3909419011
4293201666
4278775313
4226941925
133624063
4262860523
328926
4145225221
4211406578
4177593852
402195456
521271853
67236090
83690501
150009607
4062247916
3975286508
3992524033
4027383556
4243920629
284752671
4127581936
4076015098
3940671746
119213575
4246273526
4127451121
66388977
3991928574
4244570867
50073363
100533754
202245378
3959818479
4042916086
3773955067
4126073565
4161671410
3975610609
4243520776
4159309055
4193642999
67377676
4277474058
50330394
4211539708
4110026748
4177393909
4210424819
32830201
4093044729
353044997
4026793726
4126347247
216920064
4278382841
4109629688
4041928941
132589841
4279301380
3907512049
334166521
4262326819
133699072
4211474714
4143714299
3925013001
4160487923
33688824
117567728
151847934
4176999688
352453381
217905161
3976268290
82839327
4228445180
50530550
3773820383
16510698
118362619
4144233739
4009622510
4142198529
197656
3891138807
4227069188
100599283
4195086076
4042261234
4210881789
134156031
4144893172
336398325
152632077
4076014843
3489989624
4293724909
455932173
636549885
34008306
3891395055
167905288
4095017198
336206617
4278582797
4093176557
4025482476
4276941571
4175561459
3925739781
527617
4077522689
351864564
4124898056
114804221
68945631
201126892
3925865988
4227004908
4144295921
134608372
118093816
4177853427
67243261
4009229571
234290689
3875144450
165872386
4127786227
4245229065
151000845
3993106171
33620724
4043572230
250612218
82770728
4043375601
201001510
4261803519
4245161201
4176928727
69267954
66583828
33750520
217778717
4094099696
3824421916
4143382517
4211276026
4092332310
4277075979
16384278
201583103
3856076534
4277463535
17826817
33094660
150661892
3893561070
251002116
183305972
386070540
369094129
3959354898
233574671
4260830236
453181197
52828674
185205518
3957645310
3925141474
85587444
3924556540
4292338935
403633406
3590846707
4279114518
3755342877
4242794455
387124757
336068100
3991733785
134215159
4144630007
100993039
133498373
118158607
4195088126
4093709303
4025686023
4278255870
4177663510
4177330934
3941268474
134349579
148706833
116713745
4246539806
201255156
4127456776
3957518830
33617135
3857838583
3958773745
687270696
4128511991
4026465021
4211476480
3674409971
114231824
438360328
4059626488
3977442806
3808360673
185336284
201456385
4176281590
421397521
202511113
34473476
3892187113
119211515
4026204936
4160164068
168097024
116787475
36510936
351929336
3739747589
3924817892
269621778
184286734
387977234
50800166
118484746
4076144369
3993893094
303363588
3959745543
570553849
3977966885
434565853
671741685
3940815135
4143247857
100792839
3318349845
102500038
4196731152
4077521136
4158652664
167249675
386665233
321060599
33941176
623576356
4175485960
4194229237
353564908
4160351998
4294780704
535619847
70251022
4225697513
3911188717
33629199
4128048119
4025484545
4177328108
3908109309
4193381614
469689353
519891459
453575950
302441489
217700092
388433136
4161860636
34478338
402721014
101381880
318765040
3925662962
3959296999
3858168306
402251994
369888279
15584234
285084881
3977246732
3990294018
233634580
640613628
4077327360
3942511846
4276616930
4229300726
185074189
4160092435
3926330634
4210684633
168888547
199614722
4126994658
3824144122
4293591290
3857251615
49870834
3892969209
3958116597
201064215
116980228
101778687
3993704188
4092599317
4261024788
4245749507
4108581381
4095741937
216661257
4008369904
589812
17494242
3858897658
150790367
4193977096
4260819964
4093113596
4227528944
4093315075
4193118721
269086453
570032402
4042193402
16773863
368572409
218106379
285669383
4161667320
4194698230
535885546
504099832
83883012
4042981624
4126342912
4076463851
3924484835
4059427818
267845110
4158382628
3976061940
4279698147
3892909298
50007811
4142985988
3724281049
4128309750
134613237
168360459
3941593839
4194627053
4211348991
4276942845
168293895
985083
4262786544
4093173751
4059825633
4126672131
4025549552
4093834225
32963577
3943628554
3705729537
201586940
4227336467
4092784636
101452799
318571023
270140939
4094565118
285079836
283577333
234553609
3690720745
4126999279
4127522341
336589542
4194370056
435483117
4026538013
66651642
4093377782
185001965
537592064
469364213
4079611128
4244252145
151461626
1344605435
4113633271
3860535047
4210225638
3856722687
3859559376
4226092051
252510475
4244897273
4228525062
200934449
85460743
4008445702
337255924
100071675
4042714106
4126863088
4025613053
4174840836
84145665
300543482
4245028873
33163255
4126673394
3907254292
335672546
4279895813
3336561358
4108649170
4091145690
419625220
16316433
50004731
352193787
4010475530
232523273
4026074382
4077062654
301793039
99404819
4177197330
184351747
4058968065
218900455
4245163261
4278126351
166657779
302380784
1123875641
4193064915
149287708
454222102
320871169
452196354
269487389
4229572092
3859548938
4107475458
4042585096
67243018
304738536
4042784006
3958761968
570751759
4160096004
216199145
201714199
4043769328
3993364457
4092992533
4159438850
252906002
351600376
4110741012
853796100
4228828658
135657940
3943503609
4293788686
4109234163
4128505881
167247094
4278578184
3742040554
48893938
3825856798
3992324350
4227530746
655757319
18683146
101187325
4024691979
350488119
4158456872
4111730937
236263668
337121026
3472423640
231800330
17355509
3740536782
404096000
4142991880
4261674233
4228582928
3924428040
182773761
4228774125
49943053
252840964
4142456553
368648976
3707956747
4243722511
17104898
134149383
201979655
50787077
168163067
184813800
337189144
131085
34147066
554101779
4126670847
3759076592
4009954076
3335975634
4043237128
336141849
33938683
3893687567
3942124530
419496196
4211879154
303166704
166983694
3774413306
3907854345
285212900
449376789
925170452
4093370347
117441013
519239693
4263044350
3694009544
3773180442
4278453732
198954723
4043172872
4093247712
134224653
267522566
438302975
134278892
4277796359
405082116
4229833750
3957462280
3740992748
34014476
4060414713
3992063224
756029993
4060753181
219024382
218363648
3556768525
3855280878
3940864470
216929041
4245948660
61695
4260699630
4094625560
352060151
3338267672
4092857049
3925021405
4261738459
3940152072
16783652
4010536178
335739631
18218225
151327745
320278296
4193581573
4092656641
4093245168
4175951878
4126339317
3924821739
315752210
4294231558
4277923840
593161
4278516979
151917320
150930453
66847497
3908103676
4243978744
67304443
4143907846
656899
4008512771
4261739517
303957485
167183130
4228381702
101061374
252834578
590097175
4042853167
3891922405
4077195773
234946310
4211015935
4143384061
83031045
4160945668
84612086
4244308486
4211145205
4194041595
4009689850
234485235
251456759
252901100
4193915151
218170618
4245882374
336594957
168232210
3977644577
4125165802
4243648521
3691314423
49678572
4227596298
4244440061
4159562744
4177197296
4227923450
32705028
50069255
184550423
50527232
4244898038
4160552953
185661937
4010150148
251198975
167321643
135073009
99875326
3976127508
15727092
2166523
4008118290
4060809442
4060156176
3924228861
66715638
4278980360
4227330816
336592110
4262992124
4245747437
167053829
149346784
31854588
4176864525
32703222
4143382259
185468936
252055557
3942183943
3992578530
3959819257
4075684345
67630837
4010675956
67564778
3891861740
467726590
4059297818
4143447277
50863875
133304083
3940284952
82051318
486799109
302644510
4278653195
4294051596
418509341
16972032
4277601542
454165239
85396746
437653761
370217994
68161049
4261352204
605358094
3991661038
4160286184
4076073214
118821388
4277996301
236329463
134216207
3975542522
3773952734
422059026
470748191
3891262997
4010343661
4260950758
4261675001
133237257
470546187
17898236
4227462147
150607617
4109038864
4294841093
4179163655
201789690
203101461
538576661
4062711792
149422076
133435406
687476244
3609453031
117305539
4060346881
3823825136
3789946356
4260490254
4227006188
67108607
3807250705
235272722
4294119157
286655234
3808097774
286067188
469697305
3891655674
605616367
4143504925
4042784494
133560553
17561102
4076603648
3874743791
4210422500
4060880133
66126608
50004472
4009287406
66713314
184872704
4127785711
4025479667
233697022
117310977
4076402938
4260756217
4244236280
353305841
304618002
4127858450
4144491755
4294577402
119011570
4243722240
418974979
116452374
4142719747
151714825
235799037
85848571
49481216
4243123702
4161271793
252838900
4229631226
4059433472
4076403949
301530883
4027128824
3907778303
4059824898
4210427128
4161276929
3975279326
4143514380
4243911156
318698225
4160225276
3891265521
4091933424
369556988
3992253201
3891390695
286583521
3857909492
265673717
4027706634
252312804
603127322
4010669061
101847281
300672237
336788216
4025221128
4210154207
3924035072
370274335
166721524
152301314
3891787017
133435923
4228116992
3941067509
3675060718
3808429310
167905291
3992055797
4244764380
4058635004
199499537
4142389230
4059882754
33554137
3723095031
4006140919
166984713
17823484
4161146103
166393081
3976128775
183630320
4246142705
4212977155
4092733169
34078986
4127326707
4195279110
4075881705
202967569
3841720054
333904630
455412490
4229838087
3873895431
537132020
217443620
4292731375
4278648319
403768069
235405059
4228318720
536874734
4157330936
268444469
3942972956
3909876432
3926464529
17164779
4077063394
4159114768
351269893
185197065
4243328263
486665982
3998344908
100729300
536803387
4057787375
4010208743
4108841975
3908704763
3621782530
3958435320
66584048
4259580170
4278118923
4026725916
251456504
4210226206
17300729
4094226414
269886456
184594363
4260245262
3421566953
4095088657
4040620018
49601536
100864783
4210879001
151722476
4245425671
184885018
167313156
4060016126
150530807
4177658616
117890556
66127096
3586124284
66710295
3976197096
4110483950
3974621933
451609372
19135740
4042788088
504429085
402448115
601880614
51042053
4026665466
3454922489
435160807
385210401
4142921485
4226747134
83623685
51312888
69268207
3941465646
15458807
4110158094
402188299
3960077297
4211671549
3909173787
3822829548
470101240
4243978510
4294043931
3570873087
199946255
3724610041
33285851
4176281832
3924089581
319876573
3891336176
233954058
218365707
3994224614
52630009
3205158109
4294373589
4227524312
220332291
4210228474
16971768
4126405874
202514435
454038771
4026012946
3368682208
32045604
3823315501
218108676
3658032130
4142203869
501605141
170001159
3606907893
199558361
1008252669
4160556515
3974371583
97118205
3944477917
117119985
4228713990
4025741821
4094426086
65471477
352642299
471796244
3909880579
336197879
4227333646
3890933740
3789676262
3574455779
399969778
4061719575
4160160246
267187968
3558219245
550180110
4079088638
102888696
3385323768
972869855
4110438442
135461379
691996910
470293060
4161801725
1513454
4280348174
3975740131
50137624
4158519305
200599816
386988801
352323106
268564746
4228440318
103090136
285276948
49999601
65534494
3960539383
4277666552
50924036
4059824135
66321648
151445768
4077061076
705103620
573180181
3706723321
31256817
286723335
35136778
4260557804
320478466
4227401452
252313090
302245119
4161280525
4027513344
4245156603
4025810668
4293782279
101448180
4145017326
51120089
4059437082
4176803840
216526578
254210553
4211547645
4044356825
81662732
336333046
4211930869
3076
4210489611
4277663220
4210881520
51056367
4243380736
4294443773
4245097728
3657958398
4146263780
65932036
99541233
4210161666
236521468
4143310319
4059889134
4261216501
1180422
452462081
84799527
67630563
101515784
4060091129
4178705375
186644488
4042978281
284556808
4280949528
4076798452
4127192821
268503299
4245229317
4294772743
3975472891
265179
202048256
3775661320
4125821429
915973
4244963060
4159964410
335550712
4278591199
4076732458
3926849525
3993176568
68486907
15992588
4194042102
66129171
149810959
4024962828
4244437779
4111670265
4213439735
4024239845
3976065276
3521708522
435749866
167699958
504102111
385018371
4160613863
554106380
404226340
4092063985
267842050
4060872694
4126739212
4278187514
4060218118
4026534403
3908175874
4042253793
4176273866
4109955568
3774016748
98825722
151185149
134484984
49938193
370272240
3993832707
116920589
4093576168
4076143872
3907774953
370017790
16778778
151455492
17307418
286133256
83691538
4145082852
235605249
2936336260
4273342934
991621610
420226634
4145861456
4012638668
1458102952
4213585064
668599042
1181751040
285608580
832307438
100543562
3533095066
1275468932
3241416308
4129621482
397569
115475181
67370256
250739722
286065167
84478214
4211017731
201595904
33685504
4278321662
184357889
66452491
4244504327
3689808366
16446964
4278058752
4261281532
3755730662
4092188644
4126475005
4195094029
33820938
50857214
16581379
0
0
4144757494
4244706297
184945151
4177657084
4211735807
83362559
4279568390
3974947332
335410410
52107771
67314199
4043309319
283579418
16910869
100730378
4143775230
4194238462
4160881653
133891081
4194891532
4194243571
4128707074
100668428
4277335821
50129900
4261084681
3891393528
253101030
3708677093
3991601381
4194042371
4260754677
118094077
4177399048
166854906
219350781
4127199481
4160294142
16646651
17368068
352322561
34870035
168428788
33556249
218301446
3925997049
3975080665
49147382
33222896
4143185659
167640067
50133242
4243916300
4177525757
33685506
17170173
100595457
83228666
234684425
4294834176
4279177474
117898751
34013956
4210620664
134674683
4245031684
4093904388
16713470
4294967042
65536
0
0
17167091
185011204
83886351
17235195
4277797630
4261346560
4160881402
4243852798
4143772929
370086673
101057810
152174589
201263364
84410897
17040390
50266367
4261674751
4244308731
100204551
17235718
194050
67306496
50333183
83030544
4261736433
16449791
117570308
117174273
3975676676
16646634
4143643896
83950575
4194435840
4160486130
4060345831
4144175604
4177720052
4245615597
4227661051
4261347587
4092919294
4177526513
4075485695
4143119610
33553662
4177789170
367658248
49944345
4194761723
167836159
4127659530
4294314252
117836542
167836177
591614
4227727618
33687030
234554887
3974691844
4261607418
66908409
33816319
33620478
387319817
454234130
66715921
4145021435
4227859187
33423101
394239
0
16777216
3792636917
15856883
4294835714
4177658364
4294378236
151190277
4026531825
3539269352
4175560695
167369966
3960008937
303763172
4195555846
4294907654
33619707
66977281
392956
117505796
4057063159
3907579360
4158847984
4193779197
66975759
84086033
84872476
4009101313
3957846773
4262000905
4061463797
219026705
4163507984
352528391
269418506
352843761
370278671
4146731011
4228908565
4178381040
4278450942
199940
2314
4194503151
4244832765
185012746
201654539
4092588271
419359747
62222
3958174692
583682
4177067244
4278121711
3975870190
4159634419
4244570880
151125764
4278784004
100666123
4210426887
4261810175
150866439
4244637188
100730113
4244895725
4193257727
4261677832
4210948353
4261478393
100860418
262144
0
0
1971718
151065100
4210686482
4244111105
33225212
16709882
4278910712
101455625
3924684023
4159827714
167448574
4127128847
350947336
4211273742
4294836989
4193909502
4278188791
4160617724
168098568
4094365180
4042458358
367856396
4260498729
4226742027
4261211902
4093243114
134151169
120460265
3875930639
184152802
4027319297
4294706680
50330110
4210950145
33617921
3824158696
4142722041
4277599232
4277994742
134020870
67042307
234681086
84605677
4043240956
4245029354
4009295106
4193318377
4160487175
4160616700
302185709
135071503
33818119
4294311940
4026135547
4294770427
67304706
4076470783
116979959
100139011
134938619
17304319
50396931
4244634881
4244697583
218893057
4211476757
133629452
17168636
16909312
262915
0
0
250936587
4279237120
101319161
4177724412
83689218
458766
4244110322
4277797377
437393415
4228384250
4194106621
84014841
4261346039
67630578
4244636929
66780413
4261741826
67176450
4143314939
4277663489
34020603
4077260818
370344952
50792973
4194109956
4193515512
151517690
269817354
200936216
3840210674
166979310
4261410815
4076796408
4160224755
4227399936
4041930495
82771207
4161205245
4261413372
134087433
269024766
269618700
51251721
117636615
151454725
4261608467
4194102259
4244830183
4260561144
117306880
4193975035
4026006266
4244173552
4143051009
4294770432
50527486
3992252928
4109038322
3975737080
117572848
67437308
4244896511
4244505336
49544719
4177457146
184811504
4294375680
4278385911
33752318
16449537
0
0
117638937
4160683521
4194435057
16712961
4160813052
4260493815
135399682
67039731
320010241
4228579326
370148349
3941462790
4143512834
4143516669
100596735
4245028354
4243982851
16054021
118227222
167382778
251593487
303301130
4276489756
84343300
83294970
4177530372
4244572162
86580485
4276895006
4278516258
4093376237
185207305
269158918
4245754386
116851986
117769223
3892839410
4260888313
151519227
100596473
166723840
269018135
167510507
33751044
33882114
33816576
117575938
4244443662
4093511672
4227535097
51120631
133758992
4211277816
252115200
4278059261
33422591
4194235650
67043577
4142726661
195320
34078981
17105408
4210686976
101055994
134749203
285736704
4211539181
4261543414
4227596031
196605
4294901760
16842752
4009230580
4177064700
4277797111
4210686201
4244243713
67040513
184484593
352517640
522262
4160423158
235796233
538050825
119016436
4261157901
4177000452
33947901
67044871
100991749
234162191
151979525
4093971202
335217938
151780108
4093184257
185536005
85133321
268697088
4277724156
193251
16247835
422457099
117391938
67436542
151517955
4010082060
4193321723
4261283070
4143841795
4042782451
4110287110
4192731643
4126399739
132966635
353047833
4027059978
4026527718
436474381
100794902
50328067
4227267584
4194498550
4160359412
234027010
453964555
4294967035
4278320125
4194368256
16712196
202768639
371004679
3219991
4278583293
4244636927
4193186824
3840339184
319490787
4060610303
4294834162
263165
16384256
0
0
233371397
85518591
4194237939
4261480456
50661124
4227661308
4227199476
99615219
622131750
4110546404
134023171
117769230
4146075647
4211019267
50465022
4245028872
4160681716
100072705
16318207
352190734
4277207044
66252805
66318840
3959818738
4144299778
84018179
4278124285
4059890158
4024488435
4278053363
4279374075
4176612887
4160883446
4193714442
3690524657
4192992985
268896012
4009361159
100731650
117044482
4109303802
4143111403
17238257
50005252
4245090302
4229039372
3959362033
4244633864
116783351
4077386742
100334851
4262002680
4227137036
4227790843
33488638
83951875
4294905093
33094919
4194303488
167184657
16844062
33814779
50989054
65794050
4093372399
33289704
4161208307
33297415
100859142
459776
0
0
301007357
151911957
33949172
4261280770
3942381300
4159831791
721151
4109504517
3941264383
285738764
454100761
370219285
4162129675
84413701
4278650881
66847749
100859911
511
3925669361
16511214
4212132082
4143843065
4025745144
83820287
4144630015
4093178605
49674750
52952290
218834210
169546492
4059559143
4277923305
4244700420
32505340
4294904844
3991993855
50132199
34208244
4261675518
4278456583
4092724490
369161200
4179037974
16515071
67438086
195832
4278321152
4278780157
4194304507
84671742
4278058241
4009688314
4227138554
391933
4278189822
4227792639
4092980730
4194173946
4007789310
4111009771
4211281935
50527485
263422
4211274226
100666876
4244701209
268569608
33361686
16973569
65788
16777216
0
4093313276
4193057276
4278519031
67175943
67566594
118296841
4294575119
4159963648
3925013229
3976657141
4159308537
3941986057
856318
168234254
135203329
201854216
17170440
16975104
4210882545
65275
284751872
135396351
4059301124
218234618
3943827463
4059100653
4142985460
4009623297
4159633903
16646141
4093374965
101314286
4228450817
150865409
118426888
50989062
151126792
4244765698
4261348090
16514302
83951361
4193450249
4276807411
66847750
4110022910
301069067
353963274
135400458
4110224639
4144231421
4294638577
83557626
4260889099
4159892733
49938434
64513
4194502652
4093574914
4009230588
100730854
34802445
4244242946
4294834690
50659841
353044492
4228252423
100139782
84081662
4278190339
16645632
0
0
592626
84344584
4109693962
66297
4176216836
4194366192
217645816
50073099
4026067712
201395457
4262000648
921340
4261544696
4278450942
4261478399
4144234751
261369
168298749
118226694
117245952
4211211528
4076270066
4193774839
4260887290
4076793334
4143314670
4227594747
3943367928
3520789496
3925142482
3991532780
202180098
4261874432
117178885
4076533506
4277203700
66649597
4110349562
84149249
117637632
168495113
50596615
4009884423
4277922805
524789
133691382
4177658110
201261563
100527606
4161078267
4176609776
4262527746
3991991547
4109956332
4294900219
4227923965
4278585085
67438087
83362560
455347191
4228518142
67108862
4278254850
50793466
99943956
134281202
118426374
33425927
4261609725
1023
16777216
0
134088192
100991757
67504129
118097674
4177136899
16579072
4277991676
4261150718
4093377020
4144103938
4176737274
4043635451
117445634
184942348
4211344388
217842693
33753870
198144
402000135
370147348
4093182976
4193647106
4042586873
4092785393
16645116
197118
33227521
3925733599
149947401
118360832
49808379
32896267
34275326
4127000316
4144235759
4193846781
17564676
51379707
83819263
4143971320
3991731192
100988916
4262596094
83820287
67238407
4143782393
4210292757
200671704
83036176
15992065
168686073
51580409
4177461501
4277797889
4227990529
66912770
33684482
84672513
4160555782
4278452718
99151856
67305987
4261348100
4178180598
4244309494
4042716678
4110024691
4244703756
4277995008
196360
0
0
67109891
4277796621
4177000700
4261085431
16317193
253
251656449
269419539
32768508
235337233
235082500
394777
67441673
4228254986
167906053
16842240
4262070273
16845565
4110479081
184547055
3840540677
4226150920
4278252276
2557
4244702481
4261812237
33752587
4107788288
3488867294
3992918741
4126937900
4144232694
4194434041
335086585
218041360
84345347
201260806
4128048909
50660102
4278126079
202243587
4278780171
83298050
67041277
16842501
4026858730
151979257
50199034
83558141
183630094
51313661
33490435
67175179
4277731331
16778497
117702405
3958633216
133035763
3958831112
50927076
48954360
4194368253
4227530488
570233381
386207780
4244899851
218367503
16778245
67240958
590339
0
0
4210621693
4176871415
50527750
4244832767
4278518016
4261477370
4109697021
184946152
235736073
17300455
50598671
267032
4160291596
4278318589
50002947
4177722361
50135800
201260043
4077781757
82968324
83754497
4110220286
3941655793
201977329
17828096
4144303106
251132680
202374400
4057800204
3941464581
4276351976
117895947
201851387
101449713
487586558
522188558
4293590022
4243914490
16842258
16710909
49611010
4245355773
4110945536
67108850
134416130
4028762610
4159899897
4093642250
4196077050
4126802412
4243910913
4009622256
32900094
4227327999
16514048
16581633
67305729
3993897211
151323393
320215047
4245292550
4294705407
83884548
367654660
4212060157
4244769522
135467016
50205965
50659838
767
0
0
134418946
200937503
4294705926
100334337
17561338
4110157047
149942770
4075685128
4143970290
16774383
251856387
84082959
4246213897
50729738
4160356614
4244110342
50071811
4261017860
4261154314
168488440
4060025849
218827021
4277009396
49868560
4144893961
84148733
50528003
250607854
18023190
34736623
3943764237
117309175
101386239
4043310855
4227402992
4026929152
84474627
234027788
83951614
65791
4008247039
4126537713
66257424
4244437510
4211344117
4042718712
32501232
4194174471
4160946182
65601020
3876716791
4210299417
218236410
471273494
4244636161
4210884094
50069247
4227923457
17300221
4193844219
32830712
67240194
16514820
15464701
4042258172
4194499824
16384513
4228056332
4227859450
198149
0
0
4294308340
66453496
101448977
4177396733
150994934
50066698
4260624639
4260818947
186125308
317983492
3724475918
4177789672
217709057
4278513132
4227793656
4126998267
4143906036
201720065
117374988
404095232
3807118601
4159632129
4262001679
4109498115
4177198330
4144034815
33094138
3942635762
4108913891
520549120
4011395058
84933897
4227795455
452130803
17883391
4127386586
353302018
4229294318
101058512
4228120578
117244666
185202441
4195549414
151194375
117441286
4110617353
16514307
167838463
16184058
284553464
219809545
1376237
3991994611
4277861884
66846974
4227792130
4227794428
853766
83825667
150533891
4246341892
4194107133
49937152
4161603074
66128125
4261149961
49939466
4244698366
4261347069
16776954
0
0
184159993
100400914
83492091
4144498422
4193520388
4025543941
4075679986
570886649
522521110
203103222
67307547
67634948
330759
4110223889
4160159219
4278387707
16452611
17106698
4227397895
4228642810
4109432046
368507903
16975380
84671489
118689547
722437
4294113538
3958705654
4261406157
3974294278
3977057251
135013129
4127066616
4227138305
4060157439
3857387012
4228251133
52231159
4278585334
33816078
82508026
167504910
335606511
453909010
168364302
50007827
554563337
4194306832
3791717628
4228379380
4194107641
4243913975
4244041458
4226936837
4194371069
116981765
101189377
134942481
4177333518
117904888
4228315414
4244766712
198142
185800197
285999631
218298373
4210948092
4244767225
67241475
16709887
0
0
4242794733
4228117238
4177329145
4294703094
4176609795
4227791349
318702852
33688582
4041403142
4143643645
4227726074
4076012790
4142916590
134939402
50201867
100990467
4194368509
4294244351
368312334
4278122252
3992391415
333843208
4076403729
4127262450
4093708801
4261479153
4244702737
4045143541
3976913890
184880854
4260559642
4227527150
4143316725
16186625
4143973368
4177394170
134021130
116916232
33422345
4160619523
152500734
4193384463
200341500
4279107330
3993438199
393722
4177072127
4261807631
4043834879
83558903
218823429
83952378
4210817535
4177263347
197376
50462465
84346369
4143906559
4093441008
4110089447
149879550
4245029376
4227597566
724489
235077379
218694662
218629893
17040395
66049
16645633
0
0
17239045
4245028350
4126670073
4227858428
100663805
4261804794
218564346
4161275398
284954127
4009426661
82970902
4025676792
83360761
4126539010
4278321138
4127656459
16385025
117768196
185210896
201393429
65789698
4060149740
117503998
4110086395
4277795574
134610943
218826498
4294576121
4161861635
4043572703
4161606401
4193195548
64771
149810418
4010215671
3991342329
4261736939
3908175348
50594040
4244504063
4278450936
117112834
33615597
4244898815
134678784
250809351
185396496
84214765
50923009
233902599
4111795693
151194889
4060019969
49806325
33686784
4244504322
4093185533
4225887745
4277919976
84542205
4261417480
50266882
33357058
4110942453
4042192880
16446969
4294309363
194812
33423871
261377
0
16777216
150536965
4262131194
4244567291
133955831
4261870590
4077063670
4210558996
84084227
4076333568
135072009
4244441099
84737284
100536840
4177324293
4294638838
4211474422
4244635389
117441277
3942644739
4109369062
4279041015
3859217384
4160752109
4194697712
202447377
4076796915
150141698
4261341446
640298784
4095152927
31057153
201322469
219349515
4011200248
32245255
4159107837
115997691
302315537
16644379
4194435578
4211737861
118296308
4077392391
4193778419
134020607
184160518
4145150218
50852086
235009790
166263038
4162579977
4244702708
4127650813
4144104944
4294902015
4261674754
4244245502
4279307263
185147663
84476176
4277864452
16580348
184548615
3925931493
48825344
458244
4110152948
4261805820
4227466490
394240
0
16777216
233174016
4243846142
4093967604
134418955
117243900
353367061
3725197317
4176474605
51580925
4228055541
3789880820
419095548
405018100
4277601284
4294307323
4178117112
4211215361
100532743
4261022456
234494215
4059692071
4294577682
168624650
3958700029
4259508730
4210231049
4294634743
4039305785
3856912573
17507300
3691641824
4110285047
16186361
16576755
4160614653
4042850536
4195288063
33094388
66912758
4144232953
587791347
460286
66519534
84280841
4075879682
83556878
4244698618
4194371085
403636478
150270202
4161207811
4211209972
438039555
202376459
4261676287
4261542398
67374587
4195223046
184422669
4008566526
4262399735
100795651
196616
4010018053
83822074
4177526028
217252869
100925966
4278387204
16646656
0
0
82837245
4110281726
4294572267
4211345663
85065470
7
4043373564
335742465
521739530
572791050
67571744
4127458832
102307607
168628752
4211082239
4143315450
65524
100335370
150536982
218501897
4211411213
4211480354
33161214
355011069
18555904
66975999
17954818
4196016634
721490703
4110683945
3639671267
4278117862
4092983540
4127588602
4192409348
4108975363
100202745
184023291
4194043641
183825160
50985720
267781895
201520906
16840195
17304308
469108238
100208655
201723918
3909813500
4161210898
15269368
252377337
320275207
17567238
50003203
34143740
4227794431
419824902
117573655
4109889782
4261147632
4177264130
4210884092
4127198220
336526847
167642109
217907469
67173631
33882118
197630
0
0
1182197
4278713848
66978038
66649607
4110088445
34673897
3943565566
3773627892
4176014070
4193583364
3959157749
3991795178
283899142
4278383629
4076667377
4177133567
16581625
4294638337
200408567
353760248
4093905674
3874426362
335673596
286392089
4194236400
4210033916
4294637062
235532507
4262912509
3722766050
4293654542
151452675
386929925
34671871
133433863
436013079
50072595
118228744
33422090
17038850
285214467
369816856
703657974
201919261
4076998905
184026638
4278579461
4128245996
4193909501
285538807
4094492417
4293787383
16385542
4193647359
4227727099
16776191
4227531007
4227137021
4261085948
4176737546
82835200
4160815357
4193845497
134416915
235798790
4278322947
150666504
16778504
66978306
130305
0
0
3875602679
4058574577
4278455300
151325964
4261805060
117507329
4043375616
4277528826
3975216629
4279567363
67700743
4143775503
116982272
16846602
50398203
4278586122
83888902
319291406
151649539
134741245
670759155
100070395
4176014592
470874624
4195090429
4059500547
100988419
4230548205
252130834
4026267164
4144108806
4226943240
4093178358
3991663089
200471539
50392814
184684565
251918859
16975380
33028352
4142661119
67103748
126701
4277926905
66975487
3840471794
167704568
4060677914
118353913
168428037
167968505
83752950
1969674
219748111
33489667
50463235
49741832
150800396
3840934927
4042584303
83028459
67698175
4261479423
4060285705
83822083
150928905
4042848503
4227723499
16647164
63744
0
0
4177788423
4042325241
100992505
4211079933
16385796
4043373561
452066828
4162589196
65993993
4227332092
4060149230
4076341756
201858824
50402844
4261478659
49543673
4110223872
50461699
4227660271
4026794493
419824875
269220345
184816405
118750457
4211541767
4109308420
4210885895
449505793
187822621
51583731
4161605909
4026137350
4294900468
502465020
101780268
202378488
117964815
4092787183
4110679289
4127198975
3957454851
3673354967
4175293178
4294636287
4042982640
4061331694
453317135
4178183947
167179252
168558079
4210492420
4109170448
3975150837
117506548
16711681
16843010
32765698
16316667
4143645179
33424372
33226754
50658810
4278256640
4228446962
32703249
4226809320
4176999164
4278582771
4210951930
16514563
0
0
4008702965
3891062764
4075484901
16577785
101254909
134610686
4061331445
302716684
4094300432
99680010
4060016633
218895347
1773589
67632378
101057036
4160551931
4261215995
151256835
4294767340
85063936
537460224
84405509
4042649345
217512963
4179425535
4194953963
4109895162
4007981812
3672430050
84210388
66843642
4193905391
4210489592
4077060091
4160295663
4042192893
101711096
219218942
84280585
84478468
4225762568
234355218
4278254346
4160354303
4160028146
4160418547
912622
4244700662
100860672
4194172420
33160191
4060216312
4126407159
4008767736
16580609
50658303
0
4278387968
4277340165
168557305
102504206
33489668
16776194
133953792
134549254
4193843994
134152446
33491208
67173892
65020
0
0
4278650114
4126868219
4194237943
133628162
4227594755
592116
83757581
184943623
4176671493
68357648
218632458
33423635
4211802362
50663425
33883393
4228055812
50528768
67438340
252513552
168429062
3975279366
50793224
4092597006
4160552433
4143448575
100794365
151980805
4210492671
4043173619
251919333
4145810948
4227794168
65531
33685756
67570949
134350093
4244568822
4194366965
4278125562
4210751996
4210359032
16248066
83887359
50596360
16908544
4245360139
4227598081
4193971190
3825468142
16054505
150995209
4077320192
4244768510
4026402301
16843523
4244766462
100269819
4260953598
4261276149
84481029
988969
4244635388
16712191
4175818493
4093702128
100596726
4177524726
16774384
84214016
263421
0
0
83557119
184753424
33687055
67239425
4211015937
4109760510
4075810809
4211931128
67375611
83825678
200808720
152046101
34543110
4244440582
4244899835
4244243983
50462209
4227791356
33556227
4110349058
16840938
402323202
4142920185
4125944571
267974651
17301766
4278057221
4210352382
4041276649
3958637312
4010874898
50334461
4211342594
3908567036
4125950715
250999304
3909156848
3975742188
66543
4244766981
4044161792
4159835636
201127689
4261149956
4210686205
17497610
4177205752
201062158
4210227456
4278781956
117374713
100924153
4193714182
3942312428
33620224
101056770
17239046
4227465993
217972478
235473161
4228714254
4261282558
4294508035
218239230
352197668
185405710
4076796674
16381170
50789378
198911
4294902016
0
420418321
4228318226
16780267
4076532728
4277992177
4210424319
200667131
33880324
85133052
118951952
66129936
34014972
302055175
83623175
101253893
50333446
4278257669
4244768507
285153546
487395105
16378367
184551429
151126793
3943037691
32180221
218362877
101253899
4109297387
200731131
3857706239
167643380
4041670941
16380151
4194763520
3942510307
4226023680
17169408
4278781951
117046776
235602187
3790538497
4008441075
4143444989
3991403256
4244371954
4294834173
4212195073
16970478
4261281270
4093250554
100532727
4178053889
4193845494
4210820096
4244701185
16580609
4025283583
31976181
4279304708
117051142
4161141521
33226752
524543
403180555
4243856926
184679421
50923010
4278390800
16646400
196867
0
0
182907389
4076727809
50002674
4093704442
4262590713
4277932541
4059887884
17560298
4094098164
200931343
268633602
134477594
4245685502
50397423
4278255360
16645112
4126865655
4210228986
4060149503
3975150314
116062199
216921341
4042385923
4076208117
4244634888
269418751
202115857
201528849
3991926031
302128871
4109560582
4194428902
4076077056
4026007053
4243976182
4127126767
167443194
4076602101
457470
16451067
68089860
3942913269
4159966236
4261083124
352907783
52434181
83503637
4211276056
200737034
16906742
4160222705
4277993201
4144495354
4278124795
4261478655
65278
101715199
100206340
4142986752
33025022
4280287737
66913536
66910725
4076401396
3923900156
4176670958
4261214196
33946363
4261611009
516
0
0
403187225
420549422
4143643922
4177396222
218105346
4211081997
4227727111
201202182
538047009
252648457
167515156
252510227
186647806
4193784085
4278190848
4278256133
4244504832
4160225790
370538737
117381914
116252169
151255801
319811846
4127855877
99943956
83691003
34078460
4024036339
4042715126
371129074
102244858
4261417244
4278518522
3909158413
4041800943
16187135
4245227006
4126343159
4194106621
50266374
83492861
218367232
4294178558
201325822
4245488647
4043565289
4042327276
235144209
3977050615
34144497
16451077
268566786
16847889
4126604544
4244831741
50398207
4211280388
49282057
134996977
117308164
33883647
66848262
4261477635
4242863077
67104511
4126668791
167508479
131582
4294902017
131076
0
0
4279438067
33229836
16446469
4211080694
4210948862
66779395
67303930
134550025
4227531270
4109101556
4009229041
371401977
4244967693
4194367232
4227926262
4261742861
4177722617
4176674045
4059366133
4110088444
66586105
84081934
4160483575
4076140788
402585337
4262654974
4227665142
99936775
120193517
167309846
3909481216
369883113
50921237
4210621684
50524417
4059888110
4260953342
4176608510
4109628920
4211146495
3975871737
4110088170
167707636
4227990282
3841325295
243530757
3243960
10190982
8896761
6521952
267615639
13059684
255116302
174796448
32113299
257522379
2442324
252448323
39534506
258882367
260490197
4142656510
3874284013
387383281
236986635
3942390054
3807638241
82967047
101120770
4026600181
67832067
4143710973
3638556395
4157787870
4058309336
167773178
520029703
756092940
185135889
4212003083
787192
82633481
4176733421
4278385641
4261543419
4026467329
3554534111
3939689937
63475
118557455
4227397378
4160352503
352841717
136252418
370223626
4178511624
101059053
4228316411
16515588
4142201856
3823100644
34530261
250675461
4280026355
3992056567
4193052140
4059822842
4294899448
4177069050
335545099
218236178
100531728
83423978
3689806584
3973903071
4075940078
83755505
3907974663
149287423
201586940
4059890940
4009160961
4159632865
352974352
33619966
151846908
100794885
4076928756
4278452720
4227925502
33485578
4077060356
3992322292
369826597
186717705
203098630
250417428
4294503668
116779014
150399981
538513947
220337177
4092587512
4227268338
135269381
169154812
4277601280
4278250750
4228057602
4143513854
83361787
4294900480
4209966076
4060614405
33229330
319358483
420480777
4045282308
3891126242
4193119461
4125420536
4025410026
4042584298
217777931
571737095
455353105
4127990035
4160227827
4143708673
150867205
4211210768
151915256
387520020
118167074
67568403
302840307
319424276
15924502
218956541
488118811
17366284
200542221
4092589313
4125943547
4026335477
3789749737
4142655731
4262002429
51118078
4193450491
4261606901
17236980
4211607043
268108547
4228575747
4193978357
4059887083
302053881
3974363653
4024688360
4127131121
335353341
353762569
352452630
3824158440
4144428793
4110875123
4094100988
168497158
455545102
34345225
217450236
353700626
117768197
4193910260
4244436733
17107189
4261746955
4176875020
3807507441
183890676
320214802
101519634
4229497086
168233741
353039612
18157570
100864782
352060429
403307254
304675081
304419079
403640331
403118375
4244834839
251924242
3975153169
4092587756
217840374
117835518
4176608503
4177922055
134089214
4125749000
4294240504
201196547
49805072
4277860335
83889425
4142789120
4160414713
4194762470
4260690451
4093774324
4226880783
4243977477
200340985
50596619
4210421244
385222928
152046870
4277402648
503054860
4043120151
4143116286
33287662
34472199
4160088051
0
0
0
0
4160159744
33224702
4044292856
4025350900
4159567595
4194043378
4294838794
4076276733
4210687741
4211472109
185004292
4211673078
4261218310
33555976
3993303276
4092461307
184683252
16123397
134868732
201265427
4261478144
4228117234
134413305
4279367662
83560948
134016527
4062057988
525044
67831
4194369536
4244567551
33818874
150994172
134937098
67437563
202312197
16323871
4211737081
302846481
591639
82178827
3926063349
131071
285670905
101714423
100926722
269092617
84610049
3991996150
4210358770
4043436797
4009096950
4260756978
4060283390
4043508741
4177263336
300344291
152633093
4261810697
303368724
234953223
50589974
369888509
84278538
4161012728
4144038666
32376838
4159761412
34013942
134155257
201980181
4111926518
285673971
84346125
4161144578
66980869
50726666
470684421
303632660
32569855
4227920375
3807117048
4091936749
133102598
437004333
4244895756
83888644
4161334268
4211212781
4026663675
218829311
489300251
4061998872
4143317239
32633597
82904061
4210950154
269751033
4278720268
67106818
134416139
4261678092
4227398130
16579844
4160615155
3957915887
152504569
4044951809
134747912
420350207
203690763
151450363
4194304262
3906787042
3873889498
66716650
100466943
32899073
572323343
594179
4076726529
4227920342
3689931244
3672367568
4226743783
50065660
134020099
52432140
4094891534
3789619178
134344953
4110678776
4143382270
4194369523
200871428
83558658
3740135681
4158384878
118812143
135599865
134677256
185798929
168302338
218827283
50727434
4227793413
4293984267
4142992644
4008966898
116655108
4261410052
4227924482
134151433
4260758787
100663295
150075646
4194504455
286854681
67832049
167711234
4227856660
3942579198
4144038134
4160161020
4244567554
4093703677
4260361720
234484745
168557057
50658298
319358977
4143316995
4294966531
4177788154
3891128296
4007721179
4294314505
66518779
68687114
402529058
588314377
606082581
4228058893
4076141821
4261280250
4294506236
4177850102
66585082
116189180
454161139
420810265
251853811
67305748
4243848972
32307968
4210750720
252314113
67899917
4177857812
3756718831
4126205682
33288945
17365484
4278517511
50790915
201066496
4059495427
50591727
83693050
318503936
4228579837
100071682
4227663102
134935298
269487110
4228908793
3958443516
4209306862
168689915
4060082429
4041996277
4161538035
4227333639
4161475063
118361866
4143257612
4025479157
4244699370
66326536
4093705474
34013182
353110279
67177485
34474239
454166531
67569671
4262202617
185142788
4278584583
67434997
50664963
66649612
4112321026
51254280
16908549
3976462073
4093571565
4093449976
4209898755
3992186620
101316095
2103048
368516363
336001562
436470786
51901185
387455764
1709070
4109568004
84676858
52697351
50004491
4210557180
4211409139
538444298
253830173
434631698
723643380
100462844
3725522149
4059234027
4277271550
216986102
267847944
82964501
302387731
520756265
4075484711
49804789
286067216
538706951
421338891
337837608
4077981687
0
0
0
0
4294574080
134413828
4261939718
101056252
4210617091
4294967292
101976577
33489932
4092523771
186054910
134415868
66711285
4211995898
3993238774
4109957363
4126736372
4211081975
487262467
4009433115
3789158135
4192198652
100862979
654857
353177855
537732631
49938462
353175301
352652054
723586837
4161933568
4228517892
67634942
385616390
604963601
4094100748
217316621
4077123832
4075350506
317843698
555162896
135987988
235337472
4244703237
3959095547
100926473
3959490310
3723164392
166519789
16454154
3958171392
4194896647
4009689336
201980157
202311670
530444
4160551426
4110154479
3823429612
3908172768
470811654
3975285000
4260685050
638983176
4245628225
3891923698
4059297542
201975793
4228318192
4227462132
151260426
117377296
4278513925
197893
116851711
4229104128
50531594
4160227057
4145868783
3976137213
218103536
4194893056
100794612
3992386542
536549148
623641621
255210251
4260558078
66979317
4244240651
4093113586
168166401
184086791
151189996
4160224769
184025604
4193186550
4193383428
4260623856
100531460
4126868748
83292933
4211405816
184420351
234747151
117244434
4262326274
34869981
100927241
268174599
925698311
3777961227
98497002
50522366
269092110
51643147
3941202163
3957841137
4058836711
535745805
153154787
4262458382
66980598
67109632
4279371276
168297483
117244173
4161205250
4026071547
4128046856
67505409
4060089092
370220809
487597588
4160095256
3941924350
320403436
184549129
67046140
50463481
4093312257
4008173822
4075875044
4160357380
33554945
4025878532
3941002230
4260425471
4026728697
4293721855
387584524
3908964357
4278324734
285475605
251525115
269219348
33945334
219349771
219024901
250805256
51118845
4109432587
4194303484
83691273
202767614
217512675
471212557
135331350
418049782
403440908
85072380
285478164
3842378762
3539072988
99214838
4076993531
4260166638
705043221
386931490
101255432
251332881
167178236
303109136
3993443111
3991859693
4126605038
320016388
370089231
4294899987
284752383
134610171
235600124
236057583
4177268500
3991330557
3992057851
3991726833
387713025
18223112
83886602
267841563
4278050013
4025611762
3890737890
66976245
386207995
184811546
117966079
4160946695
49739522
4076202996
4277534966
4244961275
717810
16907517
4278188041
84411901
185535748
84016649
133621760
134015985
4243848194
4125617649
134805752
3741063422
4092194555
152634356
202707974
135666161
4161012491
4227138055
151658504
117052948
4042326277
4092260086
3807444212
4109432824
4245487626
4226811116
3890669047
3840930794
3857180912
370546149
169676803
3774554137
3706979554
4109698574
4211148029
4143906294
3637564646
3890597340
4243651322
217774355
3890933760
4176600055
4027448801
4092917752
201195259
4293847280
437779960
4194177044
487135007
202118692
4227074058
4293716243
67044367
4278320632
4178773251
268961541
4245687813
4026798347
336594168
353043470
134810369
4261874693
268563970
318570756
151975159
4092522237
150799609
50269723
4160090637
318231012
3993694465
3756586978
0
0
0
0
3975675904
3656639210
4126596589
4261286662
134548238
4211739906
50660104
235601661
4261740799
17039362
3942708998
200012538
4177458429
3992320490
4210555908
3521766914
4043505365
4227204348
521138170
371137546
4261154060
4126145791
167702534
4042194685
166855681
319421957
253104129
4278388506
3993241074
284229635
168491795
4144237815
4158843633
923605241
4227530808
17827847
419627773
638319397
302838251
4194565387
3975610869
3927176422
50140916
50459412
4261806319
4243525893
4193779200
217513489
4261150479
4226675197
3692294099
805973751
50983743
153492237
353315109
556080142
4212199179
4110151168
3756714457
353375511
4211282715
33816812
3942051833
1503214
3758760678
4293532196
4227786740
3723626459
68225799
4245230332
50854659
4144694006
689442303
671813682
151387898
4278255622
99547135
66911749
4227857661
353306115
34606605
4294574837
438112255
4146342154
116594171
724240934
4144238092
4210554617
4209440254
4076068077
285868525
218761749
168366356
4211212813
117903869
217513999
4277924607
33556725
621937684
33633318
4210885366
201591570
454495264
4195947525
134083317
33818888
4008374019
150665964
386995473
1110839073
3659735817
317852914
4294634534
117045253
387448825
4176544009
233630980
4246072054
3504935394
4259639054
4144557819
319296767
3841787384
4226608883
4160881145
4161145347
17039873
3891068159
4293719300
117447183
4294769178
4009555194
4277861879
4160878861
4026269693
453355
3858237687
4209110783
369756936
51380738
184354041
335741699
4059624722
4093510908
4093775116
4126605042
4026400000
3992388602
4177657336
4010016256
603133198
33356058
352850190
4092659479
15722224
269353201
33557525
4076927221
301464837
471404047
4244961809
34342916
269877510
51385856
4093313291
167512568
302841369
4177985790
302387193
217706781
4094949361
4278714361
4210227705
4009751547
4109561586
118165233
3807437548
4277599467
451869950
4129093104
4008516103
65988607
4245618159
17632770
168827654
300613648
4227919877
168294126
4227396587
4210685935
3924948212
4277140222
4261602291
135073269
3910138100
4159046385
4177658114
134088715
391174
3958568440
4075681787
4144431346
4111212016
4109759988
33551095
17501438
182977554
33675753
4177065982
4261016310
352983060
101774631
326910
4142792193
318570484
1175800
16982784
351992866
4061003513
117575672
287447826
4010085375
3974624499
4060678382
149815298
268695820
454231057
4127914224
4279036908
689644288
4176866033
319944693
3907317510
284354530
4193327387
50789884
3893430802
4109104105
4293520884
4110810109
4278384376
235672318
320541456
4260110363
83356427
4227263470
50327039
4092721397
4195422977
4058708994
404096496
3993762548
252381945
201587737
3842114554
4075484135
217705992
49609717
387512322
15262984
3942376689
4042711523
4109625583
3976269303
369027559
994123038
50595070
4110547444
15991281
3891721737
4245082320
3925474039
166987526
689966613
892669231
4125746167
469896438
150794785
4247061753
4160425222
4110022127
3925671925
385232132
421600808
0
0
0
0
4076404736
4143185143
4194697480
84280575
84346372
437458459
68357139
218894071
487919376
33296405
4009755638
4260886770
4091604474
3721451483
4176475639
4211666676
33224442
4244309749
4243719168
4042454267
150272254
117892092
135334895
250868212
622922517
202047764
320610322
83959600
64770
16248821
3941725944
4125816301
4144300802
3992518392
185402607
3943628019
233969657
402454296
4078043142
4042200571
4108512516
84015094
34209277
4276480262
4042843617
116918001
4261281795
486475784
303238170
3907446540
4160415992
4243127032
4127329280
385746181
4192677682
4092191740
64936149
437262103
4262071572
4227137024
234685697
4211475468
4292803332
4211202533
4126935039
3925080323
3991475202
4176409857
4010015738
4093632999
3790468846
165932281
135261684
4009692919
4143249415
3891524851
3990941931
4058574583
3958239210
50664189
34342670
32965888
4060353538
4059299612
3890354427
3772834031
3926001143
4293919481
117902860
101447941
3958508808
4008833757
133624055
4093247235
4293588732
167312383
454431252
83555605
4194697210
16779259
4227529476
4294703603
4194235391
4211213293
50265096
167773945
118623500
4261346822
4177261048
4143448321
267185650
353174291
152109584
554831093
808000538
151389467
185140490
3908569097
117633257
4111276045
4109760749
4108510969
4077780738
4177398012
4127260416
115994623
4278581236
4158848525
3859804398
3672433109
3957125606
4261147892
4093116911
4159960056
167640320
4227661566
4261543928
33950458
34797052
4026862059
3892048630
3857904360
4260361724
4009552878
319554806
135205129
4060353046
4075815668
4244302337
118359811
504959506
32696859
3891983076
32966668
3773755908
4109562125
185399802
4228714487
4126340091
4211271403
101449712
453643026
4160492316
4093246958
17103102
437916940
471601433
83622910
252510988
119541260
102968602
151852568
117636106
67769094
135461130
4245691898
200535558
151848184
217384204
49870579
4059886079
4058841336
100070652
17168647
101055997
4160421637
4159765752
268303610
4110481648
4143776242
4294378736
168165635
84674824
286330899
1704433
403580687
4260362004
4211012865
16909563
4211082492
4211281924
3942316528
3975675634
235802378
301927949
4277926668
33290493
3908828423
3773099764
3941001977
4227854826
4244767489
186718723
318517017
4244766492
4194238984
286196473
252908288
453970439
286139429
4143778574
4092912372
4177196011
84277500
4125620473
4127446243
151392513
3640326407
4176013288
134340602
4161936653
4227077133
4076340481
4076073467
3858235894
4177064690
3994549238
3756125154
3907056856
4294507518
4042321400
3806651634
4259966452
117763829
386599179
4160682999
3841060342
3555063522
4194430706
101381370
3992449544
4143842286
369556214
169148942
68624127
4076403711
4126997489
83228151
353696778
151323140
4177657337
150472187
4294768147
268235245
4008640512
3924355560
4042853624
4194037989
303762681
3978566139
117899263
4227529487
4294901253
285474823
152636165
318507792
100797973
168033787
4227267580
4093698036
3874881015
4226807536
84017146
4193713920
0
0
0
0
4261281792
4126733302
4176867309
4176805106
50395891
101059084
100925701
4278324744
133758728
3841460235
3907909861
4126142712
4226680067
16117762
554834712
420938263
134674945
4076468464
4261213423
4093311720
4076665081
4109303287
4160618740
4193451265
4294763765
4210094316
33293820
4177922330
4042917877
66913279
51050243
50399995
4142787317
4010010343
49939189
4244372476
3858432261
4210622956
4244241672
4294579212
4210422782
4210162942
167706877
167775501
387188499
235868175
69629
4244832005
4042453748
4008766188
33027317
4244896759
217971199
151649799
4194375448
4144629232
3858238727
217715203
370476059
267389962
4227266569
251788530
3926201339
51571179
4210426615
4176148233
4143841018
4076604147
4026467846
3958171895
134877937
4177658112
117504753
84018441
252249604
33487103
4176736512
3589597414
3991080419
656280594
69542416
4211279368
217968900
537001458
4227994655
217379328
4162000393
268114440
68620570
184683277
470420241
118618629
134084339
4244045571
3789348349
4077322213
4058580721
4077785084
50928386
4210886164
3808495606
4176410872
318839046
220007966
3806650588
16769505
488113130
3791975650
3807377378
469043471
4078631692
116987648
570751526
4161275636
117112064
3940874229
3924351708
506003174
3625599988
165478715
4279174923
4244835326
504698131
622926096
16970516
117112053
1376250
352253947
117831411
151913722
352980748
3689538543
3756252657
4245817851
452397592
4077187084
3991861491
4211209977
135261184
103027432
4160353512
49674741
4227664388
4178115328
67176965
51515380
4195619593
3773297389
3822647265
352916237
504434473
4108907780
149748240
4060150256
252582876
4265689385
4110546928
3975281659
168030465
420874761
32501268
4043963885
4194042102
4176278264
250076394
4160225545
32698107
3572821218
3737453802
3823694082
4141675250
4143507449
3723291139
4108965347
4243717627
82964994
4160880378
4294771460
3991406336
4277858559
3791981056
4159895279
4161141239
3874023912
4276216557
4243582696
4262779889
3922320099
4090087126
318623174
420018709
33091574
4042919696
3974297090
3824935922
4143514342
4142595086
3992580087
133626
4110481931
32574213
83624193
3858168045
4077254129
4109171959
116785407
84276480
166988293
4110612742
83884790
3841645799
3638229467
33227772
16386059
118559505
152769293
4212462338
3791065319
198110731
269289480
168955663
66977552
4294769666
3872508672
3705656004
923068622
389087000
4260759794
134274537
487196657
3959295742
386076422
4211078695
50402298
4076401909
117244162
4278780427
3976652267
50469357
118493436
352201753
285472796
85527045
151000073
150862845
503577604
235535127
118487561
4111336693
82905091
152178447
305146638
403845914
605756685
185339400
353310733
50328324
150601464
4093374976
470751475
185600258
3672897786
32761315
119413227
168496141
4075685879
301735696
4243463986
68091648
34738187
135461116
269615872
4011003123
150794996
3991795707
34796795
404227837
4007255569
3991202779
4110347244
3907319541
267577069
84408329
118623995
0
0
0
0
253165568
404498952
4178975510
4210359801
3891459571
3977052920
99486966
4042456603
99548414
218299905
67304206
4277532663
3942187507
4142925298
167503103
353499119
34277887
4278454533
4109562618
4278058219
4194765575
168561154
454889237
3926323703
99551484
4160222972
673324560
4161088817
4193647855
67306757
84279314
4093180672
4095285004
4076142330
4126933220
101054980
336203799
521542677
4194566908
4126803714
4193910772
301864215
68154630
270866682
2107422
50667297
4076141045
117501682
3959157763
3772707042
4244896516
4260489470
185071351
285740035
4075623189
4093108225
200600541
268893970
672861964
4245491723
3977569514
453834710
4145550860
336457725
4195288068
284685062
185665559
4279768836
218172937
100143619
335802379
271127029
4262206252
3758557162
4125620486
4109367797
554430221
4126274556
4244632317
185796353
100993545
85125873
135207423
3976721910
4278906082
621550363
3808884977
4226685171
4044031243
199424530
33551100
4194764784
4042388224
200673534
235469084
153030661
454173718
4193320725
4244241909
117441275
33816330
33356280
4109829365
67370508
4245094143
4193913854
4193644552
4244896507
66390783
456194
85134332
16446998
85327105
486739470
286788112
4110486276
4226808319
135789299
3538684398
182181876
17497599
4177592581
235210755
33685771
3841193728
3924226530
184936680
403242496
4011329019
419498238
252973831
4126863350
4227789811
66974465
352653315
421003797
4261941508
3841853200
3925277427
3924425702
4177263870
4261215221
67505161
101192204
4110026765
4109696515
216591858
66980369
4210754816
4143508734
3874942184
4110159345
4227267334
655613
217313788
4094229241
4126083842
4091997443
50002174
50528010
270017021
202581279
3957787665
218889699
169220614
319226381
4211344890
51319318
4059758592
50597367
420220958
4262070044
4210689788
33093626
218171389
101253388
4278450416
3640389361
252901083
102894860
4092925960
4075744753
82898937
352715785
201784336
4093771518
4261281536
4059236870
116257547
4126210045
201065225
4278779636
4042258425
4210160124
183632143
4160351222
4042394096
200277771
4160355592
4193846001
4092785681
4176474861
4242598389
4144166644
4211278322
4109103878
50066677
268895751
554696719
119542521
4144166395
4075814381
4044159998
4126409460
4008374527
4292339426
16705015
4159961073
82962673
268895739
454100505
4109168632
4008570868
386857974
169481733
50140688
250996751
50592495
4210297348
65858316
4076922105
100270835
4277797149
50462721
587656187
839913252
4279637260
4260626167
4109101822
319096332
201527829
134942230
302977305
4092593930
4226086399
100659975
50335496
4244044291
200864505
16908547
4127330045
133630487
4126150165
3992451563
267974397
100470787
202704139
49412093
135199740
83820551
4145284100
4245100289
3841194487
4007652343
3891071230
3723294965
3957717716
218557433
4160617724
4278123761
33752841
4261936377
4076666616
4110351878
3673226485
4041667843
4244761591
4143121648
4243849985
4009229311
33026290
4245091839
252245755
673582109
0
0
0
0
4245553152
251464959
4178707718
3941461234
4160226290
3891458282
133428208
134611470
4210295815
3975214076
4025152245
65860354
454428423
286920223
3924945897
3992054247
4092787179
4042189553
235596784
116852481
386202875
572400174
397354
4160818940
167636487
4043374828
252251161
50794773
184681725
218432514
269618452
185074718
4161535994
4076274939
4261673226
252055309
252708886
117376507
4194169082
16844537
68289274
4211015426
3823631354
4108643322
3975341543
4177659887
3992255214
133628679
4212064252
4278325494
4127588342
4110028530
234813958
3925475056
4211405785
352712969
151912967
4142530809
4211077379
201785596
336597261
49937675
4194103809
135068910
4278782728
4209968892
4110151153
4194303461
4160159226
150604039
99876371
336071687
168107036
284950551
100795141
34076925
285804297
4143511027
3942442991
3908107751
83032570
85328115
285544459
4262727435
301465345
4025345532
4143512325
4009159920
4244963569
3908301548
4160482799
167376905
4279044088
235339017
218896905
4177067004
4261543157
269095941
4278715401
4210098184
100660733
302450179
50987528
4160225283
4177855750
4143777786
66383355
4109955566
605155572
437849870
3976202503
4159694831
4226802428
17169917
184946183
219287823
168493332
4244768276
50265611
100599542
4026922487
83100399
3909545959
32898293
4177989628
4059693574
4244307706
134084872
353304057
454889247
3993042176
67246088
167777037
4176342281
3941921264
4024958967
4092456947
183561714
68550408
4093904886
4126930687
4076271359
236257263
4110810623
4144036093
4244636406
17106960
4227988209
4160619511
84019208
4008968451
253957115
202578706
4092664085
3958372344
4192462066
4244308740
369818896
4245161974
4126082818
101582594
118294282
4160818452
4293591560
32958450
403567606
236524553
234946572
202113038
305536769
540625187
4142866748
4294767875
117638148
50203401
184416015
219619075
503912990
218957837
688001292
67309864
4244702458
3992191490
4277337323
218428686
16710659
4160420349
33094905
184484348
67503877
4160880631
50857464
4143381763
3823694331
4209699584
4278516218
4260817920
4009818603
33554170
4009227766
117311230
85787646
4262010631
4109561600
3959158006
118360561
168036361
4009755653
3975281129
4092916220
4193056755
4176735730
168559103
320078338
1511687
17108749
4227335691
183891207
3975939568
4276880106
335737360
419368976
67702547
236067081
4193648642
4177261042
4041732344
65661160
537925412
486407980
940971534
909189673
4161276170
82511107
4294832640
185206779
17107736
84472313
151325178
4160748546
437257980
49475870
4176999915
84610040
152048376
4211411200
234098957
167638036
100139252
369557758
3974096142
3587889866
235790291
252710657
17040893
17759232
66981381
386138378
387585822
4211015940
4042649332
33620726
84672000
922119
303174162
4178379779
66519809
4209965301
4161470974
252245767
3874297105
4126404850
301267443
83695117
4142525449
4092584942
4260169226
217972486
4044619524
3690006505
4125813990
149809647
101707257
3959885542
0
0
0
0
3857383424
3924550895
150665961
101383940
16974344
4110745854
4008965108
101911268
4143252742
185855224
792824
33752838
4194240768
3940739316
116851710
4228315654
4261674230
4194368254
185005827
4193976565
4227529214
4109436412
67104514
4161012729
118162172
4176934394
4276614139
4294570999
4227660280
83691004
453974297
51250962
4261022982
16387086
4159434765
167117062
4110286345
4076532734
83426308
85326340
4060154874
4127522554
16580604
4211016955
401869329
168097811
117506568
4127848948
3941924850
32963836
50993144
437392392
318963218
1444602
4143128590
3992257257
116719092
4243392761
117175305
4261742593
3924815364
100731385
4028563463
4143459091
4109563884
4211209713
50983666
201788423
4127129077
4294443263
4092589305
4042061300
4261411062
134087162
4245487361
100926980
101252617
134216177
521408266
67306520
4244834311
167971328
50855682
234617329
4127784192
83362554
4194041598
4228119292
4177659380
4276482557
420148218
707270176
34282004
135070453
168498188
83685122
4244570875
3840866306
250870014
4211016456
4261349378
83425801
4210884869
4143841025
4261279740
167511555
4025281541
200406779
4026077703
3992583417
4177065223
201585649
151456000
4227596030
4143511802
117047037
4294439409
4261085949
4043895541
4042325233
4278576872
488508162
117509130
252645641
4075613958
100204805
4261019920
4110158072
4144831262
67701248
3976135683
49475834
4245288436
3992255232
15528960
33357824
4008634368
132969462
135133178
3976462586
4244568063
4210947845
134545397
117639173
4261348616
4261480958
84215311
2565
50723854
4278257409
4261211643
4142989044
4261148154
101450494
437258758
4161405436
325883
4228054519
168884992
235993854
4143904756
50199544
420019966
336332812
4246277131
4262525434
33557509
4059429877
4126932472
3957977611
4143507682
4261611001
4227792631
284948990
50854922
16317179
4228186379
3890802155
4092786403
4075744244
4126796770
100462588
4228055785
4193781502
33418495
4127123683
4127519473
4278847732
50001663
4043307247
4160353783
4127522298
4176279803
4026072303
4294375941
16906237
100135932
4194498042
4009491692
3991929845
16054529
67437567
4228516607
185075722
335484943
202576406
319428108
4042459401
4143314419
83687934
4177593847
4261348604
4227593457
4244108541
4278386943
4261871875
4177597195
4177397488
4228648705
83298309
85399832
4110944254
49746436
4175947540
4042388212
4279235312
4144958197
218765831
102563321
4279970037
16447496
4260955634
386796811
4244831499
4009424878
3925079270
33620988
100595702
4143314165
3893165556
4059301618
185007615
4227533563
4193909002
33618674
4294836230
17170428
151122448
15796751
200674315
168755723
4061530361
4278778351
4110222601
284225788
303432204
4195685628
4278848520
4025743868
4228054254
32502004
437520388
4144305422
4226412795
4211606524
285670913
435488020
387447056
84942068
4060486916
101054967
33950202
4093772296
4245094130
4261017602
4210752506
4160946433
135406844
437984297
34090035
33357314
4211342322
4143314413
301590278
0
0
0
0
4110155776
15921916
4110939901
4109893877
4059101177
17237505
151588361
66583312
4111073793
198898
4228382977
368509704
118230026
4243454975
83688447
4143838709
4108840946
217708790
4227532802
4143510026
4059429370
3975344881
4160223218
4091666410
4009687782
16904431
268503039
150729990
151847943
4161274883
50921472
4261610746
4211017220
33094905
50330889
4210552563
4109828084
4209959679
4160416730
4226680057
117570303
252050669
135201546
150532090
4178051309
3941926907
4025611238
3993108993
3925015023
4025413353
151258111
169214978
4025552649
98955525
50391295
4261610995
4042124820
3841522162
3856326635
168430338
4143188755
152370159
4260957451
4294572539
50068751
4260231682
150994173
4278453243
4260690421
134285823
235930637
4026860271
84870652
4211347456
116980749
4278778620
4277665787
4263120905
100339457
134214409
85790218
4227275809
102042622
4110482949
4277272582
4126339059
84869129
3959158010
3841526762
3957778680
4126470106
50004212
303042308
403112972
195336
4058837474
185336060
369361948
3825401070
4210487009
32960260
151391741
167252239
201194502
4092456936
336196340
303108118
3743485453
4211012578
4094039292
251001362
4278977784
4245296367
3572295131
3839879132
3925082097
116852222
31656192
100069389
4261344000
17238780
370543635
201128192
235345924
3975672343
318702854
117902626
3724017901
4008898288
253026549
403513336
4193512446
3874941167
101714417
16254468
3740262652
3672171508
4140753393
217187348
353630471
706418429
925314346
4142726693
150005251
403828200
16646658
201786108
4042321400
3705925087
285281532
236453405
3808099574
4242535932
4244106755
50393348
269094915
168622346
66977291
33427978
201590277
149945104
4211410945
251260409
100526861
4178378731
268762360
67759619
217579780
217517588
252638999
1184002
269354764
4009432576
132575748
218825489
4127454469
118551034
4042724368
3872513296
4260363244
4059562483
251455233
504432623
63252
4193251818
4229765895
4059697403
4110817016
4294246162
4143641345
4177004029
4143509745
117834752
4093182724
3891723517
4277728501
4210820621
4093706741
151190008
286003198
4061210125
3840540403
317583870
452526359
84733441
371594984
185930765
3723433239
3622301159
148165115
370410250
269622538
4076923631
369300717
4160091438
4176341737
83161587
4044948964
116394998
436143368
4177791487
3909680624
4209905934
4142196239
4008964597
3975015132
4294705898
85463560
48693767
4075867896
236264201
4007791117
470744312
4078830592
4025949183
3958368255
351793397
4127454984
18027760
4226280947
3959746544
185268468
4278258692
4261544967
100991236
469893887
4095402750
270669300
4293651452
33873147
788449
133561092
4193453587
4227925250
3975611154
4159244527
3740199145
150935062
4227268124
66778871
4042453742
4278904057
4042388222
300411898
219742989
3622110711
218104582
168236555
4259108374
687269100
386994715
50922245
218239230
453185554
118226190
4142984446
3638946534
4092852197
16716797
201067279
16911378
534507766
4077777669
3823369178
0
0
0
0
167641088
201391380
4193908208
4126602232
4244504299
184026642
4228251650
236063740
68360971
201655307
436602378
4146203401
202311675
421924897
4228189701
4227920375
488578044
319820819
4091875091
100788719
4211344375
201528586
168888329
3945926377
4293402878
16516372
4228844556
4177721581
4042522866
4143772927
202046465
4093771509
4260097274
4245937640
50659824
151258113
3975680791
4077260013
268380195
607384062
4179567870
3874611941
3993234412
185794806
101258258
4161139464
268767217
4011531030
67499769
388506116
367136799
4229483261
3705926611
4207930864
403100890
756354582
4132060442
3655859698
3957452008
4042519545
4076273655
3654868468
353112576
150210857
4262000389
3792706313
4074444289
82633482
4109759487
3673548523
4058775772
3924418786
185393624
4111472126
3974164753
4176803828
471074055
4277402890
3958962679
269354734
151787529
4194044178
34079998
4060544247
4025154022
4109365987
3891198212
3890995165
4092195818
116519934
653300
133957119
4244175371
151189763
101644558
4210689037
4176217607
268301309
4195288060
134420995
4160620537
4260693514
4160160254
4193119480
4279241984
33690380
4262004227
118427665
203555079
4227468800
284093183
269348860
4143711234
3960408836
4177723382
84281839
4110682630
17693176
3489997289
113828370
18146044
235081457
4278058237
4227660532
4193516540
101057539
99945731
184483855
721395
151252727
4145222391
50593288
101187594
117768180
51121156
34213638
3909160944
4109501473
4060151280
4126805228
4161210626
4193189632
4076140793
16248052
1046779
17041663
4193257226
3857516023
4024954874
4027843576
4260171275
100730872
302844156
4076601355
4043244528
50336254
17306896
118557207
4111598077
4294510594
454957568
320676631
4177205008
4143576321
503576558
236069154
84081926
4059623673
3974952681
235208184
4044092925
100990448
4261021443
101120772
4227858693
100598013
4077060344
4177921800
4058768897
4109696764
4176999413
67171576
50854905
3959421950
4075420147
4244960755
50590720
151783672
117965320
4126669838
3790730470
4294377730
4025483514
4058969840
3823955188
4092130538
33552902
3909222391
4043439356
4209963764
150403068
520824348
538444084
150928125
151193094
50330634
4261082363
4042390014
4243778554
33025271
4026465276
4276813557
83820806
4227925505
3941989381
166197761
319944196
34867471
166985988
101968112
4043310078
167837440
4126999546
17433334
336201730
100272665
454920
4210552793
16382455
3924822760
4261868274
84739318
101252120
369956105
4008577559
4210555125
66452484
268700688
34075151
234551294
252252685
4159888399
4127191272
17108988
33289726
50328822
67628284
4161539312
4261147894
267975416
370673936
320677914
101519916
84085498
134284808
17368318
4244507387
101718803
83625226
4176933117
4227334131
4126672897
117766903
67308287
168036094
387121673
100200950
4160812288
82838513
16904702
4177592828
4244176373
84281608
4244961803
4193252857
4059166191
15860991
83887363
17304570
4076932104
4110482406
200147200
4245095432
4110156795
0
0
0
0
201326592
4278322686
100269309
4244831739
4110088444
4228051965
16580082
185076739
4144563204
4261414399
4061006322
4293788158
185864454
252184845
84605944
437128969
4041602572
32175353
135262976
4042852349
4160158972
100138225
336657673
385674763
4212130293
33423879
4262729224
50073611
150928899
4177590519
4211211256
4211280377
101453059
4076145163
101845748
34081027
4144168695
4194042622
99547645
34406154
3959293436
4092784385
4076792305
66647546
33882875
4193975808
4193843705
4193780741
4294635245
218431737
33357318
3992119554
4025940977
16384506
3957914885
4075745007
168164335
4094491896
3907846633
3892639228
3991860717
4243385606
184283898
4193647362
33155323
4294764781
4109895176
4177329403
217254407
201782018
454560759
4179364863
117771271
4211935996
4093774088
4261017585
4277994744
4195617807
4076078585
50465275
4161735416
218892798
286460425
250940169
185797388
4294114040
185665543
33036815
4210685712
83160573
4228052975
33030647
151453700
167971342
251922445
438250000
402532900
117502752
4177129208
4093571574
3991993334
317976822
219806464
4110681593
235079433
436998933
253627412
152052503
118427435
319160832
918505
4278646778
4159764489
117048342
392707
168232711
588784
319683060
286852116
4211609854
3791322616
4107791846
4128178421
3976001781
4109954793
4026202086
185204983
50726675
4111004419
319618826
35791109
33883648
369297424
67042321
151457533
4075555347
3958369282
4242731260
116657160
150402596
102698497
184230156
33160974
3993107190
3941665019
3806586604
250407671
403898644
186389502
4193387527
3991136236
4226675952
4077189107
4092724231
4210292223
319155942
51247627
4160881154
4262461951
218175503
3890869263
267447805
369623554
420872979
184678641
386727441
67636999
418835458
454228487
3942184185
4159502571
353167842
253036559
4194699258
33421048
67436532
303635990
117903899
4294578680
3925669375
84275434
4161076224
4260950268
134088448
67501584
4194435073
16454412
4041927172
150401793
436991233
537922076
4278256386
4262527229
4261479936
183435022
34079225
4277138972
202045934
201332750
319160580
4177657851
3790599908
4026139110
4179038470
4109436911
151453189
1444864
4143320850
4143119356
327430
335288607
118029844
4193975806
134544632
4043306259
4075553010
4128307203
3992390113
4210024440
4092919544
50135044
469959945
858723612
116322834
65597945
4042385125
4159630576
452919027
571603726
319679248
135531283
150868490
3974886659
4260557546
403900407
286988044
4077522435
3756650718
4075550942
4245027330
4211407862
133358338
150008829
168094446
318698004
319026935
4127785740
3890809582
118231821
150937372
252775174
4244832008
3806718964
3924356070
4109956860
4008838637
32963065
285933583
301799962
84669722
4076925172
151517434
151589395
49083657
322811
134674680
485691916
755307043
4127323415
66716691
235597826
33488654
149943043
319947009
186318854
4143578626
4210362369
4243720449
235141126
4245683195
3925542392
48423669
369760527
101914649
0
0
0
0
251592704
134282252
419295739
354225162
336928795
4077191669
251594496
4127259417
33880828
3993437960
3907780583
82964739
918277
102174722
4127322606
3841256183
186192629
100401935
285473276
403768335
66716164
4160156403
134478580
3976263665
4092329954
4041733360
84606457
4193784084
66120695
4060410355
4024696568
4210092796
4244962803
368905728
269485840
4195747583
320081921
52041227
4059435032
3957660406
4107921162
17304318
66454800
67107322
100993543
504956690
673324572
219030817
218499081
201920016
4144562953
3875149051
3807049212
4024361716
3724145138
3873892304
100001498
270018824
3975481357
17435909
4211220492
303502085
18090752
404484595
4045218808
4210365211
4193385462
4092721905
4226742793
4126600686
4060351993
66717707
3976003338
4076271614
301269753
4245748991
3941665265
16252422
183633918
4262006029
3993303816
4058711287
167443708
219419913
4093836295
3673097703
84543233
403773458
33228065
4277795579
4109628672
4244176122
4043108614
184418554
4261608202
4277139709
4294703098
488575740
4246676248
252378380
84018957
4160553726
4294311922
150994689
82374397
50792191
4109695749
4126801145
4228509688
201591040
404032007
51247614
235800317
67502092
68158461
50793979
219022358
4109569033
4194296844
67107816
102233606
397823
251396611
185138436
3958240012
15463166
33749761
117767931
4060481803
4160228606
4143907840
527875
167773695
4261873408
3942513402
4160357363
3908170735
167571188
4144366849
3791585766
4245028360
4277535747
4278451715
4278190088
184677122
67698949
4260823547
4260493315
4059230193
33091587
4192990458
3891461882
250805765
51837708
3958966270
4276222967
101776642
168299281
4211210487
4210880498
3874552573
82179581
4226676735
302446331
369886449
353830923
150991891
4244433914
235729399
3975477003
4092522736
66515188
252444419
184484603
4178638347
4227597304
218697975
17111559
3706320392
4209173984
33815017
4093771780
368376826
252316945
201650703
4193516028
133627908
4211408653
133822465
3806461187
3908957669
134088975
218828054
133907
4210094845
4160479479
66709233
3977576681
33621507
620749071
4078237413
4041472753
4093308153
84216582
167514891
4278385940
4143246834
117503983
368903694
4160947462
4059103227
4042323179
4093767923
4076402929
4227857912
133953274
252246010
235798531
4228453381
67107322
32045302
705370127
741287201
4210884372
3909350125
3993436399
3909222638
637340926
807153462
387514670
3724538365
4093047271
133688846
4211473153
587663610
319753744
135010316
4194500601
4227662074
4293651189
4110281451
319028722
4060085501
3857253362
3941266410
4075943425
4226683652
318173207
102702103
16062724
135597594
437197091
4110289694
134386
302713611
319819279
319950349
4211209983
4059495923
4077584892
151525638
4043245331
4109761258
4261018880
4025872622
4042519277
4293789178
370731784
83490306
4077719030
4143454716
234946046
17370375
4277996285
4193385216
4177263881
3991404282
4244504053
286001658
4294646812
84081675
353374205
404684310
18486781
0
0
0
0
16973824
4194630145
50396929
4160622087
4176740356
117702151
302386948
4244306199
185272321
33690128
371395847
51517963
4161927168
4194499578
84607243
436730630
133887247
4279172344
184683532
458752
4160225032
4261080319
201455867
4277796101
3941858551
4109960175
4259966458
4109954552
66844406
3959882244
4109763071
4160615155
3993634560
3941269756
4126599667
66779382
203289594
4111473398
3975480320
4143513835
131840
4244896767
33292278
4144368893
4227927569
4144036864
4229040374
4161276931
591614
4128511488
4227862281
49932553
217577960
3758555376
4210883804
32963081
4075681800
3992519412
4244174830
16579315
17041932
4143905036
32170996
319618049
201593352
184617471
4093372655
4210492399
183564806
168164356
32902158
3958174958
4143509228
4278453503
265753
4261414397
184416258
4144035314
4042852075
436795655
4145217021
319160574
135134988
4111141121
4227981043
66914309
4177329667
4210489075
3975348482
318640911
251722262
253171200
3910735894
3974557154
65923317
169022459
638853138
101450545
251398136
117312506
4144038638
4059691768
4025676785
167246322
4043504886
4093117176
118555643
4229042443
4076207106
302450948
4044226046
4276617210
4127057680
4227597053
4210553605
252378862
4094367485
4243589893
4093837040
4194635266
3723036652
4093245698
3992842484
4226680814
4127525375
100599812
4025285630
4075348225
3825464309
3722174428
4041666273
4026070013
3908041194
4244636659
335742224
4294445071
4279244013
4262141972
203163907
572984616
4245885961
4076013828
134416891
4178183434
4227140101
133428480
135860727
521152540
152506405
3908237818
201195259
4143774734
4262135049
135069428
4144501250
4243984401
33819902
4076471807
4245029362
32834563
16446985
4278252542
521270525
320742690
4195095067
3941591280
3941659632
68424709
301996043
4176083224
469171464
83760410
4244439033
4262068733
4278319350
83689215
3808751098
4110288882
167966729
4262334726
4161146387
4009165558
4244568315
16189187
4059495169
4244765431
17760249
83758082
4211604490
201851657
83689222
285411579
134545416
202113286
66777082
4177524481
102307316
654906661
3875337751
3572039897
100007941
151651591
437256975
217449224
4228707072
303502055
17499146
16189699
4277401090
116979960
3925276921
33290234
50264836
4009684471
4093378032
4193252077
218231029
286399760
219094821
4279431679
4058912502
4128842007
4026139134
66296
68162316
50468387
4244766714
336468498
85916673
102046456
65730041
17169920
33752328
3723361773
4245090790
4159502089
334752250
253170709
202899983
99943935
555158803
34411289
83491595
252184831
269352961
1179381
135393785
4028044272
34078467
253691906
4244963083
84347160
521599240
454563858
336991247
186640901
4262930169
117111555
34667267
4210031104
4294112252
16646140
4143643123
4160882937
3873961715
4075220970
301927692
4245295892
4093508610
268566798
486604326
252968207
4178580474
4126801646
4092586990
270408979
285351699
4143906590
166986494
4227859209
4227729656
369360907
1377022
16645366
0
0
0
0
387121152
33490954
4025876233
4277269489
4261281011
150074624
101645566
4294571015
4179230978
4093051905
4193580029
4092718064
4294901738
4227268091
1529
219087106
83888140
4193518083
4076667643
4009030648
34475787
336465162
201588245
4227335666
133238277
185530124
4128179712
4261679370
132090
50724870
117965829
167968774
984829
4093380352
4244373240
66649595
4110091526
4294704397
16512770
51445499
4094105596
201652728
51575808
4144301565
4261082371
4227594987
4026200311
49342176
4024890349
4159566313
4060870912
49678076
320472070
4178906628
67177199
3993769719
400683530
319880718
16584189
353574177
4093770259
133299430
4178112512
201260531
285540359
168166144
4262330896
84607238
4043372786
4244505593
218564100
34799108
4177660926
4277794813
4211672063
4227924733
4244636158
3991530480
3974688491
4026659067
118625027
50207006
4059433449
4160096760
4092721649
16908790
4210818043
3992777205
4025089527
4093111271
235859692
454693395
4229433874
34014210
101253373
3892901351
3824157168
4126078207
270208016
3723766052
3991005919
267903722
4227592203
4143246066
637145110
622858019
470090768
3860528615
4260822755
4058641134
50001132
4176811034
3991798007
3772964593
3639269847
4210098159
50659327
151521014
235472902
4076865785
33166842
571998261
570166813
387057932
654854
353968416
4243860516
4058833142
3824479212
385938418
270146061
4143051263
3874549751
336993014
4279699730
4210886401
251792641
168696579
336391955
85325315
102043146
4278131726
303697667
4043836161
454819051
253303318
16582661
4195025923
336133380
436016649
4093898509
4059230441
234157833
134674173
302450700
269291526
4177400598
3637831154
286590724
201593873
369355800
34143732
17174008
133638
17437201
437324288
403961887
151195915
84414231
68554001
4043437307
117897208
4093841665
4227333378
285542922
853785
4126402542
4024035591
148957416
4044750064
4194176255
4228513789
99874298
16319244
4126602751
554113049
487333925
101121298
4026201341
167897061
673255185
4144236286
118485482
270211324
4109956345
4277926139
4280425982
4276295464
4042704871
4141932530
284089597
4212457203
84416508
235867917
4261938696
3841460228
148302080
236313573
85400317
4077192718
4261607933
50395913
4024431363
4160806888
218234360
386727676
252254482
3977384706
4125423883
421396494
3928105967
4095083265
33888264
3875733765
133762316
268896026
134742040
49737455
4195152117
152442607
4210821131
151455745
50596368
4177852924
4210562557
4092656903
368310773
4093449740
3924616452
4177989381
4245092350
3723884543
82510860
4211013886
3892449270
285281546
135650809
53155823
201327118
4128305909
338303985
404364304
17174803
4143188232
4210163461
352453902
4245353737
99153665
118357513
134806523
4227594482
4294112748
16972559
16054008
4110412275
3890341091
3589203954
4058906598
15528454
167244543
184615422
4194238233
4144099817
100661255
118553596
49938171
218626566
606472966
3693026580
4294310385
50267394
4244898047
4242611464
82106396
0
0
0
0
4026007552
4194108658
3892642309
3991069935
3974361052
4093180164
4176871419
4093313029
4294966260
4294183166
335940871
4161475346
3990748658
4175092979
3908038389
3705724388
49410536
4227130864
4160879074
4160028676
4076335342
4025279451
135598309
4228323852
351938065
35789347
3472165120
4143703522
4244437495
4077389570
4109889261
16583401
421007361
571217694
4294573586
4127322095
570169619
235996957
3523019020
3940608477
4059694809
4278846725
4076467958
335934461
118425090
4261476095
4110809589
4127521012
4176539380
32633590
4227196922
4126936573
4009697018
771425047
4260764453
3958574841
4243911697
3841314785
3672965849
4143639785
4076999924
522195450
4060815121
419486428
521930007
3893105674
115287311
4160351772
4279961852
4126219535
4192723713
4075943909
4160940258
4294836999
4227593981
17107196
857540146
184157955
134738430
17170936
4210754310
4176345333
4229041126
34676245
17105665
235999256
251662094
4262397196
4109893373
4142986234
202176765
4211347459
4127653113
4126735615
4294836735
49677073
100660482
134219010
4009619436
218036725
302908946
101123067
4161399792
4110092789
336333573
184750873
301921542
4228248561
4126210809
4059623423
217581059
588776721
118030877
3907639262
3974754799
4261022451
385088262
286263056
234354463
369622011
4245551883
4059365371
4244834304
66587406
4211082765
100338697
252443390
404230922
151130389
370346243
455481124
3994025451
184554739
4060083984
4277731837
452785137
487518226
84016381
50722056
4194963963
66977027
4059428350
4226808574
4177196026
269023222
370217488
50796306
4093638909
4076732138
335683334
539034394
218629114
4143247608
470283511
84408605
4142920177
4177000434
4160224251
4263186693
319229460
169348370
151457041
4294642443
252179966
168365048
270079496
185274648
335804674
4043963136
184417779
16642803
133234161
268038668
4077259785
4294903554
4278390784
4262468103
4193257989
488309246
238101018
100864534
84150787
4177792522
4076795382
66645751
4261149442
4260360697
4210490882
67567876
84411905
101716221
167712263
302513680
117898507
83756561
117638400
1121803
167840017
118228223
4093841143
4060023561
4227660520
4161011944
4243584255
4161010158
4294837756
234358280
218888189
385811459
100598267
117637127
66842878
3976261865
151254263
33357822
4126474752
4108709612
267578363
437979883
202706711
320212238
252845839
168757519
1777149
201066769
85198611
3941399539
3974817803
184483591
1639181
4143506662
572263433
34146062
437193483
201266208
352517129
4111336440
3890805482
4024953586
49937919
17169672
168363766
4211867649
4243522822
4261345527
4159895801
4058712827
216918536
4226740482
4143969514
84148461
17565184
4277208845
385741578
135069948
4262065660
4211018226
118160651
4042910709
4159895522
352519688
4177596184
67563507
117772796
4260495100
3840995317
551548932
555086603
16975121
4229235713
50202112
251787260
101518077
68224505
4211083266
100202740
33231370
67960070
201914109
4042066694
83092748
3959157228
101580531
17570055
0
0
0
0
4076208128
4143643378
235537668
788478
252778492
4077714938
268111865
503582733
304485152
286465302
4144172289
266665224
218432524
16646401
4211604738
4026006003
353570295
134483979
4178052875
3940675829
66644464
4076600833
4260885502
4060744709
4260432385
4177331469
217645067
352713991
487786262
51645957
4160752650
4228120579
4110614277
4126538492
67302906
16579070
4109759994
4059033585
3992583915
4259515898
151121937
167902982
168361221
251984908
4043370220
218892277
4294903293
4227725818
4226944009
4075808772
34084371
16583430
234024702
4262202109
3975872269
4125223926
98753516
68162558
200605452
3993171443
3672373240
4093767665
4194503684
4227072258
4243781894
150797831
285412364
34080005
32826350
4278647289
4194895101
4244373770
269484290
386865670
4094759447
4244112378
50198280
3601066721
3644606138
444977502
2965044901
4218106182
4108512710
158470257
730466797
3991592493
3396063046
783476080
271182635
4206241858
1042815509
743046942
3462336022
3524792438
705945491
289595791
4151694552
583008723
3287476718
329509851
729677345
673499900
4293141646
519293334
4131780277
487260390
271839352
134019666
4132188293
4043309056
100730624
4210817526
4160945659
4261214213
150862334
50985984
4278254336
128510
4227203336
167969522
17108219
4228121091
4110941172
83881478
135526150
4211149310
233701375
134086400
4177787401
4294700787
4110351873
100859648
4294573313
167179268
4126933501
184613878
134744047
184417279
4211539204
4294964746
4294966267
4060482037
201982463
4227597052
4093242388
33358844
4262198013
4010475003
16842496
151063032
167057154
99809530
33947899
133954567
4127127808
100857085
4211148033
166921470
234289667
4110680575
4227402767
33878774
84280564
4076863743
4210034426
50856945
4244635905
83883008
50861316
251397634
150668037
16774893
16711945
4059301632
4210819078
4229494758
4175102723
3977051389
201391627
134868445
65023
135916770
67241980
236712686
4178510089
83689951
4196205056
3876058364
4042457082
4277728781
201260030
4277927936
4177397518
101053473
3991931132
18480896
17765337
4093644547
4212524286
370470918
203297262
66645970
504493832
68343
4278191366
3959097360
14940679
135594246
4093900544
100991492
68022014
32830976
16776703
4211862770
267764744
49862370
4229100811
83098620
519897080
115672302
4041603081
84274167
149749502
4177264639
4227073034
4278127370
135004921
4008116223
3624393200
4042918665
536674809
318897686
3959620605
4193382898
991429888
16841732
4294839038
50787338
4177788922
4278850815
4127848194
4278451972
4260887046
49740517
4278191111
4228187129
4109761017
4093516284
134281984
4243390968
284947454
4059694347
4159108609
67039491
116591617
4194500353
4193781759
4245558265
186120957
4278714112
152303613
32638481
4278518271
4109106197
1442057
4193771252
50595832
194068
4261413374
100135944
200018210
4026338048
3992845568
4008773122
33949940
4092528382
64511
66718725
201656847
33816054
133691138
100072469
638906620
4176746477
4142990582
4227396596
2363655
16711680
4261480957
50587901
134806018
99745792
4293981679
134938377
302581502
235928579
66518782
117176079
4026797582
33551376
16785921
4228316666
16448528
49478397
4127391485
4126798837
200935413
4244110841
16776451
134284286
50072069
4278453218
50524426
49807626
4227138824
66909703
83493887
4109568251
3992651525
101121792
4277601540
4260688386
4092595705
34471935
4077324558
131586
4178641405
260597
150273782
4260233478
133694208
4278252288
4278124794
4126536704
133626627
101124345
4210363379
4144365572
4161277709
4210682386
1532
4126868738
4277670132
67432702
4210556158
50075393
118227198
33488132
4177466116
4160486401
4093377029
4278451968
4210492420
4278779128
234422017
4194697215
4060679418
117965302
4092393216
4194696959
4161206531
3992911109
4244767999
4278194692
62211
4143516161
168496386
4161209861
4160095508
50461698
134480895
67171572
258
33881598
4210818303
218626312
16711425
4210558969
4178049271
217576452
4243585537
185334795
4076859139
327680
4127064073
167506435
167576567
4194435327
151058925
4194307845
4076339714
17561347
320536305
4043174914
285341193
16842739
1019
201455093
100403219
4176741622
268242443
4244635389
100340738
235081203
4294901251
1832707
268502261
235341300
4077719023
66034
4176280331
4261809417
4058839813
201261566
117118723
50070015
117176828
100670967
117376505
65667327
301074953
100334577
14287358
4260627186
51516405
4245294555
3218735610
16775684
33552629
33034742
4261085186
151911429
4228119027
4059035893
68222719
133626895
4278255363
4194432262
50330624
83556606
4210819601
4277602314
51115782
4277271304
16057092
66915831
167836426
4278517760
100466428
100795893
4177397495
4243586816
4261479393
16773886
16843774
4278386420
82639354
117898508
4210951685
4294902534
4294966526
50396399
4278710786
4228577005
134940949
4092657923
184613379
4160747272
4278255874
184809463
4227399943
100210672
184876291
3976460554
15662077
134741772
3975413762
4228252161
4244506373
83755008
117768448
4211350265
4245288973
4228317184
4278058750
4245093391
4278909959
167576051
201591308
82838528
67634438
4278255379
4278321148
4093767165
4043966455
4211672838
184285950
4127915003
33620475
33489149
255
4294834696
4093317112
82900497
4261283840
234816251
4194500862
267714307
4227663618
4211410450
4161406722
167247616
4027582210
17232648
234883315
4261609216
67829751
4277405953
4028562944
4210424322
4277608431
528
4127654915
4344
4261478124
34214149
33488902
17040653
4146008830
34078984
67175663
16841221
16711936
83036418
4210752493
100665091
33291000
67038482
3876057846
4176084734
4211012593
4194767614
135460098
33423615
4227469576
4161659627
151321850
184025342
4093908997
4244767993
184877829
66051
201066746
83622927
32830979
62467
16776696
4195089662
218104080
3942127605
234945269
452135419
4227858437
453511176
33554180
67371255
4211136512
151783163
4228046338
134483463
3775065847
150407408
4076994544
100660990
34471940
4210950655
4161408514
50456554
3992782327
503251455
268111114
258308
4110419455
4076995589
553839619
218106877
3891591938
50267640
16776956
4211341321
4177136889
83559419
4194566667
4010540542
4211340277
4077120515
16711427
4278059779
4244964339
4194304270
4093119999
4245023995
334364412
117241855
50331908
49938434
4042324481
4177395967
4210492421
4244369674
83362044
101318655
4177133061
34411262
4160029183
33485322
4126873846
16585744
335610880
33553661
4294967040
263127692
9827920
219923560
257849569
245081
232652023
246416341
266189733
212060398
246699029
236636632
242499005
256392687
238059870
8634362
71680022
242009092
23311363
246218651
291500
228310971
235305625
37781541
260884448
242480680
230587001
229948919
207388038
254529309
53049333
262063493
343195
3860142577
4127005181
4177918965
4195419150
182979059
302181168
4143510021
4161865992
4043115499
4196012793
50135309
4210493455
184618005
421264657
4280160002
302381813
4278910209
269745669
83758331
184941585
4126801682
4126012669
3941600506
3894935314
166077676
136122144
118819839
4142989041
149688378
51251958
168231424
4162391035
4110225423
4142191328
3757838330
3740402416
4093705454
4177462266
168692460
4194963208
4110878728
99610118
352255985
4061399289
236196864
3958960363
4278449661
49152270
185993990
303494163
4163444714
3976999196
4261145058
82572530
4192266761
49411578
100988390
3959880457
301397494
353823511
4178385648
4125428486
4159504640
285933591
3994681072
4227330575
4025740012
2563
0
0
0
0
4043047669
83035917
134937587
586611715
4026132998
136183267
385619201
488044571
33550601
4210883581
4261609721
4244111364
100793089
4175366154
219802634
69085453
269349884
4260888041
4043971330
83685885
4244963836
300940806
4261800948
4143712511
4277004251
4077649651
318832914
117963267
220069133
4278387729
184222983
3793687063
3925875702
4159960067
4243191798
4008307720
3944086780
4211549946
4125881631
31648234
4093766635
65470443
3691182592
250084094
470220041
69078801
33491707
4194435343
319223308
150864658
4024299244
66382846
4110022642
4261085941
4194501140
150603029
4192795164
4161403651
67038965
353308949
335679515
3909879562
15992056
301861902
233764869
101975810
4127719937
4111137766
4243519956
4262661613
4176344042
4211075331
318966798
3978565126
4294705688
167835909
371517183
4009957384
200543218
150401546
117768680
3941329394
3992117771
4076666103
4262659080
51052808
51122176
84214795
4277536261
33552133
0
0
0
0
3688562688
3772045536
51319823
4195216896
351266569
235803899
16123425
150927842
49608709
4228509942
4260103138
32437474
3976260347
118029043
4246208266
4042200828
167708659
351140338
4093446150
468645892
17828092
4093709590
4244708096
4092461048
167701759
3957710349
151255561
4074769952
4226677492
33227547
3942252554
4194371832
0
0
0
0
4277600256
33486593
4278125321
4260759559
100531720
3775271937
3756128540
4060482822
68617488
3991473136
4008510193
385087755
151453199
3824946171
4161737209
3875796967
185404147
3742109471
521069013
4178839553
4226480595
133362177
4294703865
485493234
67171105
201911039
219808249
4210888951
235337479
100333842
4043893480
32637433
100987382
335216122
4042785808
167314189
33489418
486943466
4029231892
167116794
185466369
4294772984
320539670
4193647356
4110291972
17238251
4145156099
4109497344
4227469820
68353556
66584061
100140551
4261673223
4093969656
66321144
50463481
286787575
84411664
116523548
500952804
4263048714
3555265800
485750523
4059828235
4278124027
17566473
318963980
4244963076
4193777915
4143575036
66845696
33026816
65535
0
0
0
0
385811979
3774475796
4277269461
4077451254
63750
0
0
0
0
201000191
50596858
117766676
100991736
4194237706
3406047215
4159244560
66844924
402788368
3876581103
49740535
33027325
4128179702
151454726
4227920128
50526192
4109958147
4243719423
4278582027
49807622
100796160
4262134019
753927164
3792500486
282455534
488041978
656214038
3924493832
4058503421
130799
4162064634
4277075449
3909483236
249948649
50658295
4245223963
32044525
166986516
134412809
4227792126
387774973
4060940515
99938560
4108977927
4227991297
4176084713
4025416709
84281839
4260822267
3841649658
4042066174
4225757173
201655559
83690766
4293396221
587536641
217904676
217646846
168818962
4210756868
201652480
436405776
4228186896
117043704
3858561263
268762615
16710896
501
0
0
0
0
16121849
336141844
4176805659
4094097655
4174843140
168753898
1314580
134024726
184349189
67370497
67437078
84279292
4227726589
237961985
4176675559
3891196153
4076011245
85334008
52822527
4243587345
16907274
16446198
3942643195
4276287251
4263117300
4059826172
50529277
4059753964
620104724
4245095161
33159165
471991553
135793666
4162129910
3941398005
521139701
4262260222
4058972396
101909232
4127854069
708640523
4093381878
4027124502
4076141561
3774158590
233635855
32905218
3992651268
4294248192
83755266
4161731563
4245163771
4262131711
134483452
236911639
3994422531
4159896584
100599292
302057998
16186630
4193912593
4277208835
4228252415
16453368
218500342
99810828
201390851
4276810765
4245095190
4127453968
32633585
285407990
3909816067
4227985404
4059300097
4228251395
3839822850
939852553
4212649963
4160492023
4278255873
3891333372
151775235
4026462953
4278980106
117964536
4093905159
4210688011
4110547444
4194108407
0
0
0
0
4227989504
534829365
4126399439
98566155
4112314078
4277142272
268628732
84081442
4094230010
34273023
84810751
4093645543
4193716213
4277596673
788139540
50527759
4025675255
4226614514
387380469
4093121007
51639776
66318839
3942971897
99804676
185799665
4277141266
166065925
16122376
3708554472
117245698
4278389773
4229298938
0
0
0
0
4244635648
4227596540
100137216
4194107653
4277732088
184225270
4211672821
83364358
4261938430
50528512
217907476
100262383
84343811
51382016
485359887
303101474
302514714
4194630645
4211864321
199691781
252444943
486934796
201849350
119143177
3892316926
67175415
4110154494
943655419
4161864952
4210744800
4177460462
4261477357
1114359
234955020
133697284
100332557
17236737
65530386
4159562994
252576247
153097460
4261734638
4144303072
34144774
4008114168
4109102570
4277401358
436270068
3976329217
99873030
4210555140
15922959
4176870396
83817721
34996990
4176872170
4125881859
4227266532
4176802810
120594677
3909745938
4194105606
4194305552
235012876
17234438
4227858943
67239685
17235966
83099388
218756362
50593276
4126934011
64251
1
0
0
0
134609172
738072073
4143116029
4294573046
62468
0
0
0
0
3993438454
4109303287
318307830
202233
3790727200
3638886136
285541126
236527386
4025745667
786162
167968273
3841855989
419415284
33626090
4229105934
485819377
151582482
83364355
4278258168
251070467
319423227
4161542128
4193910799
3823496959
588904435
218426356
118526
4010155764
4126993399
66912506
4259314938
4178249967
4279245073
166331121
3825206800
3858363126
4195224330
4177071626
33619959
4127849985
4093903362
571210259
85328149
202502419
4227067646
4142781158
3925671669
17166322
686484481
4176015595
182972147
219609863
3843361807
3992792308
151130889
3924558582
235209462
134351358
4193382122
3925997806
134881779
4011722501
3741192191
4043960058
67830018
101256698
4109432561
65015
0
0
0
0
418970885
66978058
3689875726
4277803533
4227854867
4159502605
4076802031
135469309
35330278
4211538172
235077365
84081156
100005635
4278451966
3723366133
3992450034
4125961732
4125956648
4042775015
3608082928
168364536
4044158974
4194174449
367722257
132965626
3539735790
32961553
116851200
3975738359
4109630208
4263107324
101322229
3992647949
620893457
386278663
3957518343
200865808
385681169
98500847
403956456
4060607249
201461765
705956878
3941204936
4062436890
4226739715
4025154038
4160025590
16970991
4193915118
66055960
134933493
201524478
201849106
4278980354
218756617
3993373687
3825474805
67436255
4243190270
220004623
4094559494
4007855112
435619858
4078373111
233504776
137038083
4011196989
33294084
4178772485
387114246
4276678430
16510973
913380
3690406158
4025475843
34209764
334889979
68354830
385882646
4078499859
4177988613
15602685
16715763
185329901
4278715145
4143190528
201197832
3656585213
4042395634
0
0
0
0
3992256512
216467719
3673030668
232579066
201200613
4143648269
4009819170
4043375591
3943104751
4226357222
4193778433
3959554034
82447333
236975891
3924887300
100588791
3926787323
3894156044
184225035
268900361
268303358
202894604
4061726714
284819963
772871969
336202284
316737322
687671805
488050202
4260038394
83826716
4044167432
0
0
0
0
151060480
4160552194
16583423
4042849012
4227859962
4227987716
34143224
117444879
50129406
4244834039
184745482
3826257133
4210496491
3723095002
3976265724
165859854
303630277
4126734589
4109756921
3892707550
14943213
4060092177
49545435
433582337
3976068107
4159830765
235463156
4193847556
3991994357
100856563
335868393
4143255553
723222
17624562
3486647009
47706902
183756283
4191676433
3774670593
3756845802
3959811335
4160877309
4059493872
16189185
4091927275
220202457
4060873463
3892506108
3857457400
703519783
4177264125
117310217
4109434381
4161539073
4059104499
99153172
3841651199
4126999549
216926994
4009030375
301925135
3640524566
4043044367
66921744
50525952
4177722629
4260826115
117178626
4277075179
386202905
4159508995
4126665459
3327
0
0
0
0
4261546494
49810684
254142731
634668844
50392
0
0
0
0
33490683
4159376413
151909639
185274875
83295250
470152474
86112771
4126077436
3975279099
4278784005
392444
4060217082
470682645
3758425086
3875076599
4244312558
4075617778
286062597
267776272
4279631606
4260823280
4144037888
3940091390
553386239
4041727487
218039308
4008571924
569638897
587795202
4194759171
84148727
4094758634
134418488
120260362
66647318
268495875
4261020408
4261346568
4076666624
32503288
4042324219
182447102
4143908859
4043444216
84617728
4161274115
3824022779
169022706
452330756
17628181
286723578
4011454725
4176414440
4211473414
519304695
4143842806
3992121090
83625719
134480396
335810322
85585677
4009890039
4026207994
301266454
4293388060
134346998
4211542532
2557
0
0
0
0
84483852
135330300
83429115
16841235
471202291
168490518
4276415979
83038721
118489128
4127131134
4278583292
4211080450
50331388
4177985792
419366689
4226747407
4008050946
66843372
4161928689
302718482
4279176455
4177392648
184810232
537202667
301988872
3875278603
3840346356
535234304
168367886
16249106
4127064819
4211605758
402003438
4177720547
101444847
4194893555
4059032037
4209175280
4159569422
3975475435
16973305
3941399016
83688956
336657150
19143685
4195944724
32306944
4109498378
4125945090
4277926640
3824284165
3960401922
49811969
16508939
100597488
504958996
4260298502
66777086
3623161337
3385712872
218299403
4261218567
385548052
118616569
3992125947
369487108
4178247686
4245091576
3791582194
269486347
168163596
352320795
219090430
34017798
4210621428
4094426363
539296257
4159306007
4159962610
4260759289
4193909003
1207166725
536285715
218430720
150993399
4177790220
4261218560
16843770
4160617475
4261151992
0
0
0
0
151060480
50532341
4127649795
4211140862
235469051
16248827
3891654131
4279109089
84413692
538774015
337716196
253235970
133957375
3958639096
200210935
353236489
3993761278
32309758
3959159301
486465798
4262061323
4041730804
3825464820
3792702160
50717160
33286389
4244961255
219936242
552860147
32897764
201459980
4161144845
0
0
0
0
32505856
4092723202
4278063102
4228120825
33554952
84013569
133234718
101055231
135067648
336595708
4009170428
846616
67438582
4244570118
4025605140
84535548
202970363
3909552143
4294765540
117113078
419364117
66850071
4294312190
353896201
66388995
4161145581
3958898403
417924619
234488564
102178324
4127066093
134877182
3942188766
4059566826
4143581704
4244112646
336593406
4027390707
34079768
4244045073
4126406138
3907451372
788205375
3941399572
184153356
4161603584
3943297282
4277149407
4244243456
4111202045
16582129
4176740344
50396156
4194302715
403636215
920040
284628261
4243977728
4109826557
4244307467
101316599
201850647
4109099260
67041791
100989962
100464882
134740482
4261085693
4161409792
67568381
117310986
4093176567
65520
16777216
0
0
0
418707980
286267919
4177519127
116720905
65276
0
0
0
0
68225764
287567888
4211470301
3976402405
4245029117
218762494
4043110386
384629269
4179040737
4127657218
3960664299
99742426
268241916
4077715717
4209574922
4060150030
101712138
4293716208
4279175433
83039246
4294705406
4143378685
670369024
389556237
3957584895
3809402350
3202285022
167777284
3541036261
4293850587
535751968
4277788435
4093240048
4244442347
4277538063
132708369
4211080443
4277405190
4294899706
421658621
33228303
4043309039
384629994
353436688
15539186
4126807040
4160747267
4060740864
520358709
218369271
301136924
4176081390
133501461
5619
34408709
3976591593
3908958709
152959236
33495794
4244179209
570682883
405470736
4161207815
4275763201
301526775
4076141338
4193059073
1286
0
0
0
0
4025220084
319483646
318111749
34015217
4145284629
16777213
31781877
4127198744
4260309747
4261612546
4211145989
4294640643
4261803514
15728898
4175813867
803924181
135260699
571018781
4228379921
4010141158
402126592
118417930
3908692453
3807900422
368646895
117311767
4244896504
4093772024
4008783371
16447493
4143443169
33093863
3673291496
219090708
3891460582
233506817
4260430584
3992577031
286397413
3775272442
3740475156
301921527
65987067
120383728
64821233
285541396
32180230
4244566523
4244243950
3975157271
16513536
4177987072
4092987648
101381126
4260626682
386202893
234226688
33090551
4094095601
217446405
101388297
84935680
4242736649
419631109
4010349338
67630351
456132866
66982927
4024891657
4058644493
520155141
4094164974
48948722
118422276
4043374870
4061064959
4008900845
66120978
4244898784
3908768782
4076927247
3993050134
236253166
4008582438
469900299
4078177067
4175428610
33551118
16318983
4212132609
0
0
0
0
3758358528
4026128141
168627680
4259774705
318504700
4007393016
133561101
84546559
116857634
33620219
4177068021
3991786995
4179160326
4243719423
4127726323
519368200
4008249359
4294174446
4127063539
4009890527
3974293753
401153056
4227917811
217512195
521470474
335680057
4278198014
151979019
287118076
67366393
4260768293
4093179661
0
0
0
0
16842752
100466686
50067968
285149182
50788869
453568014
4127333630
4278977294
33229058
321451508
353833996
4262132702
4160360957
3975876337
651247
486345510
321194228
4160953090
117381387
251853560
3959419139
334566665
201065229
49937956
1042949
4143845864
4093967872
4141678600
4213376995
4227524339
100402180
318177293
587398382
252056334
4176349434
201658661
4261999599
3889562666
3840209634
14616564
134479370
4044298267
4042187238
184681967
187764493
4261940750
268827396
4227795726
4162787583
183758083
4093113604
4261408508
4277533432
68225014
3958244613
4226152163
67432187
4294833930
32968437
3673352182
638515973
4227333906
134147084
4227921155
4278845689
100992261
4177790470
117114113
82902520
553451810
4244903431
4196535038
1546
0
0
0
0
586616831
3958893309
303038987
286066918
3851
0
0
0
0
4158978564
15927546
420083217
35057141
4061197313
4093312717
484703469
119004430
434834689
4076542458
419176492
4110086693
233896718
4094099461
4261412853
99809033
67957513
117048054
4060878590
4277860866
116587005
17172223
4110285574
134608622
4160224990
3806257150
4091274216
4011322606
4076345836
3591113234
4059435491
4060608226
71423
4243849470
3960405489
4025938426
4227333121
4126736390
101056514
4228119284
84735487
4108776950
133757694
217978630
4126010651
150666500
3823765494
4127526166
233567504
253230097
4159832076
821100305
4163237893
385753102
135068410
252574972
4094425363
116385539
905191431
586799381
3994222816
3941927675
3992451568
234159107
889787163
722801948
536279559
62979
0
0
0
0
352056564
4127389172
4126409214
250082033
251852814
3808559345
67237636
4095019010
4126540269
4244242430
33552891
66910725
17105914
4179755022
166920164
4011721720
4028239579
4196019980
35065362
4143251713
136835321
49740285
1040969728
4212655342
4279301130
4159833085
4076857581
4024241426
168157691
253030410
218303233
33096735
52165131
4013692414
149358067
51178240
3908375042
4060024314
402124773
202112232
468578836
3976786184
4294711809
4278448376
202382858
385943544
271115284
3724934390
219409901
267268598
4127188996
67306733
183765263
4144496132
4193449997
4077515500
3926392548
420151806
4278457879
3993306388
4278982894
150274848
218038788
50324208
4025608164
787738333
4215347443
403251749
4126080259
18219767
3992844015
3858560508
4228709618
3891067898
4244179940
150726661
606733813
3809808098
436994298
4226679042
3825792242
3994482959
16642314
4196016919
4161474306
33096176
203160059
4260627688
3875731190
4277927933
0
0
0
0
69730304
4126473735
136698059
4177650199
3975542018
4263707902
4024895517
4262269463
4126081008
167381997
4195351039
268170763
4260173099
117700623
303689954
3843165429
4077129465
3908826868
569180420
149351470
152368908
3488740643
150014478
4244699639
3891591417
3993107965
3588621563
714478
185595361
153096170
336656901
3086347
0
0
0
0
4093247488
251328507
4195152645
4177526020
49414147
4092263170
83097089
4144692758
4008564712
234157053
117177060
35583725
251136767
4043569668
4294583292
3958114573
336264453
4143511293
3959348711
50527993
16712707
4293918994
3943697638
4176539136
15265788
4176998418
283964693
284298746
218098978
872680695
4127646461
117376003
83684100
135257325
3789959677
15986973
4145019389
3592890826
3306232586
434901487
187240486
4193513204
3859208671
217645801
285731846
182449890
168170227
368046365
4262723623
285082877
134545399
84149247
4161146368
4228256513
195842
4076404997
133763313
135004687
3874354960
17556470
438245662
105127923
4095353635
4177327829
16316166
4278126073
134610175
17303032
134610696
67568155
101319410
4194109179
5652
0
0
0
0
169408024
200676618
403575041
4059560721
60913
0
0
0
0
33097492
3992193024
4076803054
184939287
3805017844
772791591
4163116775
387582712
4112580094
4093767918
4126340327
118429940
167505396
4077256211
51444737
283768036
68416240
536610528
4260822531
4294111992
454391
4094694392
487001097
220793843
484114942
4111784163
3891661286
134277123
4126732017
333517530
201650960
217709583
3790408722
3940800500
3724733418
419887841
335020545
4160553221
4261415938
85132290
250220288
4246543350
4077987860
4261477870
3942511351
150476791
200410666
200861935
134540030
421134063
117904391
134878211
3757437447
116466666
3926190578
540349193
3891990803
250017023
319095800
4196213252
150543371
3957980926
4177264629
4143258869
4193119992
50922248
51848729
2843
0
0
0
0
3992058616
317524992
33555454
84144658
301466612
303033885
101058562
51054567
67043841
4210950142
4194500079
49741307
4228054274
703791611
4279497991
4092726273
352588024
150801176
4278124271
638389516
4227405058
368837143
4177129197
218034173
368706551
421982494
4177062910
4029025552
468518406
217915375
218758941
303434509
85925373
4245958684
4260892939
4110680081
4125881850
4059758566
167512062
4111005691
3977182710
18292721
50856177
4227209201
4143319811
32570112
4227455723
66316791
4127450109
218558702
268174856
469236453
4244312084
335015944
33754614
117314572
3993237285
4026337514
4161208602
320208116
184488177
4077321696
101643249
252256000
418384409
4244175369
3505649135
130868448
150336503
132902904
33942530
3993637874
65870852
3942252568
3941533184
150207249
471793402
270333703
4177662999
4026530574
100660702
4176605712
3823630853
184356872
3925016321
4194298859
4175623920
51575552
33750796
4243980044
0
0
0
0
4109697024
3925867229
117966329
302916599
33551845
4276755475
4159178268
301530623
4280815124
3994036249
34341860
186976248
4092592377
4024106763
552600323
168689913
4261211387
4159439623
4076600058
640155121
116926172
3842713086
487132427
4043502832
3958826995
4127391984
83034079
150599667
184022555
17828880
49218809
4278253824
0
0
0
0
4294705152
169675006
151131910
268236033
16903688
204738821
3740863468
4144234205
251267615
3856205592
3893033466
81866541
4127452929
4278581769
219483660
3471566563
437519120
4278851840
83823355
4243784955
23
4276557050
4110157578
3975741159
116849907
3977119263
48496375
4110478078
320603133
219288330
318829828
520819490
3958500346
33491970
4060812547
149501466
3723487009
134873077
99219964
34741485
100787735
4110546168
301408276
66518273
135331363
4210948872
4027903250
3959498526
4193782003
32569085
167378949
4194172158
33556222
66063128
68353020
67896050
352783592
456966
4260756722
316728546
402584335
4160151820
4259841264
4160943090
17236479
33750517
4227399676
4194172154
167054603
235011842
4244833805
4211214859
65026
0
0
0
0
268432406
4043966479
84482527
16254476
59396
0
0
0
0
4095343608
4244965851
3841395959
217066543
486532887
4076532730
201913079
386917666
216466647
4211872786
133102088
4260495887
4128173283
284358652
4195546623
33952266
3858365710
133561333
33161995
4194043917
4027257852
284557849
3874748907
4025475312
385814751
1440230
250414850
3824038120
218240801
83031043
4042640131
266531
101385732
4145682452
286976977
587532813
4261609204
4144300532
3908761599
4261285376
335871487
350810393
3878030567
132908311
4007847415
386395121
86833144
4009031452
66781956
32577002
4061332482
253034000
167522838
3889687558
4293585400
436534027
3975938291
134939109
3738955514
3690135024
3943111446
4226941159
137038084
4194103540
4111398906
268442855
320604463
1021
0
0
0
0
350482164
4144434444
4280223226
4110748418
1025639922
741802536
150078206
4210162959
82120190
4278585344
4211868415
66192125
16049912
3910269945
283378435
86312961
3941342446
48492560
150664952
320013810
387647530
4211743228
4277724141
587071236
51116560
134613771
4243393272
3807780625
3858104317
117440249
33093102
488442117
4076863479
4208844790
84604670
283110662
4175950057
606200566
4263513841
83361263
471205115
4110156029
33364731
353306379
3688894187
4246078744
4212539148
4010674695
234546691
3974954500
4059359482
4227329543
3739088105
15199730
49545480
4261280536
4227137271
4141997549
117571059
200605184
183626492
3992392722
402785296
83166466
455151103
4109638393
233831942
4195477747
520093196
3893362181
184154632
3942056442
66781191
4210361321
83229692
117897976
4227010320
4142920670
4143180282
4007730170
1058606061
585689840
4177587688
3807373016
150593814
4076004585
4042721020
4277535492
4210886655
4194303738
0
0
0
0
32571392
4293845265
3706778367
4057858326
183307279
50985219
3907394304
301854220
3876384754
31914198
35249941
4095614975
436402432
790434056
4262528295
3892962522
4143317752
4262070006
4175881440
4025018856
66717940
3894345202
233969900
4196142848
4108712961
269947852
503443701
201925142
286853102
3961522445
34007002
4009221897
0
0
0
0
4261609472
4142205191
67699214
3993502710
4176674042
199630082
603063057
3889889528
4225503503
183826724
4009094902
124664
201467912
385807136
4209763336
4008707062
4009552408
3941725694
723672
4111143412
150535926
3875538659
320474126
519630059
200344850
671543328
2946010
388628733
267643931
4129222915
4160289803
83232774
4060081651
99673587
134608370
389091585
4226749978
535951872
83424274
4212985599
4211480825
4262328102
3842243582
4059368948
4192924668
538313781
168036340
3927902457
4112060407
552599301
4025219318
100139766
4279304457
4244376826
50069237
301596441
4144366329
4228970228
4044373228
687015954
3672496122
4142336247
4208449533
4260943327
4193450482
4244633081
4227399943
4194109181
67305977
4027449079
4228904944
3908836600
65024
0
0
0
0
3741380339
536294132
4007719198
3892830940
8741
0
0
0
0
234749439
4261086463
4177522938
4211351557
50463005
117307395
303566083
83226108
4144634123
4194037250
202769394
118955263
3993708272
4110878976
200412166
3892447492
489296373
436799781
4178181119
4093246451
151257087
4044225784
3958307574
133955580
4212265224
4059626721
4179182077
282919172
3958248183
4226611978
3975471632
4043950860
4224842493
4160288499
3706586585
4226347522
184815876
17235231
33159922
4143379950
117766905
100992769
4177527305
4161071344
3842051826
49545752
51383545
200799018
4162769375
100728322
16381693
149490179
4277018655
754967855
4176151289
4260236280
116264700
368836098
67112727
34928378
184939779
4293589259
267451904
4010020364
218889455
285211393
4077055721
21
0
0
0
0
4211279111
4092788980
132909577
65728516
102035695
149362182
184351234
3991666188
285085956
50135295
50658304
4261740036
4227665415
133430019
4211738363
352520453
4178115071
3757581299
16842759
118553593
4242600961
83164915
16388613
4126800110
4126277366
303302649
4228383222
85006074
3991996681
3875486709
3876526360
4162789367
84546310
18089752
219286004
286650115
49018379
4060344050
4145090526
4245230329
4243856401
4060868875
4009557759
3856925910
625868035
32964365
150468845
288106996
117834745
4025806340
4060081910
32573951
67245850
4142792206
3876058604
4194101993
4276814834
301919730
150923007
4243912961
4261475322
4094034423
3977119223
50334959
4060807942
419818995
33096955
17427982
251525630
267787766
4160614921
3960933111
201126143
100405523
49343749
670110219
4243974918
16978446
50588401
118225144
386009864
117434860
436730872
84936730
653328678
33215497
4211143935
3942320123
604897285
117438984
0
0
0
0
66453504
4211539457
3857654271
3992917242
133499152
369948946
4245555186
3891921912
684655657
133811195
4026397164
469959912
4125820436
4107861250
4261351437
4211274485
4243192324
218100987
117046773
51052553
3976334865
3706451693
4025025533
4227465966
218563327
4161340142
4192207599
336527600
116918039
4261412867
3941599471
722207771
0
0
0
0
4227792896
117440003
117308931
4093642238
235208444
4160947208
4041737475
16844303
82773520
3974230017
4226936088
268370179
3974890518
16574452
318048775
4144365564
588313848
4160290563
4077245919
418768379
203030518
4144300271
3892839440
4179100409
4143447297
3993370607
3773623297
4093841668
33814787
134218222
4141802732
3875598842
15922931
50199032
233039880
68944627
4026272026
117571843
15924980
1072883442
4279231210
4093187329
3842239218
270595326
217182951
4245418746
656392
17041162
51188997
4144567536
4278715648
150801149
4227661326
4211478535
118228739
66782479
4143772406
134939399
4126732551
16580627
4262589714
3890020861
3976269847
50331394
67764229
4228055296
4261541380
4211671040
503711231
67109907
84146937
4128381186
64512
0
0
0
0
67174638
168041989
3875406611
4127454739
2815
0
0
0
0
66717958
4194697735
4160883963
50136061
4260822785
269027581
4279045904
66518542
4127457284
100337415
67435522
4077059847
83098623
33026305
67503356
4026665986
50723322
134872058
16056832
4177655297
101253368
84017662
4076929025
370214161
4262791677
185204476
786949
83099135
17104117
654316
117110509
4127849217
167574788
50328312
402652665
184683800
4294770685
4261869816
67108352
4278387970
4126800896
4242864134
134808850
4177790202
4261285127
4261936657
50460411
50202888
183825920
68092681
353502982
33685516
3958632695
117311221
201127676
656633
117769996
268368656
100927756
4194302709
184092669
334824461
51441934
34471939
4210755071
4211346170
16186630
254
0
0
0
0
4226940423
4261935356
264692
16776965
117442300
369947909
83952376
67104769
4294834942
4278454533
131068
100664073
327172
4210622972
4277400317
4227793677
4144102121
50266617
4210820094
4278842360
134545144
151713541
217843968
4177591308
116785141
4244638987
150862082
4110941176
4176805370
134877699
4143840771
4294441709
100592893
4095281148
4159764732
167245046
368906253
167836932
4262264069
4111468800
4261023728
4193583104
4227466503
4261021946
4127720445
151456003
4261146359
117703166
4227595258
4126866932
4092917746
4127325699
4144169216
49742323
4176736244
4194498807
4227856645
100730889
4125689109
4110086643
4278121719
4261672705
4278127353
4261343733
4210755070
4210488832
4177264644
4060020471
4143120100
152177914
4059364601
49872117
101056248
134744582
4127063047
116979209
4059169544
83491581
4226744596
150803710
100600837
687734018
4246274564
49937918
66979071
4244831229
4261154559
4277929214
4194173434
117507844
0
0
0
0
33816576
4008057848
4175557119
4194562556
167639291
117707781
184092168
4278774531
15992064
4277337348
4261476852
4126599672
4261608436
4193517307
4244634369
133951226
16448008
4244176378
100791812
150867454
34085129
4277734150
269154580
284096492
4261411596
33685502
4160814337
82903031
33751300
15863037
83493903
4094164990
0
0
0
0
4227661824
4210426373
4127653383
4277993471
67371518
4194435070
4211343616
84217856
4076931325
33881840
50394367
116653558
50333448
4278781951
16647173
4244239616
67767275
151451651
151650572
252570623
118755071
4277209098
4076271348
4279237883
671346686
33947399
66650891
4043243269
4076341240
4227794438
3976528118
84018947
16904962
4177133050
4277467903
4277531644
4059693307
4177460226
4177723643
4261606895
101122556
34605320
4093710850
167508476
3960012024
4262130403
116920074
218301187
4277989644
33224960
4109892348
4210753786
50725890
33817090
4294837502
83886324
100334601
4177529087
326916
335477501
17691908
4261479177
4194500870
117308929
4278713349
4244242429
134219009
4244898052
33228547
193270
17169913
4277928958
256
0
0
0
0
150864134
4278257142
4211410683
4228448258
1021
0
0
0
0
67430899
4042783735
4043370474
183500560
4228702973
4243387131
235141612
421794568
3974432279
133563160
3923372546
352976377
453572110
4209965587
284821003
335152653
4059632396
3705530349
4278128142
284687370
4228710156
301468429
152040453
169549067
4078508028
3991339004
49544177
83106574
3943370253
3991473653
3692165647
62989
3890076923
17365765
688979959
50998786
33028086
34340084
4076863238
4228516346
3858761237
419235066
4263180809
249818387
4059492353
102384416
369627423
201193723
3841391358
318757864
251398652
134351891
4075884295
117378284
756214019
4281467373
3523736839
285945087
82829831
17431048
3976009208
35124714
4194827781
100145167
4176475905
470809087
49876224
1525
0
0
0
0
4060677400
3772843485
4075942675
4126869763
18151675
218299665
3756784642
4276558584
150011912
4278647809
50135038
101121272
117501953
3774284029
168095240
3977322759
4277597178
3216384
302579458
3994288362
251791119
4196271894
4094037736
4227272182
4178117659
3555592442
4209443859
84078843
3706255353
4196006121
285152005
621608442
150598425
65923819
65868548
3740204538
4277396202
437910796
150863650
4278923014
251458568
3942641167
4158259717
569055201
4245687555
319555354
4227203854
3875809759
3809867519
4060293623
149491467
3977181193
3974367210
4025416432
4260231417
4211601905
202442743
4209772548
4211018742
4277270276
167312638
4109754598
586747913
251856632
4294706953
4228512766
219225105
4060613658
4276741614
4194629616
353637387
3924042742
100793847
336200187
4278126851
4078238982
3925411823
3873570046
4026273529
116393483
18684946
4127397128
4277140232
4143187439
84481050
4194633746
4210621709
33880844
3656904681
201135342
0
0
0
0
3773890560
3389385965
415899379
4059682796
3706840294
66718713
4144296716
3472233197
3943041523
369953267
4193842963
4244826099
132646914
4158328306
4044162033
4193318905
3841654772
4027120625
4176680712
199491844
101112823
255220
335611169
4059360483
4177336598
235338487
3876785399
50593004
50465009
4210293737
4228374284
4093182965
0
0
0
0
133693440
84080894
150994169
49938947
4160226556
3739877886
904595494
4008576542
3992260860
102047789
4227268130
84678892
505090589
4162323990
436140563
270599430
4278514944
18817029
4142404118
538311422
167364587
4077582082
3976861413
328968
336258059
4026532849
4075948037
4159697651
4227722234
50591237
3977177865
66389508
220071156
4142796549
351661059
4177197043
4127130347
133830673
3910273293
3220903654
3603828467
3840931044
4059563254
266342923
4281795324
83952886
4294771718
33549314
118161152
384234507
50526725
4244637439
4077062394
233966091
503251465
838528288
18745342
3823373336
100200200
81918215
4112380653
3943175189
66711319
66652170
33752571
100727813
4042917375
33489149
150537219
4211014144
67109371
4111864580
2061
0
0
0
0
3824742397
4243786729
3924561426
452980945
4377
0
0
0
0
150601199
4043309319
200794622
3909616624
4228250611
49940473
3960865788
4277269708
1059716401
4177066999
33095677
3974889466
403172626
4077263119
117376507
133764614
150927630
4042388226
117113596
4126668285
4144435209
4209503756
938870516
438960407
4211673070
4244635907
4076139019
301138673
3942836515
4092267507
4074627333
4276687106
4243192572
4177193469
4293459196
4146464004
218433032
17038081
4160748282
16710161
4245815794
4277143290
135463431
318901269
4209441033
67434998
469241603
3806982160
4108772327
100136156
50459899
4277399539
83170569
4193312777
485557275
3791060207
4110224894
755694822
4209634094
4210817013
3639271406
4281136900
4194910699
3859481086
4293001459
52298749
553252600
60924
0
0
0
0
100992265
68023301
134218234
3659130844
4260766206
354287881
4009165322
68751084
4059698446
4279107075
133828599
4194174215
66320392
35321588
236590337
4293989415
4060090155
4112317942
250282477
86111732
50464269
66914054
4244052750
32110593
17625067
4041409517
4109693220
3925212658
586411261
707265304
3793676781
3807248882
100985855
722139116
4146388978
116396250
4077908211
4075748331
3959555323
132841970
552857605
4128903691
300867589
4142988035
140047
33691890
268044561
302716177
4294772193
4244115461
236460033
167775247
284431642
4093051896
116322826
4211997178
4127189512
4092390881
369359359
68552448
4294962929
32832271
199875840
4278260740
4042917376
250799876
286722850
4176481313
301006859
51318005
1019942640
3607756333
16649456
134548757
4127979517
4043639799
3995076609
184422666
4194435064
4193853698
253159208
166128898
4160689425
201650930
69008620
167589405
4227268869
4127522563
3774023172
4277928940
0
0
0
0
4044357632
520692963
353504250
973662982
4129159151
68817930
4093447182
3858303480
3540129502
4194628060
3891987682
4163246324
115214072
435672582
4192991992
83486732
4145412067
3743094531
287112430
420682747
85342985
4210023913
3706841837
4076401649
116333050
639371530
4076407041
449773
3890806274
250611454
4094821395
167047934
0
0
0
0
4227727360
117572608
4278187771
33750792
4210426367
219548675
4026726396
4209506546
134606312
4127198731
3908106752
3806655728
4142470656
1044213
169868809
3707770098
33814510
3776059903
66915567
3690525440
3472886562
169539322
4163318258
4079295212
186582545
34010618
4259897591
3993367811
1773068
283966177
4144960244
4193785589
301920254
4161862639
393476
4112128016
4007987692
4243843316
33093638
4125947122
3774941431
3927771894
101449975
3808042760
319482882
17439000
4277465086
352064012
133950969
84676092
133827335
4294575372
4278319612
458738
236522759
454233109
4195287032
4043175700
83166463
4226933747
4228643833
4025943043
15994661
50138885
135332872
17107204
83950344
67045114
4161864181
4194371316
4227924729
4109694727
16713452
0
0
0
0
168494309
32505614
4179362027
234028533
7725
0
0
0
0
132909068
150856203
3992646151
3924814330
53016051
939851505
4214360811
353370897
4144438012
117637619
84409342
233633796
585761313
33879066
4160358938
3973110034
217770748
317389842
4278054910
3874555119
4278648308
17433336
4260431620
841486100
4179097086
3673363443
65922304
4078695930
3907715327
4228841945
4077467122
318837293
486404614
119145483
437391367
235008279
100005879
34010109
16974852
4010211848
4228055034
4059503612
4179107865
4092468970
84608760
4108444903
148759816
15467768
3875076333
3992975834
4025284859
34406382
4159825637
235011574
4076471007
4059896329
151911163
234288391
4209641739
353105124
268632821
99746045
4009094375
32242972
301726217
235871245
117898501
65265
0
0
0
0
118226185
3540513761
387053546
4111469591
4227728122
3505916385
250741041
4128435462
3926655977
4177723904
3925410809
16124157
83623688
3825531662
402789899
3942511877
4194501093
4093187325
32830456
4142330602
4194828013
336722421
4144497391
4214560231
137172742
3943097314
4176280324
252843558
3960070682
84349413
402326811
16643576
15989976
4045731568
268367347
403184143
3874290411
49736701
4261219833
336072213
418771745
4193248012
16711888
4061917974
4177855472
286257943
486674194
166595834
4277468414
4245032208
4009035776
4294897402
3842374374
4041862116
4259770597
169016807
51183876
84870669
3891529216
3926655223
4211085280
4009231615
4161084404
4061263845
4160943084
3925804270
468115180
319617273
3859282192
319166712
369494531
434959613
4178840793
4194510124
134282243
50979825
83230469
4127261955
4175632138
4061009424
369170918
317457678
184350696
4092985605
4128835330
4277343766
135005955
67041035
4176940802
202374661
0
0
0
0
3640459264
3727307256
4141292294
3807312896
250671103
233562869
3457411052
716507
82519798
220199929
4075363059
3957128438
34341656
4277731352
50534386
319294220
538248443
4245357544
101121029
4043503107
201518560
50140941
4194042104
3875280118
4227663611
4143850225
4260038392
4260499210
4160943077
4261675243
251592970
50390276
0
0
0
0
386531328
4278647304
184219127
285081102
4177392895
115729137
336131358
33220881
83423721
4277341189
199683570
152633608
32766705
503512324
283831794
3790922756
4110947557
150539006
217580299
471007471
4045089052
805892363
121572334
722675
4244892145
168294407
218429161
403633371
4159044607
4228576262
3992326415
67237110
3892449270
3756400670
353175541
3642558478
471786456
4058969336
534435847
420343294
235985141
202174734
419102744
4210163972
135675670
234553630
3857248512
4058773752
4246136319
65797866
4127591413
4059888626
135594491
352582903
152763139
401866749
15659007
4093381122
4078179585
4159497980
4010269913
453239533
4160813573
50462978
4126867702
16121344
66910981
16910080
4126805247
4111013124
4110220050
4093838848
509
0
0
0
0
3507156470
84614382
3959425069
184485863
29
0
0
0
0
334495487
15859726
50595840
201724435
284163080
4278319849
217516797
251197972
3976918752
4128045590
4041865443
336591330
33358071
4077127678
370605302
200608522
4127325958
3857313006
133035782
168164872
235865853
4043636989
4062378981
4143187197
352450813
537458691
4212262150
598020
4176222181
855247653
3504995864
4294902021
117702676
3943761702
3925550347
3857051657
418971668
253166350
4143055112
303236095
49485833
4246011913
268242416
185793556
4110284264
3708083708
186972889
3807376382
705633080
66653706
3992380181
15267565
32109567
4178184926
4027642874
4193191680
4178840064
4094757891
4127787009
3725330420
34809079
149684729
251713521
285013805
3858165497
352125938
4176675328
4
0
0
0
0
4026665223
84087554
4212065529
4110682387
4127263476
4009954317
3941855981
301786106
168555518
251857663
4144100865
4210754811
4294506494
4178053629
3993168358
3993244680
49484798
83949071
150667011
34870541
4243262460
322547
4176477706
4227202543
134345986
4111276302
3993244394
419362813
436859134
3991862537
15138549
15919876
31520248
131521272
4127326203
3588226024
3892701426
4025090040
4161336803
3791125232
3572561666
4246270448
199752691
4162391810
4060282878
4178701815
4060219646
151191547
235537936
3877174552
4159833091
3791320063
4126665973
4009031925
436408051
4178177807
4129100029
200933391
4110610437
185007350
4293712873
83890982
4278256400
202834693
4092331523
4109435902
51974653
4109764862
4143703578
4192530939
3825854473
67568629
4245293307
4144365309
4145612546
4092008460
4246204148
150862329
4147128582
169074906
420360194
3907779315
116061188
4177659134
4258717971
16057604
4194102019
167577339
4144626437
4144104689
0
0
0
0
4026466304
335091443
3639862529
4093169914
4159438077
4176734209
4278394356
4060088554
3706051020
4009756890
4076138239
4076740388
4062448387
85399835
3874223356
3942442205
4210952188
184219907
687800824
4110487818
4077910007
521135859
202765833
4091941639
368574742
4093050134
18283273
49677065
203100922
267057421
101383161
4043178492
0
0
0
0
50397184
269025551
84216824
4010279926
67834870
15992837
655694635
4127652112
4110619381
251857655
132974343
84472052
16711680
200410895
251853819
121638404
459530
151387642
4228381661
266666766
3977053149
3857910778
386732801
3976068837
3993371154
115999463
67238659
4092527086
4143705056
369692167
470940169
34607633
335289095
185203745
4276877556
4228514053
150077195
115803147
117962741
4278580215
4260432877
839323894
3909232430
32573956
318237439
68747772
503975668
4277996585
33624833
4211344645
4110943993
150279435
4178114305
217904126
334298614
4093967101
17951765
4011391971
4076667127
4261283582
4212647920
4228718336
418311932
134207459
202179331
16779007
4076928760
4278191357
150740233
235143948
34207237
370416642
2309
0
0
0
0
3840342248
369625079
4259771392
4045206734
64275
0
0
0
0
302383615
235996928
3873442559
131003153
201064727
505217070
4142200840
4195873246
4243789534
4061465090
3722585087
4075817725
217576700
202238970
353171716
4161599228
4194831629
4127063051
4228710913
100470026
4261541632
234160632
4078698752
118558466
318838023
4008706037
3855602684
67303671
351989560
4262274583
4177201679
4092133621
252511216
3758689028
387835068
407317024
82638589
201585159
100860406
4144695560
4126999296
49544962
4127192065
487194136
4127652873
4143712761
4009694742
4227198438
167047155
34079745
101454336
335679746
4044034053
4075027702
4158843122
4211142640
4027191291
166916870
4177455094
4262397697
4177656567
269943317
50129939
4162065401
4211014661
150407185
68875543
1275
0
0
0
0
183762937
68218868
487391979
4261537562
419959265
4011326458
318048747
3875601395
3974953202
318638090
4110480145
151257079
16968705
4277467370
4294571781
3507811291
150072797
487002899
65931002
352318990
420676595
3758228453
3991794412
18682109
4176286734
4109754618
17362908
199223547
537984780
335291623
4078638591
4228977928
84023582
3893553914
4059176971
283765253
4244565744
4278321391
4178972143
4009688834
3977116129
149550609
4160035829
318576391
4279113215
34210290
3990953215
85599994
4191149819
68079577
4278124795
4244174847
3908627684
184418527
4210627588
602204452
3805932552
47903982
3974887941
83756274
183576857
4025422576
571610881
4293329420
117695480
452654828
4126664934
368840467
3840086784
3824536555
4194174967
4227076076
33754371
4262257425
4092063729
217510677
65674000
539692062
267842287
4108201497
3993367536
116389873
32896000
471143668
4244434413
4227470853
3992781301
4043111159
167510026
167770633
0
0
0
0
637206528
34339342
319420427
4276944410
4178314745
151706605
117247742
4041676282
116254449
4146072052
100601086
4126415352
519629302
4294636525
619580162
4110296349
3961130240
4161943348
4177258498
15853310
134345458
3789626371
418845194
4161803248
3909415144
285675522
3858825219
133829376
321063672
3942843392
84737019
4244698635
0
0
0
0
50790400
4211539207
16641269
134083849
4126604546
82630642
83423236
4211019762
4261675019
4195161614
3892003293
47635448
16510456
250735097
4244968725
606604821
151582732
4193188064
4094884344
3990945007
149220855
3825990903
4245822188
4227663375
4245807835
4176935672
452918017
453774112
4246214133
4094951429
437969420
756225798
4008311522
487133981
4111922207
200343053
236250097
3891992299
3790606863
4127524333
622857206
65593066
604951553
4277339647
101908997
1049108
100211162
4261146362
4076804358
569381656
4177984520
4093770222
4060416763
16983839
3860398589
14355452
385278456
83559932
3877114642
4110750719
253102102
3890534426
16124401
4261740551
4142925828
100269322
84214014
4211277306
4144428037
116658941
4176611070
4126865402
65270
0
0
0
0
34071041
4024501733
285276683
4193837287
9480
0
0
0
0
4026789364
4009499894
4177002509
134216977
3993764089
4091806440
3875598077
4243909621
184682238
116848145
3992844264
117568248
4128965370
4076933907
115998224
49476869
4042788608
134479868
4210555387
201462290
4227597296
117379584
202240523
4043571949
4109504772
234684150
4228186130
4109441531
4278835445
101511425
4279702006
236982250
201526531
99540719
4160953345
82839823
17374722
386140696
4127327769
117177596
3993893123
4211413486
167902721
134547971
67244549
1119505
4076211977
3975547924
266992379
235013118
4025811189
4209765894
4076534515
3959297013
4260563229
3991274229
301462507
3960536051
503646977
85129466
4144297970
150601998
4176872970
4110092542
200799230
3858102276
84082687
64266
0
0
0
0
101120249
336136439
4176802044
4245618687
487655174
66712340
4194373885
3824223212
49151485
4093443323
66387449
84214526
16710658
4161274108
3959161061
4076931336
4043371001
285211388
4161076218
4125951736
4279177719
4127192324
4228643061
4242800640
4278775545
3976071423
4092788742
134681870
3992649207
218429447
201983745
235795206
3942121236
82179304
4127327474
4193780220
34542593
4293920004
218241271
3675251178
4243459035
4110348544
83885815
234228496
4227597832
3891062760
3907579629
4093513933
4176407570
117113082
136318214
4210033400
50726651
4143513339
470283785
3857779214
4176998641
4077059570
217774848
99808007
50198266
4059627770
4210360563
4127653629
3943629805
262391
82247935
3808882439
168290068
4176478959
218038291
4228317692
4262000905
4211278577
4244438272
4025676531
3905814267
4008174806
201259502
419564561
3858899711
3825398763
755897103
16248826
4193583871
4228710903
216987145
50527220
4076470781
4277925125
0
0
0
0
4244701184
135331089
4076011257
369683957
167441925
351144189
4229361904
49276681
35191297
284887027
17432332
135403295
4111007736
4227271669
4144102906
218361842
4243650562
4261082347
4226743537
4109046779
536013593
235600148
4279571730
66129128
4243455244
4008042734
117307132
368836584
437982205
151258367
67303925
4059498492
0
0
0
0
151322624
133693711
50068735
392453
4210752510
150209805
4109371111
4142459643
16445697
4243844350
303174917
4141152772
4294248955
3908829943
4194304017
4091027456
4161341953
4127193611
318965763
620032026
353951470
4178316796
4143645683
4058837759
4226940665
235012611
4144827649
3824026858
315876106
4177719261
50334200
923392
98956804
4245814775
82640383
150272261
571604488
4209306910
4210025452
4210826748
4144366090
4060539130
3756202458
4109428977
4294047739
403174902
4229364733
217976581
185271815
64268
4060740364
100205297
67045880
4262001158
4277404661
4109828351
4294836731
4093439999
252901878
3691509002
4293524978
4075692056
66448394
4278190859
4210622714
456954
100926209
33817093
83693313
285467919
100402431
4194500351
773
0
0
0
0
452662006
4028494881
101055717
4244572422
64249
0
0
0
0
114688782
4060274946
4194238190
4110087929
4008051188
4008962054
218884855
4144756740
201976832
4176873211
4109299188
3859025134
134088729
185335552
4160954128
4092588055
102296839
116063256
352258571
4061330169
319096819
51186185
553976057
556664352
4160492809
133422074
336790765
116593700
4260231436
251126780
167572235
319421934
4143713546
34211863
3875532537
4192597228
101449222
4210426107
269420549
4211150088
4093963761
16054783
3992655339
4244572157
50403575
4159433453
468576779
66188775
4161010171
437776365
34016020
253165832
184154111
235206921
4179300867
16917250
4178516239
4075351292
15535865
32958188
353499377
202173454
217975811
487061514
3907331331
83949049
16644856
4886
0
0
0
0
335348723
118096912
352058100
4126868489
51186169
267913484
452258554
52495629
218621201
4278582787
4227922170
4294640121
49871877
86832906
217184239
4110547204
3842373092
201390335
233439224
4109820136
66385660
117306112
4228379891
50338790
4110808827
252051467
4210754579
4177522689
536613400
4143776013
67505425
3959036170
4057919964
4226148641
4227793664
302384124
437326362
34669813
33224187
131656200
119398631
4227594755
3840731897
4009291480
250
335541490
202181120
4292996363
976880
4226285842
4160091137
4244235248
4143250165
3857773287
4075158252
538634234
166787321
4261999873
370544890
3891659005
4109627134
318766606
4143709974
4294508788
4194375687
4178446334
234948352
4211403254
3825141486
4227268883
4126607101
4143839497
102704655
4244903199
4244767503
218170883
269354782
4195345959
266735861
4244381978
284683545
235210487
3839691532
67703250
4143442684
133695233
201851918
4161537019
66193913
16644105
0
0
0
0
975306752
116000782
150203671
302640132
4278056165
3708620798
33422326
4076398846
235015174
48948999
370478841
303043329
3993303303
3907386341
32240380
100395508
4260889098
99218166
235791861
217194005
4129033508
4143715576
3940810492
4042979817
4159509019
337320208
420211694
133627158
134809099
268172786
86443016
4244646152
0
0
0
0
50397184
67304967
100073218
16711174
151257858
165867251
50524165
168889333
4043506177
67505152
4109038336
84678912
3892452354
267716363
3976657639
4009291764
4178373088
33167867
183435541
3942310130
998147
4293197316
218559489
133433856
36299774
4143510788
4277267695
370340845
4280349704
65596152
4277202164
4176932069
4262921486
4128368086
4193781203
83227134
4059892735
3674207221
335807234
4211993595
4244765434
4159898111
4077786612
4244171753
3892252157
4092460527
4009622000
268023
3975799555
4293855237
4210491898
301730327
50134272
4244504582
202505488
334562788
4245558269
3992386030
48820721
4142985486
33820153
150008570
167312366
127493
352910846
4245097211
167902981
184811525
4126539006
4008899567
352062204
4144369947
2327
0
0
0
0
3843156470
4160226815
130803
3907974133
3073
0
0
0
0
201323776
67376386
50064414
116260855
16646669
4143445237
99937793
217906659
4094160354
336393187
268832039
436473605
251788045
4194557434
134020347
4026467056
301989880
151714313
133560810
83689981
151063819
3808623087
233440240
4228709134
320014848
202900506
4060221965
4293855219
203681784
301535757
3910276605
251851010
919056
4026996973
133361398
283834117
133888514
117244416
33097207
134546442
3891857926
49281551
587667483
134682896
3977121813
318960397
353305874
4126465283
167773418
4126999327
4194363641
33954822
4276429835
3909612029
4059957511
4109828098
117301248
4046136309
234559497
3942839529
3924030445
34403559
86181895
4075950080
4261873145
115735287
286259200
503
0
0
0
0
3976329225
234815479
335278584
4229823730
3858825238
117572588
268833044
4126083607
4059168266
4261017088
117047290
4228446977
4228253951
1309173
4211152881
468782091
4111008505
4144432086
32901345
4110548472
4210162940
4277527023
4009556734
134014958
4026791935
4043176438
4125947113
3994355979
4227784946
4294112240
101457168
3890739976
285146093
3926590201
83554817
4246150890
101318915
4294249983
35328265
3960212486
33092842
284486403
4227789311
3924745207
200535789
4008445429
251006198
117111823
17827584
4177654534
184679167
4194433784
4059363046
3991986402
268963069
236914705
386669557
451670274
150272263
100666113
4143840250
150072048
335279623
115605749
3992251882
4179559655
3724413422
285674211
269807354
4043768819
4228448518
3825993462
117307122
4126804726
237113332
18159097
485690376
420088323
4060545009
259057
3891512835
182714621
434766862
553778938
3876004845
4144171283
4277600510
4262592758
150733309
16840457
0
0
0
0
4126408704
51975421
4177007600
468909060
588516416
4093120747
4145477884
4109955605
383708958
4110415335
199939
436140549
4177983753
117308932
3891073558
201584910
217975042
351724282
436858376
571537156
4262991601
3992391925
16453896
218102035
486222622
116978202
4110486787
4127917053
34077690
3758694404
285664722
4210165762
0
0
0
0
4227923968
4244898807
4244241658
268764166
235470096
4060145383
3908956393
3690524936
99164169
4210882576
135133698
787286024
152305443
118227451
4092586245
3942312679
31916538
81787135
670954478
171579887
553977599
354218766
84806674
51119100
235997959
4260167178
150338570
151847432
4057992422
4211471621
132844045
4076662529
4059950840
284952314
67962903
4244963337
4127977193
134742011
3992841720
4042063861
66585348
35059975
457998
4259837182
302904574
135787995
3942970589
50338302
3875007967
66326027
4177532167
50528513
4210427391
17311247
4077846296
266795529
233569530
116648971
4059358449
168956155
3924427778
4075882214
3941916911
184345060
50330630
16708350
4093771510
4243978997
4261217788
4244176892
4227136760
150468354
1029
0
0
0
65536
4192596498
4245616126
4128172023
4160880362
4081
0
0
0
0
118161402
520682499
370407696
3878622191
4059634935
4194696702
251466009
3893296385
4128107508
252312069
487652878
167570432
1044738
4077060335
4142729966
50725895
116588295
3991268375
50267651
4227333120
4076932087
117310220
4109566215
4244961292
4010541309
3572949985
753205731
150469875
4010341105
4276618744
17499177
4109634293
4143182311
602598639
219866626
470221567
4127394304
4260496385
4128179710
301800462
4227724285
83820557
252184590
401401352
202373385
151058954
67638536
368439040
35401487
49092114
286193905
4079553015
418373371
486144000
4244437753
4111071744
4009368042
4176611587
134151175
235534361
201659642
4192403984
4244829169
17891582
4160288258
304212212
134479088
62966
0
0
0
0
4177857274
4227993342
268365059
3958307827
3859020531
4092067851
3908495870
3924103140
300875783
100665091
4261675003
4278057981
100728074
4210296577
336004093
4127520749
66320621
203814146
4177331979
4243852044
184088576
4178506753
49604353
4193252364
4076401163
301732114
133494802
4279044874
368247298
3994619649
4159172602
3875209457
133826314
15401493
3976786164
4092140261
116458523
50655228
4091744753
4059627000
201648389
486535938
4262332409
3657051383
3991728644
151717635
67900685
3974103560
619120146
235598641
4177594379
234488850
117968146
66513162
100464628
4127196672
318307312
4110671369
4194830071
184221701
151589135
453306104
655356141
33427746
4076731396
3841329141
3991599349
4243781106
4279434999
134483457
50527482
253497845
4260754939
4144368382
4278255863
4143445765
235269374
84543212
3792312334
4227591922
3942312699
183695886
4227263998
3941989617
4228646919
50205963
4194960121
133365238
284361739
4261212428
0
0
0
0
15990784
17769719
132722465
118497545
369428993
116389888
3958635783
552921838
4044887051
4211147786
4108967676
118291430
4077647123
3873837070
4111134462
4211603184
468255486
4209697013
301330153
4059040513
4259642891
3891659234
83429615
167646756
169742084
136840220
2493939
101252365
4261409794
252974862
1965072
4159773426
0
0
0
0
33619968
4294637564
167510270
134149117
4277733888
4262133253
101910010
4245095195
3892317693
4244309254
33027341
3808560384
569907469
3590650650
3825075447
4176213758
235081731
1074333458
286457850
4211934446
737606385
152827125
570490148
201393431
234821398
267572495
167770881
4160496144
135206399
4077060886
3707508749
4126669326
4245160447
4243253247
4025542922
3774085862
3975748350
67510023
302584322
369229331
250674179
284888069
186518551
4278322958
117902585
184877822
3991603200
100792858
286058738
3909424412
32242941
4176676104
301664513
167182604
4261805320
68026612
184612349
168293382
251595528
4277795069
470157584
4011467267
4260428818
4261209061
4211015412
4261806083
4076406265
4294770932
4211081461
4261149954
33813499
116328732
61967
0
0
0
4278190080
4244834056
16973802
4044232962
150339831
273
0
0
0
0
4126540288
15534086
4244700171
3910732019
150671356
335812894
4126410497
4294433784
33951723
4009028327
352710899
117374456
50987778
4008968219
3891324155
4043905023
4042392563
117509111
4294177540
318502922
101122546
4129100545
3775464199
3906864390
4010017277
4260815601
4194173442
50395150
3910003423
4143572476
301922567
33945326
452916751
67108091
4193589267
3941331449
4245293580
4143512316
170267634
167314704
101053949
268174854
269618456
4077911303
268898567
133953268
16451579
4195159281
386730250
4009496594
219415023
3993111848
49411074
4294249474
4226877450
451543053
116855574
4210950395
183567861
789175030
69071843
3992711930
587664644
4093243628
3608080118
65727693
4211080441
1279
0
0
0
0
4109565176
33224440
4143383013
4228781050
4143187983
4227394064
115724497
4261028118
4293850368
50396927
4227662078
50922746
4193779194
4277272066
4042713576
117768162
4008505835
552527622
151255041
34147601
4261877778
4093769734
4228839665
4175955475
15202569
4227009538
4193647115
3724144105
135655894
319290350
4245489663
66586122
4007849211
13294339
3791584769
253236195
4227526904
760
34867469
4042326528
303561991
3958769148
234155761
4126999816
4243130618
4159369202
504893436
4159959832
3959486211
115932166
4160158981
4075814146
50400001
4194832382
4211472911
219086332
4193187592
33025016
3941660144
83491307
50004218
3891987445
4127391729
4075485426
4210162682
4093705965
249952238
4126868232
4127328501
150537738
66908912
655873
4110485524
3841065220
4210555891
50200832
369491199
270150649
3776384026
4024758540
134348790
673843996
503522094
49087738
3992847631
33751024
4245421319
4211211772
4227268352
4278648574
0
0
0
0
335478784
268566314
4126726376
101124342
52503582
4161141755
669256721
166717702
4279042032
4193778173
3907909117
4244639752
3992716802
150143989
4145154324
3908368608
4277993976
150403847
100596731
235141892
152113172
4294367984
84417515
287911446
4109900569
66978296
333572091
638779389
17827092
4128770330
217780488
67831805
0
0
0
0
4278190080
4143578107
15858426
4077057521
4261215220
4143648002
4144890368
370151440
4277791742
4227397615
4192858627
4245096711
4210690821
4076668667
134608122
670036495
4194042104
3975411693
84344826
32701680
168220146
3909282041
200667901
367723526
253295393
50401032
134283531
4043371004
4110813426
185342488
134872843
4092856836
3945002984
4193839860
3975150858
149421584
4008837380
4262139635
49478905
4243982604
4245291257
3992853496
268371729
4144757493
333644023
354872062
84408078
1120494
4060479469
218822377
235340802
268238095
4261085180
4194699530
4294443772
4160953582
303501838
4244898559
17364983
17700103
4261345273
4126803941
4277591021
4210820090
4261742329
17434634
67043078
4244306430
100725497
437251588
4143972858
4194043648
1288
0
0
0
0
401470983
4025810683
4094492166
4093579511
61434
0
0
0
0
4027251708
3890680826
4177267471
4060412929
4293464325
3841658095
183823615
4142657782
301464566
267908852
4126926598
4026066397
4226804475
4229230823
4008507913
18159629
923599864
53478966
4076729343
4227140590
4211474941
4294371305
757009415
402530324
4245156116
285473305
722210331
4059695344
35520745
202446575
3994085126
453977125
4043574272
66451704
319166186
52174841
4294441209
4278518781
135529992
33426442
3992778512
251921920
4161736209
4026987259
435614202
4211933200
4293393434
68158950
153161497
3940355349
118878190
4211933447
134873105
67701753
4160944630
452922630
218955788
4078963462
185012471
3823172105
4211738905
185070597
151199472
656624
368312321
3975615249
4143970031
61946
0
0
0
0
4277666817
520749322
4025611794
4176871157
806096656
1061687827
185471484
4009557482
151257092
66584325
67437834
33160701
4278452995
3908961036
4110093038
4026137352
200814898
756943373
485947655
252046594
3757435655
4243195890
16713477
251134464
4227724809
4142920935
84017914
4195287807
4278254848
3924944134
3925277414
49799428
33296105
31254992
3942319363
33352684
4210552833
4245286378
50138869
352979732
284815892
4143313912
4244500233
4092067337
4042324739
4075676648
4160092400
4177595153
3874680055
4193967840
3891264524
134147577
235011583
167904754
4010536693
168691193
4159500798
435750913
978688
4076534014
285473267
4026597900
66120946
118227713
151257329
152233981
336396821
4211017197
303300087
117507588
116397574
4043772148
184547832
16516091
33617400
4042327300
67824874
17299225
51770103
269742100
4127581182
351598836
503782404
17366052
4245031942
16122377
99875336
4262199541
4143710208
50395893
0
0
0
0
323158016
386607110
320085238
4279965459
4229502729
234158329
218162693
49876240
4162513631
4228197374
4245100030
132510712
202043650
4244704776
4175954418
3857771784
33885421
4093250042
4277404406
4278908950
250673934
523436818
4177073158
335285754
4277799957
50657243
187440651
4008848185
4075221744
469956087
4125362186
303633659
0
0
0
0
4261281792
167508992
4160618229
4060086513
67896318
4228454160
4042721017
217709826
101112303
504825586
621868572
148829437
64686365
304152793
50399501
4260042241
4008114194
133951476
401882110
4209966330
4077186549
4060285936
655036455
134150395
34478340
219346443
4227207185
4243781129
4176278012
151125243
101774361
4059427824
402981116
84867584
4110808832
4026730242
236453894
268829462
485554447
335936536
252514057
4260371218
419034917
3976658697
316340724
4262655228
4061199355
300092918
250479357
388889864
4262198270
66913539
4210950920
4178183678
135723774
285862935
4227071740
4077916148
4227334402
268297463
33948660
134814709
50598654
218235657
4278452228
100265731
151845386
4227860730
4278061813
100009987
4178250498
83232263
765
0
0
0
0
3926719226
134416644
269028080
4195684874
60160
0
0
0
0
4177459956
4159963138
4177203455
4008050447
118617340
3875271652
3774085374
3975281913
4093969379
134086914
49993217
3975604993
4294309881
4276293377
1242857
3993174511
4262983661
85458446
82963713
268302354
319618059
151256052
4279110912
100792830
3792113134
301070845
4247388116
3942980603
738285656
620952355
353368837
555024634
51379750
4262329585
369817831
387122961
66713604
4177200644
16316420
4278061051
4110943751
4243783417
16184076
101125127
4194764551
133498857
419503105
4210884071
4161598216
4227923980
67175927
4126808053
3859484402
4025876972
4060808953
4228773096
150142737
4261606161
4193579497
4109959945
284028920
4275830283
218167046
66843921
4111004686
4194433270
4226479342
2831
0
0
0
0
4126865139
4228185072
4244305660
16315162
35061243
4193846031
4062638614
485616630
370073874
196358
201261315
201065981
4278053375
67370749
4228059118
234287878
4111200766
3858040799
234812410
184815615
251002388
84079082
17166328
3991533069
66512369
4177655555
4225298698
252577822
83426311
3923316723
4278127367
51380977
168034037
4261021687
4277540102
571013124
4110425608
4144236822
100925181
586280437
319755030
16317175
3927441420
66390007
83624465
4128246531
117839849
455020528
15068678
251523057
65862652
4162255615
4076536820
4042915323
4060675063
66131701
83817488
251398135
84670216
3924950785
285077746
3892048914
4024826606
4058647294
16248060
4261409500
4124439288
651504
4109109516
437318635
3724540924
318766075
4161475355
335149045
4277271036
590342
4211540746
352392192
469563378
267391782
3790210546
4060351473
3959950075
4159829502
654244116
4142990097
4261543680
4278062072
167512317
84015366
0
0
0
0
48431104
65075458
151250407
4026588147
4127198173
4210429178
3960084774
4109496568
3974755840
352842735
299303691
4075876324
101184250
83885033
4195418613
117048067
420740081
3993309159
4263111703
4178124285
4211606028
4062129934
3926133507
3942583037
4108645363
4043385577
217382422
4109443097
486606331
4245681640
116727830
319878404
0
0
0
0
133627904
50790903
4210489603
4043048445
4261282561
4244254707
4077322021
184026095
101641479
4245426666
101380081
4093705186
4176346626
4294245615
653199850
437514250
4126672890
4143118607
654504432
4145735674
132777702
4159308293
185470437
317583594
219477248
4243913225
368638979
4261348100
3824677645
4059955961
32831975
4144627982
4194699507
219021301
15402264
250083346
184345078
4144954370
4260817646
553907202
639165672
82771462
117041154
201322236
436534276
235341806
4245423333
4245358829
4093116922
101191956
16973561
4277470473
134087932
126721
84214770
4227009789
3944287483
4025678825
3976665085
4196405510
133961735
417266177
4194109421
66655270
101252351
33358597
150537731
50790913
134743555
151259647
32765957
200803329
775
0
0
65280
0
16319749
116787964
101911288
4243448080
482
0
0
0
0
100337666
4279037708
4143908350
4192925709
4277527275
83358700
117379606
2950688
81333522
4126801148
4261872144
100859116
4195679226
4210495224
287376391
83889937
68480272
522515229
117439748
118354954
265478
4227726600
3774480382
4227864307
4079160092
3556646653
4091357440
4093906707
4228712170
4243189507
300473091
4293457418
302447614
3909355017
17693708
3926071549
168361735
4278515968
4127126265
49740800
4195613941
286398206
4262136597
3893297654
301796866
50265859
3707827442
4026723542
3857118975
520814064
554233097
689177082
3777502993
165344747
4143976721
4228647936
66322682
4244699626
4110747129
101781770
4178059022
118882041
4111543545
336461306
67701770
4009097979
133624031
61939
0
0
0
0
49867249
4210884869
151256829
4246475262
4043767054
201188602
118880231
504759800
50924046
4278190592
4176806651
4211016703
4145151233
101450497
4092065791
50657794
100937746
3958834696
66711038
16775412
268240134
3810197493
335935452
118819587
351599630
134282752
3842834438
101577995
18221837
4226478845
166716898
4042980346
4227135239
588647679
336595970
117376263
4210563593
4277537286
4243261442
521666267
201196814
184874231
4011071761
268500747
3858294282
4125948144
17037048
135532808
4161866233
4194379767
4109560838
4277988085
4227990245
50134009
302251772
4010672122
3959627750
4159304191
4177660132
303102973
150462950
4193775877
4244634870
318829811
981245
83755262
371723517
335811348
352580358
100072435
4261477639
3890280946
284686337
66980351
168426251
152701957
3991221014
3857580779
4293655301
4243392754
335355160
67235332
4228380404
687272199
3758679263
4581
4244636150
66712827
4109895425
201000445
0
0
0
0
3992518656
4092262888
350948373
3959945212
3741970715
4041469682
4159436811
4024826623
136190481
4143257882
4024691718
3640982825
234420733
67180255
4159958779
4193970925
66649594
370078970
119073014
185268215
116260869
185590758
3960858383
51392016
269480189
4229428996
3976664051
504627987
337254440
4210420999
4244770042
170136561
0
0
0
0
4177330176
4244374013
4244242683
4127195135
4261608954
4109301252
166852598
4109361421
4245754599
200806410
218037242
4213251049
233763332
4276028648
3857124352
16249607
3974827521
3924886516
4109828898
201130748
234552311
3589274858
3957058784
4293922061
4125945087
4245092329
4142406930
4177452049
4025681139
3909161995
285344784
118352374
268828167
16581623
4177399043
83556894
3875403256
166129153
4193518592
419695358
3929285383
133829630
3959952910
420937487
4045679601
3960670454
34341367
403639288
284810483
387174411
285342720
4177327371
151454707
67441924
4093573877
487520782
3859283972
4042130410
353825771
4110283528
4143839729
3941657582
4228382984
150994688
118294271
4228186368
83951618
4261348096
133889529
420216584
3907846154
4025676281
1517
0
0
0
0
4144240902
4159698671
3925540352
4110816262
3355
0
0
0
0
0
255
3891922432
4260362502
4278253295
4278190335
989855488
4245805344
4007198431
4278190080
0
3959819264
4276816408
56576
0
4110417920
4177912582
252515850
0
0
301004544
4211012592
518
0
436273408
4160159998
351870710
4294967295
16777215
270071551
4194106605
62460
16776960
4026531839
1091895542
3976789781
65793
0
4261347072
84803588
63735
0
385875968
33357061
4060280838
16777472
257
523307264
370343948
64748
16711680
3875536896
4176411389
201653266
1
16777472
4125885696
65855491
63490
16711680
4110418175
4042462713
32845316
0
0
572128256
3742365428
2798
0
0
0
0
16777216
0
3924883968
350486804
16844819
16843009
671088641
67236861
4059625699
0
0
4176477952
4193779714
16
4278190080
184549631
4128702719
4108848390
65535
0
284290048
234221514
4278253067
0
268435456
3942257142
51115257
4278190335
4294967295
3907511296
219157235
6445
4278190080
3657433088
4125554147
4161211102
1
4278190335
66915072
587076385
63516
65281
4076929023
3925013755
636087830
0
4278190080
4161931519
4144432897
9234
0
3909091328
4024490212
369756898
16777217
16843008
4161014273
116323330
4294962942
16776960
201326592
4060017912
4060277228
65536
256
16119297
286397695
16838920
257
268435457
3842306549
101458923
0
0
4159045376
300148984
16712957
16776960
3959488256
15263217
133170138
16843008
16843009
3991922945
67831289
1252
0
4160749568
4110744831
4278519040
0
0
0
0
16842752
257
3657433089
3924697604
771425047
0
0
4127929344
217248012
64499
0
3976200192
603918626
788989206
0
0
4262723327
4227531006
66812
65793
4177592321
4109564691
3874950648
65536
256
283970048
4243315478
16783347
16843009
134349057
4193784347
605225968
0
0
0
0
0
0
4278190080
3841392885
4260301553
65793
1
470620672
250869004
60396
65793
4177526785
3756780011
184940259
0
4278190335
553121536
3791713514
64994
0
4143972352
267251471
32898028
16843009
256
251329537
521007608
65535
4278190080
134152192
4212460027
183509005
0
0
352787968
67962128
2061
4294967040
3959357440
302313983
352844526
0
0
468979968
4292481524
16906231
16843009
234946817
4059961876
67370496
256
1
4127128576
4278590723
16843529
1
4110483713
185008895
4026860280
0
65535
991493376
136710101
16777965
16843009
4244635648
49870850
4294638846
0
255
3891195648
4260506119
64524
0
0
0
0
16777216
0
84483840
4128369401
9735
0
0
0
0
4211079678
117900032
4260753154
402712049
33623818
4278452488
167707149
168626167
3823378677
100008450
134937088
4228251140
3959027702
4210822907
4277993461
4009558009
15661841
3974754274
4294706176
130306
33622531
166980609
4210689282
151321862
4161079806
503133706
3739152894
4177988867
4277991691
3906930687
4194502651
202117364
4227924738
4094164480
4127462653
4261156615
592387
4211145727
4110219258
4160354560
67107583
33685258
301926153
251660819
4245423113
201920788
403634687
4060346114
3991277838
50195962
100267779
50659593
270074634
4075489561
4277599231
4211342326
368902661
135331567
4093896173
4277401846
3489264886
4194570476
4279836925
4228252163
4244174332
4227860473
4127000077
4859
0
0
0
0
184418304
4177132287
4228386548
419628017
33558293
264456
3691381755
4227391507
4090952457
4227923456
33816059
17630207
151261448
16714233
4093374210
4193977337
3790666230
351143691
4177396476
4244373502
4262918649
3891666175
16971791
4143577854
4210358268
249885934
4128047619
4042718457
4227662329
451732989
304944124
4076070146
4059163894
3825664246
4058520047
100861685
4211148036
4076468979
269551871
353303583
4160356070
4177067258
4177788943
258313
669849111
4277533684
4161074161
284881911
4229236453
4227738123
4277797373
4160814084
99353600
4024301314
4261479418
134284028
4261017091
3689413342
4194032634
4193712884
3859021317
133821177
4127724541
33619447
4211145724
4095083258
4278131701
4261286938
4227398137
4177331195
607580947
4211281376
217905405
17236217
538904830
4111600887
4294311152
4194957832
267647749
4213044712
4060546045
33815806
17367037
4094687741
4128246536
117764845
4227662593
4277927168
4278846463
101059063
0
0
0
0
84344832
4075685884
3925274875
453702890
353365805
4143511547
4261148150
166723067
150598931
4143649809
4194171130
485946875
4279636751
3889819154
4261806845
167575040
118036999
117770511
17171970
150337537
4194830339
303819765
354294000
4244437492
67241722
469959689
4159960812
33754356
4294837252
66848001
4245546999
4226935290
0
0
0
0
4294836224
16646398
4278386689
4110286839
16513016
4211475712
4211279101
3976528893
4226225143
66844923
101516799
49874437
184674846
3740399067
201593101
4127326207
3874222071
3959483877
202177278
4110744834
4194305027
4161600998
3709468674
100994052
4277994236
217385721
32504343
4161010203
4277862911
318439942
3705938433
4059027205
4261215233
134674687
4076004103
270803460
4126284325
4143379958
918770
3959944962
4144631038
17170690
4194371840
117634815
4078438901
83961599
100332798
286065924
152300799
301007114
4261544703
4261413632
4160357376
4127259648
4261218052
66913275
486077680
84865805
236003058
4262334219
4093438712
4108978929
84273913
50535170
17368064
4294901762
4009296623
100531713
50200577
4244766461
16058372
4177718515
64239
0
0
0
0
184351751
4278121212
232778742
236318205
1038
0
0
0
0
3808689152
3960672750
4211014108
3757572076
4261871862
350558481
4025470214
16977120
3909869579
4142197748
4110415082
3859738849
4058118390
4212058082
218823448
3758687998
4176545510
3825794549
184222217
49610511
790002
4244371735
3893688309
216932092
3994414358
538447112
136781079
402911749
119012571
4192473852
3925340431
101704663
4278325256
3974695148
4258725374
217449198
4026993153
4176606455
4043048946
217974549
184286709
3890538499
4009685488
4277987588
67109636
4145945597
351343891
3943038718
4009177620
65928236
4160086557
3825605124
4228182766
671283200
3775002105
4261606652
150270201
253361899
285672215
4292478237
65857283
3858104334
3925735913
4213118719
3942776064
3942843140
468382947
60671
0
0
0
0
67043593
68349968
4294903792
4244375274
553644552
4043242506
3774151926
807662576
470224933
4210753787
167902981
4277797385
167842321
49609989
117827071
133043708
536938540
3823691513
4177130992
384761886
3941066260
334491147
4093252366
4092195843
318244600
3758356458
151912973
267443961
4061267711
3906600987
319880724
3924292890
3908306946
4127458042
202707698
3975476502
4025803771
3723755233
4294631922
301659908
4059821055
4108969467
553247205
606782707
452980231
4277458940
401998357
4294499832
4110282731
4126479353
168497905
4111801114
235277300
218691610
318246419
150856968
455013618
3975937750
4194103569
32767476
337386005
3910139388
65994998
166199819
3943434233
4043367684
4144497923
4210300665
4007463917
3540640513
335339780
3724816629
4026861055
4144559870
4078039814
4144171775
351273229
151782922
3808421870
3994216188
400814364
3623946215
4159507210
4145222657
4144234760
135203821
318434825
4161532920
4076077577
4092788740
0
0
0
0
983040
218695698
3909820939
3976913906
671687165
587724555
202702353
68678907
4110089981
3975404542
168422647
4126403846
102434536
185593372
4192932587
4177658126
4075350518
4126930172
201789677
4043244038
4195221238
337444860
4261210629
4012572407
3656256244
150014203
607008785
588255534
421074457
167769114
4076274168
4161339641
0
0
0
0
4211736576
4209636357
17367814
184681982
17761546
101183510
3488803311
4178244608
4007137059
4059235055
4060680185
3741054707
66577397
3941527804
4112710396
924190180
267976209
487261455
253046047
4091870469
251582952
3924295439
4175820784
4026463219
4093383940
169742573
83490576
503845864
4060084487
133041153
570105078
3825602067
33944039
184294413
3943172124
3708417757
4193847022
3639346161
587462407
167118354
150211102
4026010357
251915004
3941987345
49086461
4160029180
65277
166003945
4027056110
4244439026
218169603
4093511453
268893937
4010277377
4245163515
4177133293
66580982
3941721604
32702955
3791978749
234161929
4143510264
4108128018
4261542621
4209898504
4210948857
83492601
84345096
100468218
4260430613
201529860
133563144
1012
0
0
0
0
4294043908
4210688762
520091374
3875994337
58619
0
0
0
0
33162745
234813962
4110088711
4013096957
67307264
66908668
134807286
3943289089
803271148
51449349
168100866
4195360002
4227198469
132590
84673786
4211937554
67757328
4126274543
32899838
4177657596
4110811140
3859416082
202112253
4026797836
4194106633
3709926659
535563275
4178053858
4161270509
3875011561
3655878652
184411157
486736652
32960240
3994297358
3773108714
50592761
4211279353
4160287492
4211278844
4078041345
4177005061
4161012504
81923575
4292542237
4076929797
168621827
219087115
98760448
4228571117
488179476
167767295
555751978
3822910204
118616835
3690333187
4075752426
922025701
4094550288
84543491
3909684470
3657365733
4278598132
50267897
4211342850
890305034
3993109785
57322
0
0
0
0
50332670
51120140
4228909563
4179501822
4058975005
101513733
3858825204
4142203894
4193977602
4278125821
4194368762
17038591
33426687
4176608014
4277331459
3992388094
48777490
4278651171
4210489859
83035376
4112121084
534969381
83627261
251855362
4008833800
4024700656
4162127368
4193581567
4161341176
369233139
3960471528
4260944140
4160028398
3841065970
4027196136
68161756
3991726581
167901428
605231616
4230614014
4193844751
4095018223
569841141
4260882701
52227841
33687057
4195674868
166923772
3876134650
218301953
167638028
4127258352
4143778028
4109302264
4076928242
100986109
15203838
4226542834
4093510654
184878576
4093179135
3842959837
101128677
719885
4211672552
3858756083
202510592
17508904
369553914
4009425655
402781175
4227134986
251789565
4210953465
4261479177
4243523840
4176083699
4245154776
3957849076
4007667669
388424991
335020032
4161469937
3640661502
132976127
4076467449
4194108920
66912005
3690005005
4125950946
0
0
0
0
3908960256
4092203762
454035715
639767282
3777630493
66849524
4194767882
201722102
3975622423
68033555
3959360511
166325260
167253774
166328824
4043965186
67499506
4125428490
299755529
4277859303
4277209073
470223611
4094884102
4026858993
3841986043
4244961768
3824543989
3958434273
4143310840
84606979
4026011145
4194105323
202511342
0
0
0
0
4244242432
16908548
100401146
4277795589
4261151487
402324728
285537030
3960408062
66594549
184947490
4025808638
184090621
3943507719
3623352584
117577747
4278974209
4194558214
33097991
84347380
4194108666
34540026
340001012
3808106769
4160948487
234029048
169077252
336001031
3875413511
4092461814
587264520
4059493615
4076732657
32699634
4076399601
17567471
233438995
4243516408
150144521
3959290624
333123068
4262852883
134413568
68286989
4261148166
251786224
4194358501
268831504
4211798280
4178242292
637403663
4244503037
4009886707
4210887167
217450009
269218820
386331408
119796493
66714649
468648204
183432709
16185586
3723039229
518190402
134156027
50723582
4093508356
134150146
4261609973
4194040831
4127782121
4261347321
3774932460
490
0
0
16777216
65536
133690870
217318160
3907841808
503976935
59666
0
0
0
0
4111005683
1635033
3992781834
4279834613
66594566
4263370003
4111474446
32763909
3926325506
4212065795
4243522055
301732883
286788636
268108813
4245551097
4193576426
4141871350
134875906
4277730304
4176806124
218628336
4126866426
4095348476
203031292
116002579
4210762000
504952351
4127065342
185663777
3874884340
4008900880
66653154
4278844915
4096144691
4143450093
252514292
200800779
4093967620
4229100790
4227859451
4009295883
452126726
4279237622
151251454
4059562215
84878097
117050389
69794283
3995210737
3925075448
623513365
4079625215
4009622004
84734230
384890860
203163678
134083074
4262324230
101196044
4011585248
486475263
4127322393
4243449570
134677744
152501762
4228515839
4059103216
65020
0
0
0
0
4177721331
183763176
67437569
16840454
135982851
4244509211
4009887236
4111142647
4109763081
4177527799
4278388990
4177331958
134940926
32572929
4260755967
67704866
3957526557
4194362338
32570091
587983346
4076471329
4243781625
234684163
51905536
49869835
270137835
68954866
15723511
250281493
3520650190
4059434009
488239091
252703267
404886547
637724679
253173287
336334328
185010451
3976003098
65925117
791017975
4244563963
3926853879
4294506281
116520711
3993310462
50789891
234680829
3859678196
320080886
4110883079
4229833208
4043368954
4025287939
49999867
167709711
133825034
4293060608
4211083773
3992776426
4142794494
4008246023
4260099811
4110418950
4142595571
185536516
4244897267
16379121
84665345
3807835907
4228326147
33813494
4277467642
268043000
134083833
4262131452
4008574230
4059106302
4226673131
4129293324
4142535948
318905105
4193395486
4110080487
4245745641
4126810121
4177724671
33687553
4278450931
4144235527
0
0
0
0
152371200
51770855
185279998
3572559073
4076004357
419955467
83025159
4075880177
150468379
4194424826
320539384
4245228028
286387974
150796808
17109274
4260554238
4293791469
4195024635
285015050
35914765
4091809276
4059036405
3841787391
4110228743
4210165772
437649632
4045806824
4127650040
4160093706
33752820
4025811709
4211998229
0
0
0
0
302383104
4162389503
4244173050
4076073464
67043832
3994423786
284956641
51178505
4213116658
3957982195
3959039706
32049679
4026401528
4075748860
4228709906
3691971297
4260822260
503772948
33029404
2292749
4144295178
3925344508
250544638
4177200120
335017981
4009956361
4244507663
537857558
3641184003
185800727
438107885
304088326
4080011019
16391927
4211214618
4277797631
503312379
622792945
118556685
4127585533
317451774
4146725896
117509381
386202100
4109565196
403367147
19202551
82898663
705290769
4059234315
117307909
285864681
4160291075
4278321141
3709142019
167769324
202047751
3961060351
133425384
182848014
49939202
66721539
453046278
4210685456
4278322167
100333825
4261412599
17436150
51181046
3959161839
33488367
4228774133
3325
0
0
0
0
267775249
50459896
4294761205
1507059
2301
0
0
0
0
4278380545
3806925303
3976201216
133494535
4108449523
571144740
167516674
167056911
4125753855
4008899329
66129150
4194501120
131983600
4209963247
4227529975
4144299266
4008836336
4176741622
4177723135
334041617
4243261202
133686016
67109363
3572231677
4242468341
370743601
4179553822
84415507
4009637411
168366070
352776702
220926706
65862659
4193516257
185337887
4009557739
4228584444
137211
4093114118
100663044
4209972757
4294116080
352970754
3992512271
4058971634
4094889943
4161270512
4025349877
3691389944
4178439431
3959754483
4008712201
4041665239
605615874
3941593834
100010494
170063385
67899648
184545270
150018052
201912305
4010143775
4158451951
4176213739
4247251963
4078310651
3840876311
57563
0
0
0
0
4028370685
402794002
3505189379
82043898
4278519796
3774284027
3975090198
454358783
322574
4177656319
234490634
4278385163
16845570
4228185851
4193644793
167176434
201327104
4195487208
49613577
67830556
148765941
4026793469
4128046091
3910473464
33029367
4176878582
50199563
319622907
707134730
3775330335
117502194
4227338987
4177526766
352315400
856219414
4263054334
118483719
134611202
4260691206
217445375
319619326
4144898547
4028499464
324082
637928464
3925208066
602202347
2165766
220141801
486872325
336860176
51915014
4109825529
216731385
67633910
99358199
3909611534
117049843
4093053971
4024625659
200868595
268042775
83953682
33166344
4108844013
319880194
3893167360
152769269
4008698610
3926000125
3976461819
217060595
117248006
4211471361
337437433
3892315881
873261042
3943760621
134734858
4042527751
4160672791
3808554743
584724247
371858961
4178310885
352657926
17433084
67896564
4043897833
234487288
0
0
0
0
4195352576
3994356507
4126743298
81005831
354877690
67502836
4044883187
3991470336
4043502065
4010216441
4278125822
4209176058
4125355780
201394448
320079872
85137416
3878427121
4059046940
4260951060
134675210
4277011445
4026465034
32964100
4244627199
135922711
4211072539
4260896005
167763187
269282051
118757373
302772751
65925129
0
0
0
0
4193779712
34667516
4127789558
4277732102
184551426
3758944501
101449464
3943370240
4260625407
18023924
3842769905
15989518
67560952
3910268928
4110353404
821945055
4093706234
169021674
283772426
253099027
4277070072
3673613029
4060874453
66718725
268045833
3790862594
133628926
4126210817
50921711
4145214188
4076072707
33298920
304083460
134619936
4042980640
4243582435
167572735
3894342383
84416234
4178642952
18742787
3975343600
604370942
66122510
267394539
3857783083
235607289
4261014792
4160879116
386724092
3959357188
150603017
4210945537
394226
271254013
1514230
268636148
4212195608
3656978167
3942057983
251081488
185923844
4109767159
50329094
4060085246
49675771
4193583859
85131515
4210490103
134286596
84871176
50337290
248
0
0
0
0
721361176
3673225246
384558815
338425074
5888
0
0
0
0
4244177916
4159177489
251851796
4245483002
4009428731
4111400954
4042920473
252120845
4194573564
4060286210
4093448181
200144120
3942118121
4059234285
66717446
84477688
4209902604
4261148662
134614021
101452553
134019832
4261147905
69204706
3974301168
4245024766
151852777
252970522
3874289902
4059562716
336847353
183626481
4043178981
16265730
183565086
3941800695
505483771
16513783
167444233
4176804359
83690499
570819327
286194967
34800373
4146003455
485752575
503899398
470874095
318240270
4144817374
4127596783
17104642
4277268731
3941924079
4260685043
4145217282
50008299
4160222746
4193058040
4126270960
167310846
134865372
83299339
352319003
585824257
302445587
4177723660
100464114
62458
0
0
0
0
4093441531
117245968
82902026
4010078208
3959684333
537854983
3658356749
502981328
3977833204
4278186490
150993644
4244699392
84011775
3690070777
235143158
4042914569
3790461929
3387224284
16645628
4026854370
200343552
167511028
320935458
4127856128
4294830082
4127188739
83495431
3774285568
3857571300
3877043929
269222920
102239735
268106248
135201039
621082639
739639290
4129878769
33690352
4059754766
218038269
284559357
203951116
3656445449
4175958769
3976266745
605750550
87293686
135532296
4144887025
351662562
152177682
4192862201
252773630
4059237139
4111071999
235738102
3926197516
4277209356
4211273453
4259576579
32963342
267055912
385159923
4091342084
32371967
51707892
4124900075
49736438
386267906
218696708
3924879856
4195938824
17498367
66849525
4092528882
201256975
3974500858
253824526
3925615139
3875205104
519507960
82376951
4043243773
50988800
589046
335088128
84408321
4278255621
4093839862
4144037889
0
0
0
0
4110483456
451024903
4042716707
3690911460
485632753
352524058
3976783369
4143380729
4193190894
4278189592
4210690027
3706780955
69073893
505684984
4094092535
4110416893
31914507
4211205618
99812076
152308497
67704305
3940818955
116646919
4093313030
403702269
3875076865
4160224247
4260764952
394736
151589658
184875539
119803628
0
0
0
0
33292288
84609283
16188928
4026469880
4261216519
4043312386
116392455
4160883446
4143966962
3723625713
4261214452
83163128
4109904370
82704156
518586111
3995139832
267379701
4110745346
4193317357
3910013674
184355608
50262779
554629151
4110159885
50661406
16189463
4194632721
4058907404
150931468
4094623726
4261220075
51119620
168031758
4043567622
4076405736
603326475
3991801108
33818604
220332261
3807969020
3773825002
16249101
189668
369894663
133026804
4193913353
419562260
3942775548
4226282738
1900546
4210948095
4160155890
183500792
4044156908
201789696
487913474
4110945038
67112692
218364422
368506107
238287344
218173941
3941528054
151320306
4246146557
33750528
4042785016
167641855
4177721862
4227532267
66910459
116579320
16712685
0
0
0
0
33358847
4026922744
17302008
4192858381
64508
0
0
0
0
4042851328
4126810108
452398858
68947965
4076869111
4209971965
16908784
151908843
33877243
33618696
4143444469
150406640
4094494462
3925605901
4280486660
151070451
4193719292
4160816648
4094100232
318963199
4194373371
4244046096
1637369
233776139
34944015
335811592
352577296
4229175046
1292238110
168755483
4013230324
4144374566
1507588
4027978500
117307906
369501427
168233215
101843464
4211276542
4194698748
4127850765
218107395
387580940
50983945
337516792
4210169857
4261085447
15533548
3909223165
3707637247
216529897
3993178388
4108314883
4159629541
504435187
118290695
3958046233
284362524
132323831
4058583549
4077258515
134744813
17694461
3774479356
4209833725
3940413162
184947960
64523
0
0
0
0
3906794511
84208111
4075552490
4094622718
3589800192
116843248
4110750479
3807776520
201398520
134156551
67611
50725126
4228708339
705038076
3908304128
284554249
101515775
3910864348
100264699
151123439
4176606988
184419606
4177655800
18421236
233638166
116848135
4042456830
70063379
3941340913
3992196065
4077905922
387970554
50270742
471145729
65802261
3925668132
301729533
4279372798
100201484
4110285325
34207442
250021877
16321793
520159061
165868259
3910539799
3740724221
34466804
4145280775
4211733728
16253697
4178051081
16712980
83100905
16384749
536475658
487129369
18351876
3993171441
404292866
4144363502
3976332533
268303350
469764859
100137497
4176997640
4176607736
453695991
4026272508
4279240430
4059889394
303038457
3925480714
183953655
201327352
100595700
386664704
85131017
133887226
490334454
4277408023
3809283348
3755208961
202174464
3825008649
50267646
133951752
4227923197
151583476
4178379514
0
0
0
0
18743296
586679806
703653368
3708884224
3840404510
66257667
637799459
437575412
254149615
72472
33101558
251726316
287045888
621085683
4094361592
284818169
4074896118
4008965622
285537019
262144
4277598207
252715015
720702761
66646509
4111003150
236258040
4143517158
4245815812
134342912
185006111
552927251
168815105
0
0
0
0
4110221312
33226749
4161605894
66914560
34211079
334628612
4027318276
185458429
251332615
386002708
4041871868
68028926
134931966
4227987180
4161538825
839253263
134357246
202189348
101716270
150273559
200867337
286390266
200805667
82771707
3975737578
386338320
134743566
4076795385
4027580686
301472004
704388366
4161728524
117175031
15927021
4277800969
4278517271
4259975166
436863466
3792244498
3572828928
4125957116
101255428
4009359855
4293261058
4261007093
4026009840
4028170217
83172848
352390139
352779808
168034818
4110158343
4076537858
133300745
4077059853
267322886
16840952
4077254913
3875604971
435685125
319625495
3773304331
4244303617
326123
4144166913
4244834817
4227267843
4227596299
4294245620
4245093375
117176074
16773890
61951
0
0
0
0
117767419
4076471054
4260496634
4010148343
65272
0
0
0
0
116656398
184160276
35323667
3876655347
3774742280
4076338393
4062445566
248648184
319228173
301850875
453241614
100789463
3943106553
4025288968
3975284975
318439163
150465278
3805077465
83555061
4143381236
3958899695
4277469212
4059822337
4112387095
3991136003
4243582988
4161268747
4161274623
3742951928
4209900780
68029176
150671859
31715581
50588647
4094032415
3973645290
4278319870
4210953730
4193975041
117964294
3959160064
4176802045
3824160249
168563722
454298858
333772023
3976986894
4261870310
4176545025
168615926
3891797001
4209965562
4260945174
269814763
539230984
4179362316
539426319
15124736
3995072240
4077585915
116062207
286786556
3759279358
4061333518
85847053
4111656702
4193652993
2323
0
0
0
0
4196145139
167711766
285996270
3875081198
3959286506
66915086
4196537348
856622357
3926268423
150800642
4227992076
4227199746
50002938
469630725
3993834473
4059426289
68552463
4225564684
218107658
487986171
201658145
4162248717
3891792088
85526263
4262334467
16841190
4044823530
4261543931
301990678
1027539712
269943814
167966205
387192316
133365008
33424380
555098330
385350151
437716500
436858602
3941798121
84345330
4178117890
3875674605
3875533291
4194698227
33230572
3623749889
3756653819
67303183
419295470
841219843
3943039727
4177659141
3907985149
4227797508
150800655
3809281029
3924953842
234820113
4059624436
15606812
201328871
3959551993
84081170
49351163
118758913
3708950024
17430770
4095607282
4093192965
4279432216
3856525536
116716289
4145744386
385548548
4127521274
3992514793
82038536
201912377
3706912506
117975023
231993082
3623550166
4042985461
3772973809
117042923
4195355402
66391303
4009296887
99808260
0
0
0
0
117309440
821172498
48954417
219352264
3942446099
218572059
18416404
218892532
4195568671
168224771
773261579
84478186
3639278339
47571676
786436
3892701944
3976460548
4176605166
4228317948
4276554736
689774569
4128308012
217915126
48160003
166843155
3873629429
4058513660
4126399216
4277922067
4010284276
3842044668
4227402473
0
0
0
0
4227596288
4278390026
66913534
521731588
4076735737
166594562
419953915
4061470207
4127131901
3908170225
4042649072
316926448
370081796
4195422470
250672640
3707427317
82899426
184349434
302582783
537787163
152567794
4026794760
3977324012
34675745
352457229
4059368708
4143251690
355730949
4245162007
67625975
4229234184
4245422077
3944679162
84358633
199300133
236123948
200673515
4162256166
134091281
386665759
4209766675
17237488
4126806514
149689887
4294176273
4076668137
4060090114
4158257149
354023143
100794363
84345609
3992586493
4262787838
50855422
4226216678
4294959857
4011197684
184153629
336919553
270008338
4160428548
4041671168
588648955
183968004
135004408
16776704
4261150451
4194370297
4059630072
4195550960
4110418421
4111074552
61438
0
0
0
0
555223808
525611
3907255785
3909155564
62195
0
0
0
0
1025445329
149593455
759138240
912983495
958230360
1026197918
1044807208
1048707239
822447378
78847297
257986408
1014755768
37327566
359301693
259300077
250804348
956599933
369786477
14646754
1018824122
882679255
614002684
253034059
218596721
962786691
934050901
84147173
857281510
1048317570
288328488
1057820078
1059619574
3740737022
3722511605
4227591426
184284678
184024053
4228248301
151058432
3842440189
4178119920
4176799240
100856294
4127395587
335286037
4143186457
16711671
3959622157
32568566
4193843450
3758229262
4175890188
4161405180
184550418
151715342
4144690678
3992847079
4060017660
4177594604
285475325
335610107
4126735101
4144626169
50200560
4193845262
4294506753
4194499072
4210686470
4178115845
67432184
4160157180
116784140
4260233753
4227330822
4277403132
3992910832
4127656706
385745397
302645550
67238150
4109234157
135853561
4111404548
4294839292
302969603
218757111
386736418
386465558
100924403
4110419450
134085605
4110285047
402391820
4294966257
4093310725
3977575931
4226872821
4025616637
4244307199
4294709504
352778742
218760964
202577164
4193979141
117048079
169220896
151651597
4195682294
4209703664
4228585979
4210031641
67497719
4178316805
336069360
35131148
3959814392
4294244621
4261869043
51844616
4277990642
4194173443
134477818
100200172
4278516233
4244305666
135003382
17499388
4227146226
4094101543
301733129
184678906
4210682875
4242997767
4026202112
167379968
4127715586
4227072518
116586761
4143777781
4278060290
336524773
4260304401
84081397
4227660536
219277559
4092982531
233766659
4160881132
14613506
4177459723
218826518
4211613955
50723837
4042588928
4092330747
4010219268
15660800
4026069758
4093838339
4178244863
4260948725
4193715189
4143508991
218699510
4176612125
4126673656
4243917337
185073920
83954442
4294706187
15856642
51379730
285079567
4044293389
100140287
100799239
4260363532
4126996972
4176408322
401469954
100463353
167832833
4193651460
4025677808
4260296700
66646511
34139916
83948010
4193782532
50067441
4143774443
4160157688
4244111875
519047180
4160491774
4210299393
537331197
4077191678
4043044330
301003550
4261346044
4294705153
4245028868
201193473
4177657852
134151158
4261608942
285540094
83425298
4262853388
4076861948
4227921157
4277596666
49871365
236195839
32766714
4194101746
486341373
4261940226
66847482
151387661
49741057
50657551
83493368
168364810
335612675
119086087
4060019975
4193914895
16188157
4211272713
66388732
370934024
855060
100403457
4111074564
117244428
4143841277
286329844
4160553737
4110021633
335080962
16844276
4160158715
4177132028
4109960187
167310847
4145546473
4161665016
184483594
419101687
68809741
4177201154
4109828076
4160286192
4161666308
3975417077
4026337261
4127067135
4127849984
33354264
4244702705
34276341
118160628
4077255418
133695489
4027711473
4127458052
184021241
83823088
436467717
218102267
4076796921
4126930673
4093574886
368974090
4261803286
4161010167
50525677
4043701500
100339449
4194038537
4160159998
4293784825
98565656
368699907
4211015157
166986253
4059167752
218694142
100401420
4126932220
4211013642
300939524
184547588
4145543949
4278647805
4076866557
4227529456
4261876218
184484099
337117701
4193452030
4193581305
84740875
4159965179
4176477703
302445835
168693004
4210881523
4093834997
3925538031
4210882290
83493360
4110614508
453704178
370346764
50853893
67043080
4277732590
4161603850
3991668724
100724970
134873865
50857223
4244112657
33227016
4059035902
4177464306
4177725183
4093838837
117309942
4160550122
4278320896
4059432442
4143908109
17372420
419957775
4277468427
3977118723
4009097193
4010080763
4229298670
3942317796
4093575144
468783391
4244174618
4194830082
117049107
200539908
4294702850
4143515907
4010149364
4194897662
66583047
134871289
436336919
4093377540
252574959
66978288
183241484
336066064
4261153777
15074308
83491588
4228446951
4277863678
4110350337
134019572
336984578
101645033
4228247541
185331696
117772817
4193643254
2752252
168428536
1709833
220136449
4160687109
4025939706
4041799919
66779908
4261870842
4227074051
67302650
4144828406
83363325
50594826
4093902583
100596221
17830145
133627651
217253639
4244109313
4244374012
168033533
4145023759
4277664240
4228314869
303104767
4060222441
4076210436
83422974
4161207810
134740999
4211346434
101645575
4195152638
4110092258
4278063084
50921732
4228058103
67896582
117108728
4075817721
4209967116
133624322
202177021
4144169980
4075815420
83824384
83817236
403960547
184087039
4261741050
4278712051
4293985020
83161873
4211270396
15989508
4042914544
4278512872
285541634
69079050
4143580922
117241344
3877766909
4110488573
4194563837
267387142
4193712642
3975616790
4178122254
4060741110
4244703729
4009885933
82445570
4144236273
251399952
4042980355
4210298605
368508439
252114686
4228313595
4128183029
4027123712
4278060798
116586503
3722969343
4042059762
4059623944
4277213962
83821071
4277205499
200405494
352327437
185533186
3891725069
383778034
36042487
486142983
101381877
3791456243
134084357
4178445582
4042328838
150535410
235472664
4142789382
3874487805
3791060472
151915025
3976334059
4042648070
335610877
4042658307
637203200
3875797761
285341174
4260956176
319419889
166854414
217516304
4260228851
184547836
236129297
35855637
4212392961
116200448
3910077425
4244506894
4294637301
186595847
118029824
4126274567
4160483826
253099502
3959227362
4110420734
4194107907
234421491
4262202635
201983502
4043248149
301991691
4145937169
3740798434
52829700
302458381
4127324680
83692290
403768088
3993764107
4176472595
4227400971
302187778
16380686
250671352
4110486792
452917784
4077459444
285737206
3942251767
4043110897
3722701803
151321080
4110419979
4161475566
268307982
218037767
169542670
4194303984
4042915586
184286720
485550850
168883964
251067897
218698762
4178109463
16973821
134219527
4245354493
184614927
4127650825
369885956
4160160005
4143840500
452396800
4061730056
4093639664
284753407
100927480
4261283846
4176807434
33093635
4144036101
116269823
4262133488
420091163
4244904211
4109955847
3941729019
3925407469
33486857
737541649
49808126
252442104
4294311410
4058053124
219022814
4077715442
4210236930
4211343108
33160457
100275695
3807053543
49672716
217514252
352187400
18022900
50004223
132579571
16446476
4109438709
319681792
4147258070
4144693497
336335613
4160552703
4126410742
168886789
353636364
133109258
4244171780
3960007442
4093314293
66651902
149545974
269156093
4075944469
183302904
4277669134
254018064
152053002
319946502
4210951179
4260037133
216666632
4261082652
83427858
3957520366
520351253
150733835
4210692113
4142593281
83688959
592613
3943692020
3640980732
4177198071
151195130
18221559
100206598
4010803980
4010411511
67962369
251790587
4143247611
50389491
4093509123
4142855659
18353922
4293790721
150598154
3993374705
1574912
4110090994
302645485
4262199302
67635468
335608330
202372893
4211473398
4043897585
252310521
4260952310
4262133239
235085063
301405213
4228445707
4127059193
183500782
4077641208
118294497
385285390
317650955
3874615312
50200818
3975154443
4278321137
234749206
4261541884
4076803583
82110441
15596809
84734968
151586289
4245754639
4260031253
32766714
3958569975
4211279346
250416925
3959025918
118427133
136059438
4178178051
4227004924
4211273980
3925740012
49611530
84411154
33168135
553448444
118689013
16841737
502854904
302450967
3942383874
4093247494
132511987
4228244734
420936971
4177733369
3975740162
469895933
4227661303
3942510832
66320376
50925567
116782599
4294312975
4193450740
201844221
4145222141
4060550153
437448188
637925149
4194830340
317846522
136118526
4212725258
101645559
4009953808
3742631923
4277935858
217904645
404364318
3892904721
32699399
183961085
4042983166
4194498560
4210487287
689634572
318768141
4126861049
4261144790
118945016
4294712544
4227073779
49672969
4227860233
100596466
4042911237
66978298
17954558
4058317323
233305851
3992452868
4278060515
16249843
32768765
4177919231
4178447089
4076208648
4226942459
4277138935
185139479
49283077
419301894
68675084
4261675240
3993437681
100334328
235663375
4077850878
526069
4160292859
4061067005
218827003
16708614
3942383089
3924556782
4143315713
100533246
50530827
4093901049
4078503175
4143649786
4210292737
4110412535
319881209
33747207
4261017859
100727801
301988360
4245160698
34211326
235737597
15927290
84080905
4278451193
251004663
4294312962
4209769240
4211669768
4294769404
4261544442
201131788
82903806
67368701
4077122291
184414200
202179832
4025477879
285211111
4278582296
4043900155
3874163451
4024826885
3942906643
100205051
336593397
100467461
117373443
4277209345
66776071
4126665202
50459640
65598959
4244571125
4041994752
4026010112
83750907
4042651892
3976063989
167642868
4228644615
4262405660
4245089796
68155643
4159895542
4059890963
4211081221
4110482948
67831304
4093052410
100269588
4160553467
117506552
195321
16451083
50527996
218297852
320601109
302187042
4144232952
4177790711
253168643
4211280107
4245160973
4160751862
116915202
3992780023
3991929575
4177197311
4244244733
4210886393
4093378031
169276919
117438458
100927999
4210556423
4194303478
117046252
269091596
253561618
4110284801
4058252533
4211407860
4277600510
4160421115
4176475391
65792504
4127258619
4194046456
82309621
118288896
4127983608
4092786929
184415485
135204608
4243586320
4110350579
116653574
4210820107
83296509
118296588
134020104
134675456
4210953218
4143379197
133955582
17826047
1381366
183961851
4294050306
150008574
592380
115931142
4227529729
386335497
83758836
333709053
977680
4228118796
33619468
4246012162
4278258935
100007177
4228974332
167051521
4043444726
16977172
4211407885
4143967465
4043114726
116128014
4294111239
4176543750
16448505
167704585
385549317
117767699
4244177906
4245224190
234748425
3909548285
166917645
4244963847
4093116920
83886321
66577936
4245751553
201720823
287704060
436542716
978927
134476537
4110556937
50200841
33358860
4126605577
217775090
201061388
50331366
167841545
4210293778
4160289552
4060741632
4178046989
4127654138
235996153
32509701
4294110487
4294246159
101517309
302841352
102170883
3640853255
34076162
34737663
50339071
4210626055
419039246
136253946
3959158016
4245092854
100337142
100400127
4143646723
100335347
4210298372
4243911164
4244895222
319223549
201191692
33813230
4194504967
100989443
134413063
100201477
4160753905
4160686847
48491008
4210487026
16382216
4261410803
4262267916
4244567543
251393277
4159833850
4160158454
50990065
4160485631
34020585
4194234359
4227992062
66848773
201195773
84673801
84015889
133623798
3790468593
100138210
286716941
4177529863
235807228
50860800
33160197
3892377842
4077385724
4245880313
4009157379
436071410
318309376
353497110
4278057712
166720507
4159569417
133101303
469429513
3741189108
100008708
4144431363
489680388
4210827772
4177926394
83753990
3992912389
301270265
4210360827
3959226614
4177069568
4193055235
4161141490
66843633
4194171122
201000981
4294506247
4143052262
4126865402
50524651
4210425608
134282752
3974889455
4210617598
336335632
134673929
4161406726
4177330687
100598540
16845572
66844424
284686609
4024759556
4027316228
3974889461
50201079
4008768764
16842215
4093840124
117244687
16383232
3942974966
251725842
4279041548
4110284546
4025684992
469432055
185663509
4260625917
3943036910
118492411
4276808959
50787321
67044094
117178381
151387141
219549176
16774918
4177268740
234023439
3992914939
101382632
4161274615
4143055357
32439034
3892181258
151454716
202575108
392961
234027024
4176739067
151126501
4194367465
4144037893
4294507001
4211341558
83952625
68155651
117572617
185338366
4026858749
4043436015
4044356341
335742714
4195090937
269811189
4244766483
4261411323
4211081216
4212063735
4293984528
66843378
16909070
4110221306
4277340929
50269969
3926132473
4025415141
4178118665
203031546
16777749
4177073655
150406155
4178837247
4127131389
150802933
84737548
4227727359
100597512
167118089
252836360
4077590533
116848376
50130956
251003139
4278320652
65993473
4194366452
49676031
4160488189
33428501
66717967
4244435453
34217485
134225419
16710162
4144567298
217778431
4228318203
4111336966
251657211
4143774981
4227991807
4194433521
4294440217
16716032
4226741002
4109629966
33360393
4194564361
66911734
4243783148
4212394750
16907014
4228123650
370150929
3992518935
4159898903
33947634
101318404
4245423862
4093313023
4210425338
4261544185
268631041
4009225476
504953062
33680395
50399735
4261217026
4261084674
100991743
4211212286
83689723
17104899
16711680
65026
33685501
16448518
4278255357
100728580
65537
33554432
33685504
50528770
33817345
16973826
4294771713
50132992
50462974
17106174
4227925253
4244503294
16843008
4278385920
4261479423
16776449
4294966781
4211015935
4294836481
4261150977
4294639871
33488130
50528514
16843522
16909827
16974082
4227595775
4277993217
261630
4278125311
4294704127
4278255868
50200578
4278190338
4278319869
16645625
33619197
4244570368
33358078
4261609220
4294966013
33686014
17039366
4244439293
50398462
16777215
33619967
67437056
67109631
50594053
197374
16843010
4261282046
4277730304
4294834681
16842500
4278321408
83886075
67632896
50398209
33290747
33685247
50594559
197122
4278190080
4261216000
4278123777
66302
16777473
4294836740
4278059007
50462463
4278255358
16842235
4261477888
4244438781
4294640129
16776705
4244766203
50071039
16842501
33619966
100598272
101057535
264195
131838
50397956
255
4278125312
4277926656
4278058749
33357313
33684739
16646141
4261281537
4277927424
184481537
101320191
4244701956
4294836226
33881597
50200576
33881600
131327
4261150466
4261479168
33489153
4278058239
4244700924
84212989
50528002
50528513
84214529
17040386
16776706
33490434
16973057
50266109
4177264898
4261478137
4244701950
4278124284
65533
134021637
33881860
4227726082
16843007
100467202
262400
4261413377
4277928449
50396928
984584
4008445184
251592690
4278055162
185200115
3960404733
3991728118
3992584965
4092195585
4294572052
4008771055
184940035
4043901173
4210160111
83361279
4245619712
17432825
33881358
4193054213
16777722
64262
385417469
200607483
252379133
4192993282
4093311978
3958897657
151190511
4177066497
3874357491
100529403
3942387460
15926277
34275583
168094723
4076207861
34078991
49807367
4026137834
4226222852
4209899785
118291459
4093576447
303890924
235666964
16120335
4059631869
4243651592
85000707
4261876748
4160288250
267055870
4161666812
150931966
285343501
4010018569
4262789113
301204992
68156684
32834305
65989632
3975676144
4211011068
4245032961
4260758526
4093252871
183559178
300613122
17496353
4279174401
50663439
4193519354
4178446843
4075619063
49873399
4278716153
83881976
4143906311
48953341
184745978
19139079
167181830
4043438835
4159636985
66188807
4144625660
4059695854
82902280
4160289806
32964341
302120447
4061397767
4176607476
4143906555
50461698
4111077624
4110617610
4261090071
116454406
4227660286
4110416117
117108730
167640834
4194431484
4009166583
4092456454
4092920578
4009030127
3859351807
4142264824
134133
4010147328
83164914
4059624967
16315891
787189
252512013
3976783860
4194040030
4126937333
4110547710
4112124940
4210627074
589049
3976069622
301927680
4194372616
4059557099
335677955
4277928447
4262329851
3909095949
4161015802
4160683248
4278519802
150664193
101449990
4059430668
4294967055
4194105343
32963588
4009951489
201719543
118031103
4025549566
4278709752
218432245
4160025842
4261475589
32698371
4194826476
252051211
218958337
285275129
252443152
4144240647
3842244595
4009363192
251130624
218757118
17496566
4228385016
351403529
4177198837
185474071
4193586967
169277691
4059364619
3774150405
4074892011
4262396652
401996302
4261212927
4059433727
4109367297
4278516220
4076472057
4227991294
4042917636
133629444
4093903865
4143839743
33226495
84477955
51117062
4211676150
4229303819
4278125824
167311621
4143383805
4210358016
395262
4127718399
134284797
151650049
151781620
84866042
4009951992
4227466486
301793798
17237289
4178121213
4209508860
3907515375
4226803966
4109304592
67041539
4245097230
83426042
4076730884
4278975750
4209776630
327693
217710598
185274371
3992912387
368834308
101452797
458505
17106689
4143968511
16912119
4145025561
4093572603
4177130489
100993029
4261021193
16974075
50660609
50657526
16906746
4294964474
32769791
4076665867
4195612674
4110157815
17099001
84543728
50527244
117898752
50922233
4059693059
4244570108
100529672
4244963579
4278319868
116850954
4211865857
117239804
4294569956
32574995
385941249
3975873261
166603809
718106
16714234
235336699
4077715728
4093446141
134217993
4093901051
4261546243
4228192774
185139467
4261676292
4228581370
4227724272
166655487
4094292477
4143121906
218105352
4210887433
84546289
4278254333
201390337
4245032202
4294179589
33489409
4042912513
4293595919
234818585
268501506
4212192254
135927
184225783
4228708096
101253117
202113803
4193650445
116914413
184944405
183238163
4127651577
217967372
4127916262
4211665660
233569281
150469915
68157448
4261217264
117178626
200441
4294381813
4126997775
202045423
4211019523
4210031371
234945808
4194363404
4009753591
4227461081
4261015801
4226018271
3875990768
4042785517
84342525
117505016
202311934
4228183786
4094162665
167445265
4026601984
302381562
4245687048
84283391
84607502
201720079
4160291833
4261669373
285214714
4076603390
83031807
34273797
4026793472
4278911744
4143904002
4227200518
217974011
4009362715
4262856967
3958900475
4243656693
317914893
4228509439
335741426
4294905348
4211214601
83361005
67100918
3992322034
32175353
201259531
4293919229
4143380756
4126866686
100332277
4059300109
3924882162
453245181
335607571
150667513
4193574657
4193718758
251332614
67108857
4143183612
134153207
4245161213
4110547983
4294905847
3959554568
66715371
4229562113
4193645570
117636110
4127589117
16450292
4127127042
4060478698
117242882
251655408
151059195
4245031690
134412530
100997653
50853112
33940738
200078584
51118076
133431056
4011326697
4193127419
4160484349
66254848
4043506436
4244376569
4279049739
285473042
168692764
83953166
168100093
17499423
4076338176
83949815
4211934206
134412277
4294246914
200472315
4111860733
4026600972
4293588474
4228387585
4194435583
4294705401
4143310586
4042588912
4276814086
4194299903
4210747889
319224579
4260682973
4093245696
4076866548
4261675789
4277660910
4092786933
151193622
69382
3991990792
118095102
83496971
4245028617
4009751819
67045880
4177725961
67304712
4243653128
134806020
233701879
370147335
16253442
33227246
151516924
67632889
403177222
117177358
4261083644
4227070202
4194303997
4194443523
4193517834
50264838
4092724735
251197964
33817083
167444223
84671754
4194237440
4277863152
66777339
4110744563
4244764408
461566
118162940
234548994
4177855998
4093118472
4161076727
16975101
4093837568
4025742587
4243846895
84406529
4211739904
4177660172
4277930253
4075881474
4192860154
84209923
150731767
4278586629
4211343620
50067451
4161208320
4211471617
67830794
168563724
3959289853
16840431
51183365
4227727367
4159696877
34143488
169145094
135007493
50263817
4294770170
4025484291
66316048
117767928
4278120455
4160484345
151388145
4178578429
17040904
4260233495
4277796609
4127263231
4194632452
168886771
4261544184
4142530797
67831810
66303
4261935611
4126867959
116786164
201193991
151650041
100204028
34013427
65404670
33684724
117045516
4278718204
4060087294
4026532860
4094103795
99877386
4177528327
4043569664
285146119
4194761223
4294377213
4126936069
4177132275
4126538233
4176670960
4278055427
198897
4210818297
4110221833
49545455
117504273
100990709
118224640
83623425
149748228
4194302205
4294245121
4144494586
4278191862
4127129087
168625673
4044295412
17176571
4042718206
4244045567
183563776
185136135
101123069
3958832377
4144037362
4245617135
200672496
184941064
66975737
4210623237
50855414
4278846973
100992781
4059625730
402718718
67500804
100006921
4008967671
183894797
4262138141
4261677554
100596216
452462086
4279300356
3825335289
4194306553
218822429
4059433477
4211475467
4043640564
3807641330
4211472882
4094234878
66583573
4177588721
4094427386
134806551
4228184577
4075550456
4277335024
202442241
135729152
66913030
4093375717
65533945
118162693
4143974137
101515762
117574149
119343369
4110483983
4227922187
4177722104
4211015673
83952391
4244110325
101054200
16120323
4178045162
4025747448
352910843
34273535
18148082
4227920889
51051001
67108071
118292483
4026729470
4279235057
202774001
4228973576
4244308218
252704244
4077847791
166723572
4161409021
167446021
4109757954
167640817
117900030
4027189255
4211409666
4194308356
4044553727
82509817
285865728
4110945017
4211020810
4009817580
4177327876
1312778
4210162426
50590703
4293852409
66914809
3958571519
351334899
4261146112
4244895756
4210557180
4043305196
49812230
33618179
4294444291
4210752766
4228313838
4177529083
4244240898
4177398534
4127523845
4243322873
4211210745
83689729
134745599
167376132
4009628916
268302857
167443204
101842951
16651255
83362828
4210491148
4026727160
66190586
4261939185
16580617
4227733495
455013889
33947155
184612860
66583810
336200450
4177000703
537785350
16645643
34803445
67575067
468847621
402191364
4042912524
67113213
4227734048
201720
200933921
4094034681
369423367
15992312
117573383
4161471240
4093705471
4210225647
134610171
285017877
4025219848
4075549676
252051200
118225407
4227467264
4142988777
301398552
4262003716
4228647918
151654926
4243719946
33946097
4228317689
185796609
4278915327
4177005327
4076336378
4059105017
4244570631
3874615530
303171055
4161995517
84410874
4111467508
84675334
4209967889
202371578
3959225858
4126083041
117833481
167573248
4244179204
4111072246
99745528
4195222021
4009893874
4227268098
4194567931
1280
4278061573
319418881
101053439
4078111220
4194306558
134023672
4227659778
4294639091
318633473
318175221
4294575619
437251584
16579321
167444994
4211082248
4111404286
117245192
4177199874
4294574347
4260950270
84080644
4228975623
66979320
4160486389
150795254
4262528268
16517876
100860428
4277139721
4227725823
184285442
34274548
285079556
4160819730
4227856636
4043836413
4126867975
150863097
234813440
4278127108
167577083
352515348
4278453514
4227855871
4294311415
133823487
49213951
4210619409
201001998
4178577405
4227987188
4078042101
3942187507
4194629119
4109761261
184810738
4244830456
16910604
4227922436
4243979773
4244636403
4177660942
4260953340
4193710586
4244767995
135464706
790021
150406403
16842754
33555985
4092852729
4094495739
4261872907
66785794
196348
4227923719
4059561990
33292009
33229317
352584975
4077123351
4260955906
100856830
67569671
4261151750
4194499571
3976664064
149815029
117308419
117763319
4195025650
4277600763
185072900
4111472128
4243912700
50658296
4212393208
100402955
4160751116
100529911
4294833408
285474582
4225822201
101252619
4277471494
4126936844
4210358781
4193321985
15989003
34075648
4125884406
388856
134019069
269023746
0
65535
65792
65537
16842752
1
0
0
0
65792
65537
16842752
16842753
0
0
0
0
0
1
65537
1
0
0
255
16711680
0
0
65536
256
0
0
0
0
0
0
0
0
0
0
0
0
0
0
1
0
65536
0
0
0
0
0
65536
0
0
1
0
16777472
0
16842752
16777472
0
0
0
0
0
0
0
0
0
16777216
1
0
0
0
16777216
0
0
0
0
0
0
0
0
0
0
0
0
257
0
0
0
65536
0
0
0
16777216
0
0
1
0
0
0
0
0
0
0
256
0
65537
65536
0
0
16842752
1
16777216
0
256
0
16711680
0
0
0
0
0
0
0
256
0
0
255
255
0
0
0
0
0
16777216
0
0
0
0
0
0
0
4245160705
300355609
3908173567
284619529
167312881
1248270
3992123672
4143121392
284749583
3992846068
302640146
117375492
4227595283
4144168695
66976252
4228383213
116851454
4210486803
4160154860
269813741
4061665772
4226349076
4143381242
4227200777
3841333511
4294375674
4194303747
4244173820
4042322667
234817010
4245291789
4294116604
16448523
4260228605
4060279021
167376639
134803204
51117045
50265857
16052472
15733520
4262261754
4261477356
4126934272
4093440765
4060413150
201458187
16317456
16843772
1246209
251855855
251856398
4277992451
101315077
4210947567
3976136952
4278124272
99287575
4194104584
49606410
4262395128
33553154
4245224192
4243982855
336204029
4009100052
4179820522
101851668
4193057826
334292482
186446852
4142857221
132187667
168617969
168423194
4226549263
719375
4211210760
32696052
3924749811
49479667
134349589
4261609713
151518970
116523253
3959287799
487187186
33558527
234948109
4262002182
184222976
125961
4092394978
151520259
166921732
337444864
100264698
3857782001
4211083516
4110485503
4110089229
150338554
218105856
33224191
49543685
51511784
100266999
403503870
3942640866
4094889975
4042785790
4277791729
2164474
4194636286
4244180993
4076273645
200408069
3893819645
4261350133
218235644
4094361085
4244377865
4194692850
82776314
167706096
18480136
4226744563
18480383
218954761
184485379
4143580938
217184756
4244833267
201132544
436990213
4293919761
16972284
4110748959
83162358
4160354037
672724502
34149382
4076274697
3874621427
4278124529
134482184
786445
100532491
4245027846
351993616
268499199
50395387
4262397438
335213824
17165818
4261017328
4294575354
4210558729
67038455
4077586680
16380657
4261415157
33620992
4042717437
4009033726
82969610
3924621299
4058774761
234746626
2319
17105910
49547785
4177590018
4160818165
4228123153
4193057787
66648582
4194698490
4244763899
134608375
17893631
4159830792
285872124
4244634112
4279107573
33686006
32834821
185468413
133692421
4228251901
4127263230
4227922696
457210
4294508024
150926596
184418813
67237385
3858630384
4276679407
437062915
4194827260
66851587
269024510
3975416829
201717751
83885848
4026726640
133627912
117373958
4261608196
4143247362
134678535
4277930493
4126406656
4260365563
4278908921
66253043
17297157
100530421
117179381
4194626052
117767675
33884162
4210756869
4277794308
3976067574
4025876989
67108346
4177919765
4143517171
4127919864
4159831066
4160420338
33753336
117836034
84411150
4060019204
4279569409
4225896456
4278317046
217906167
4126865409
49807086
302382602
50398457
4294573314
268038659
4294640123
101183728
201917428
4227531010
4210884349
66385414
133888006
4210424828
4159766271
4244567535
4261414647
117898480
83952896
34537221
4077517044
4294381311
4228316165
4278977799
4093710339
4043174907
4193582834
4194108922
151325953
4092717532
84540675
100991488
4228713988
85331719
4109042684
117375744
4261413891
66648318
4294112777
786172
4244568320
4244505079
4210231559
4058837502
133892087
4293853449
167769860
336720380
203677904
202902795
17235717
4010147069
199159041
84661204
705162501
287038967
3942178808
3723429332
351994886
368241631
336733230
184417041
4244375037
4042324738
252851189
653395208
150199588
4246156826
4260105725
3773361683
3888896258
236055296
656997921
3687115527
284620272
3738173461
3876786710
401403906
151983868
4159962385
4193055739
4224983555
351463989
735962107
238015737
216925696
3992523003
4194490382
404619789
251129085
4276552716
889774605
4077256447
4259908599
184549895
101778174
81854986
940820996
3993367251
4277926937
67112953
4025020641
4008120096
4259776762
384100875
538569719
4125231623
151916551
318236683
14545641
4177525752
536544528
70450962
4161352704
3424973026
3420340447
4191941433
636683260
3958172654
31651574
806158344
4059961383
34536185
4277993976
219087636
4127195121
3941212919
388171520
4294710777
65993471
285990913
585509132
32043000
1341898761
3893230594
419770330
4026995964
116851716
3942643962
437854960
4128449806
435425019
3740657396
4110546431
4208523495
3991397112
84474635
319557120
4210890511
133615639
4211273216
4293518314
4028430826
386263809
460556
417197045
3640525062
3622504935
14868478
4262402088
201588503
316930279
51441409
4076664831
134346734
100859641
4025609445
3539001568
1291779043
3722760965
502393072
321253135
3490976722
101251323
4045333494
149485023
4177847825
4226473696
33355775
15267868
4075359992
286458594
134217458
67373075
3924094450
249552109
368508412
849437
283500519
3672053545
4142263805
4010406659
4160749813
4194110215
4161010695
4059623409
4279040497
4194373646
4176869110
4110417400
63993
4127520489
4160879095
4093638382
16518908
4211216128
251197698
17496067
167443454
4160420084
15728381
50921478
352780055
4212255481
4194174966
590590
34398700
4059303157
4109106171
4059426294
99682293
4211867659
4161537787
166918654
50131449
4294833914
4244242422
65538059
16842489
193547
150405132
4178838786
4243851242
4294637551
184940033
268363025
150536967
67498756
4278517495
67175680
33685248
4093509362
17498630
117966607
4261410309
149552648
33619456
4009300236
4294706700
4194040064
4159965438
50008613
117441538
84345600
3992258559
217581058
84675856
185138949
4177264120
4142922492
4127326459
4261870312
168297482
17499914
4161601781
3875078659
4091604212
4143320061
66580995
167904256
83426819
4228251386
4177918733
4092856043
1049855
284430090
4294504196
4228187383
4026400513
167772406
168165636
319291650
4077519628
4277336811
251262469
4193252085
134673925
4228186888
118098434
85264126
3942781188
4127978490
4110418160
4177398762
66193679
4178116845
4178245369
4278254326
67634437
2840
218431240
167774995
4194370554
4244832781
34738167
4160026608
67310847
4278451977
4110812930
4260956402
4143711757
83754497
17561602
67438091
4260954116
4094300927
4261153018
16710125
4245157650
4211211765
4261284351
4109764367
3975808261
66846981
134672139
4210620663
4211147263
4043046139
234814960
50855179
4261608183
268174604
4212067346
117443079
84343056
301853946
101186820
4161014526
4193320716
218564857
4278585892
167769602
301993738
101060868
4110090235
4244635132
218309877
253689630
150869493
134020110
4227989759
83630337
4060614924
17041662
66914558
4246731766
4143380466
4142920952
4193319680
66511856
4195283181
4294576384
4159894259
4144428807
100400095
50525428
218691567
150534678
4042981633
4194892284
335939066
4261741812
101386504
4093250540
1791
4126993148
193289
4143385355
4244572167
4093382889
4261543699
4143193851
4110155544
4161015057
133431554
67038230
200535805
32700181
133627140
3906925571
65723894
4244570106
3909610503
4010870773
4058839053
83488491
4211670532
4142655995
4228646396
4126735607
168621059
3759542243
4212265461
150800891
17039621
116653297
4161205006
284425984
100858378
217711868
4192139263
336590102
134481157
335279864
4178310663
4261412608
251524625
4244571385
234883324
4227595266
4245224970
368640755
4262200316
4260494836
4263513359
100527337
18150641
4228183037
4075748333
4077451270
184616177
32637180
4161071600
151127297
302910183
3842051611
17035512
3893040368
184620046
4162127878
66253809
4193382399
4161999348
4058514703
68543983
50527526
403179534
4260237329
14747391
4078236929
4279031525
4077194481
4044624148
132978192
4144632575
33227773
48828441
4025744904
201454603
324082
217711108
4228708860
4144103169
200998387
4277468154
4210423819
3992450795
166917104
235207174
724225
3908174328
4277728495
135468032
4059301638
4210026990
4127064567
4245232121
3941600233
134482432
250543379
3925339666
168815582
69140478
151908349
3959486219
3991404032
117238277
4279305973
4094226703
4010215927
4227210994
3992585222
4142993928
251201019
50727693
83946238
485553912
3992327170
367655444
4059822637
33170452
4279171090
268894711
68158197
4278587139
4075818760
68357374
4293722888
4211413758
17427459
85006855
4076862470
252450037
51052804
4061269256
235009289
587464709
200600833
49152233
15468286
4025807104
3994030576
4177205255
328181
134084872
4109892623
167967724
167379972
100399881
4227199518
117437944
4061335804
285545473
3877436902
4074767597
83363826
4160949241
4110290675
3992782574
4277664249
4144177164
4278059769
269420304
4159830790
4161140725
269875712
84022776
302314745
100667375
3806661129
167903967
4278057972
4091551514
419229446
34269942
15594749
101055244
216401899
320273673
135074034
4294564350
3909288669
15989749
4093968896
4194301418
262
3976398586
84476433
3975741923
4041342465
100993532
4278911244
4093772523
334691065
4211608565
4077324561
485816833
3992186355
217782023
4278915596
51577075
217913364
4294311698
50196748
302122252
4042593039
234618373
183431418
3422943992
4193188533
4109240330
4278447881
4042258158
219419172
4177394960
84019960
551485691
369816321
100136695
335873281
166393364
468915987
16118552
49611782
16773111
67168506
4177461753
4075026709
284819210
519437064
4261679604
117435644
4277666818
4026469114
117840387
4244376085
101322510
4243188456
167766272
3825330173
4276291848
4093642489
4109567493
4228643050
102630915
117964540
134349578
101319936
4228450804
217902839
4261741067
116459522
100789499
17496577
219479300
4126932991
34015499
251923210
201852935
66713355
129788
4278124035
3875405307
4259901444
4111007474
84412172
336002299
4094690304
4244829416
234944774
1182455
4294903036
4143776768
4194368513
4244174577
4210623485
4194301435
33162998
168163587
4210623747
49940229
4194042619
4211273457
4076603141
83688699
17038335
67107582
4177655803
4093641994
4244574198
4177263114
1022
117113091
4261869062
101320437
4094626308
32966390
4160488183
4227465975
4244699636
4177920761
117050106
4160945401
235406336
84676362
4177460484
100530176
135332345
4227069696
4042978546
100073975
4210689277
302185736
4228124683
34279413
218234871
101056271
4294638598
4110681088
84409343
135200254
4210685685
4143449854
33749503
351729657
135593472
4194108940
100268036
168166648
4161014277
33752326
67700481
4178119928
134479877
4176540925
84148471
17102581
4177985279
100927229
4227074570
4126867965
419822101
4212327420
16645891
4228053504
4160815351
4294900219
4143316994
16580094
4076209913
84803304
4210556408
4126148607
4226937353
217579015
4228120066
4160881145
85003012
336852491
100728585
4093901566
84931318
118557675
4094557701
4160485876
4260820222
4261020658
17105662
4127391996
150665980
302973188
4143972365
4160814600
201851630
4261542928
117501953
4076472310
201782783
4194893565
4277073147
83624179
285409798
4076141832
16382720
4211409932
100596224
4160946439
4228773114
134151162
370605810
4261872121
117178867
217644559
234552320
4228380943
49675000
117897715
116789510
3974297361
4245027827
4211153683
100596219
33619967
4178053382
102040576
4209962969
585193
1380334
4294115073
4110086373
4260622343
4227856893
100334604
4043243765
4027973126
4159178748
4025812729
4211410442
218431737
4244568574
83364617
4093446403
4026795779
4144761593
4194109438
84475381
4277996542
85065976
4244310023
4144495620
4160033799
4008513534
4261678864
4109698319
168690685
64519
250082810
369092354
235473146
202308096
4160555532
4195025131
4279113748
4227532043
4227270921
318372614
303495192
4278387184
4142523386
32500490
4294640123
4160157958
33488877
4110810364
4243583978
150929156
4026730768
15334908
252112123
4260097025
184354311
285733387
1113327
234356996
4244503809
4176936957
134480395
33751046
183956991
134150670
252907254
4143841038
51184117
3992980452
49084688
50919427
4211607548
4060548102
83556347
185864441
136055040
4075620352
17365498
4244702970
4176084990
4294435574
4194628084
4128441840
4177853451
100599547
4193452804
251852038
4195554045
4177851640
116717824
4143904769
151056112
4278319100
67964157
17105145
4278256904
132642552
285671953
3992645898
16977155
3909152000
4210358002
285871881
4076341518
335611629
387382805
84151558
4245159675
4227726601
4009359359
3992778227
4261279998
4277071600
4025415706
16311802
50010380
100399885
4210102801
15920644
168167395
66717186
4176412148
4194633200
4161472013
4228254987
50722561
4125618694
4160878848
4093378557
168428803
3992588810
4261215236
4259704567
133893643
4227529228
353831434
4076928772
4278976765
15662598
4160679685
4126472190
4159956204
32772097
4243780887
4226482942
4178640379
4076865007
4278647286
66781686
4194761467
4227332851
268698367
4244374035
4194236675
4243785736
4244962060
4143971324
201128707
168952851
4278192140
66782723
4076731380
235143419
4279108351
4243915257
100268789
100858891
201393433
4161469949
4294576643
33355267
4261281022
4260951799
4294834667
4294640892
918788
4193647607
17300475
167969040
4261543942
4127851007
150344197
117639952
150143500
4093769469
4159703031
17168646
4211602939
4245032955
67434490
16190471
101120007
4229823735
4177268494
118426105
4212003059
4093768957
33882110
201065213
100596988
3992583951
66848264
100797186
101578249
134021896
785656
17764606
4010541039
4059825917
4294640118
4243977988
4278254079
166981113
18350585
168100862
33485058
166855683
117310733
133953276
301796363
119011857
4261416441
4194563841
99875846
4211798265
134019077
100336124
100333577
4143380983
67171840
4160158966
4109496831
150539514
4026593278
33879315
270595583
83953915
285539594
33684233
787198
4041870857
4243913724
117570552
4109829109
4092984831
4161210096
4043309829
83489518
4127195409
201722626
4227924233
49675268
4243912689
218563589
234684165
134284030
4278581753
134151425
217052918
4228122362
133889283
4227400447
17168389
4244896263
34278395
251791622
4212326923
4177463561
4227663622
4160683258
4278778865
100731664
4261871344
4294112260
66318060
4093704698
151191815
317980695
168558855
133690362
84017919
17236467
50133499
167904500
4195158781
201522944
4127458554
50990076
16386292
4277931788
4211276045
4261874172
67175676
101128959
117375995
84214534
4261213955
4161011448
4261150976
150341107
184808455
4244375049
4278123009
50396675
117637898
4194501636
133954573
50594549
50526469
4194628093
117308146
4261741813
134937357
252049928
4294901241
200928752
67629827
151256315
84411642
267845631
85718517
4228255237
184291074
17039112
234680076
251399169
118096144
4244701181
67372287
168037393
4126145793
251395071
4059037186
67369216
218232318
99285497
4177587956
4194234360
68093691
4278256900
1047542
134022162
4092459244
33878275
168556803
4127461121
4278056709
4177594871
4227988998
4110612986
4143053824
4061070081
33686521
117049849
118098956
100794114
4278322675
49412855
4042521597
83097585
4160488198
4176873470
50071303
236059916
4210686723
386007564
184943863
4244376845
4109497599
99873027
4177787637
4211472374
4193977848
116915711
4161469700
83949821
100465909
4244371459
167441144
67432957
385876230
4194304502
4227725308
4278845431
4260952831
34142973
268241928
4194565373
100270331
4227793406
202181129
469631747
235467776
4261801718
4226941946
4278122508
152045070
4262134764
4243980535
4244568823
117504750
67307515
83557646
34405385
16909833
4244569609
4143773450
34013169
4245226248
4261349888
33555455
201655813
4260956167
201395193
200078586
4245482750
184744954
4193646329
100535304
286522895
151258626
4078040058
4059231220
4261279981
4244176381
50987008
4261676799
4210555394
133954317
4194962439
4194697470
318443524
3960014340
49936627
49088263
34076912
33031684
100528638
267710465
219220496
4277926149
34077437
4042915060
4210883836
50201347
34339843
4210884096
33618165
235932161
302384141
4243979263
185661435
4145546247
166853368
117901066
16912385
116784386
150802426
133820429
33752591
785661
84538640
4144433141
134545153
152109831
4078836493
4227730176
4228975633
234883070
168486675
4261347326
3991599348
4261737205
151255543
4043244796
4261671151
4110680061
66652161
34535682
3992452082
4293196280
4243780841
133822210
4244568308
102098935
4244766466
50133237
4093767678
4060091381
49807107
4211142402
352843020
4228649724
150471686
4228250366
4194113287
4143576327
67763957
167572993
524793
83363095
234156295
4043436802
4025939955
4278190349
4143186685
151522801
4094362620
4210953218
4177001215
50462460
4244311059
4042787321
4177986827
4194497785
4261214715
4143839987
4278845685
117175310
4260889346
4261342458
83231227
4193256705
270653935
4060219638
4127063284
4027058430
4228058342
3909686540
201912301
16973584
418313717
519160
4025876220
49280504
33228287
4126475259
150466567
319484933
4278715389
84607999
4210293763
4245026539
4109959927
4260628488
83753223
4277729282
34476550
16648446
4294702595
167379461
4294050306
3925150212
4160813050
4159702275
4160684544
4260560889
4194366730
4294640380
4261607416
4093836029
4128182531
3976137224
4176938222
4227465219
4227202556
3942706170
4279236087
4009366259
3924487164
4025677807
82311670
117897483
4277662972
3924359168
4210620134
4293981693
135455463
4210160619
3960865026
49744372
68816131
4076731912
4294772469
4261147665
4294902267
4262396153
150729972
3926063096
4094098672
4075683832
4195683590
218237432
251657497
4011135992
4159574782
202446088
167636222
4261545986
4092134912
4076140808
4227141111
100271372
4093374190
3824416487
85199340
4244637699
4026266878
33031413
318177536
303102490
33421824
134354196
283450647
33752876
4277662464
32505857
421526016
101977613
83491333
118161408
4177462280
4227926277
4126408952
4211021059
4127129093
4009364213
49876759
4262784769
3857247736
551882505
320864277
15074305
84538609
4110940420
4142465269
85985542
67372032
4026464762
4043246317
16443645
33551860
150927880
4261281015
65271817
50853643
4059038213
4277796602
49937158
4077385975
4177921527
4176802039
184284906
134612498
251789573
916727
4211411452
4195351279
4058844669
202176524
16712177
4077126146
4042458875
4027057156
33353212
150930428
134351879
520683028
4126800895
4060153856
82967034
51055099
3943108111
3992912364
117966346
3793029132
3857184233
167640803
184745981
3924556802
4277337328
4278121741
393735
3875473131
4193911045
469566224
66646027
49999608
218561536
4060083472
4225954558
67176446
4193711878
218694142
4010144493
4160683004
4127521014
220199423
3892184072
183434493
167769610
4227990271
151976424
4227075855
4144106495
33556743
4244505597
33496334
687602952
437709829
150531089
149811456
1047296
4041796587
370085388
3991207445
66387443
150799373
4110351099
4177391882
17165303
35189219
3790734305
251131400
4143384566
134415339
4076600601
150989808
236398082
4245487361
66654725
4228183037
4177395443
418971899
419888644
4244568830
269744383
4143972862
4244567049
4043771386
4261740797
4095345643
4277992173
3858166527
133761546
3993044455
3991474939
33884425
66586877
50070033
4178642939
4260295425
49804539
16254474
4059433494
4160549370
4226675439
3925277440
4245023738
4010677001
328197
286856447
184350454
101252102
3941593082
4245362686
167773961
118418947
4243784173
100923648
100727804
4110611445
202634489
3673943041
100136700
4277532940
16446698
167444482
268173051
503579923
4095148827
3991468043
4160418275
234550280
184880122
4227336197
4276941305
101183728
49938421
4143253757
134218995
4160881414
4212065032
3941462264
134280674
3943299568
319425786
135067915
4042453233
4110219769
853237
151717100
3958767101
4075552243
4210750197
4126932475
4059758077
4159898896
4294631149
50591723
3878437099
685837872
185006606
118558209
384498696
135457534
3942251007
99943174
67829257
4277995285
3958567668
4246011917
402196235
4279170311
3790341360
3992975867
325632
4211543026
134020113
66517754
200935681
3842702059
4210555649
4096135916
84281844
101055472
84345593
4196007427
168556278
16186884
4195024895
4261150467
3925739769
33553685
4278649852
67763707
4177465091
4227598087
3992781063
67506203
117240830
252313840
4227593475
4176872712
234555655
4261083648
4261934342
218431746
34604804
16123129
134150660
67045897
169471736
18027769
3993375228
4109896962
4244570366
134479603
151588610
218171146
4176806662
4244700669
184288760
4294838780
3992321287
100729080
151253241
100594682
4261803770
4243125232
3959486703
66323704
150537741
135331100
4127720186
4177529598
16973307
4278718455
50661127
4126213374
15856895
4277339642
4093573377
4177529594
50268675
4110025728
4177133559
4209636107
4093250551
4093053449
4278518536
84214003
402392578
85000208
4127192831
251723517
4076993543
4176997346
4110088710
4244765692
168230399
250277378
4143640829
4109826297
50527996
4145610506
99744768
135066122
4194367475
4060215543
48893679
317389571
33419773
253428726
4228519925
100791810
17435125
4227524608
83426809
4294967029
33486862
117051643
16581142
183697660
167968526
4244832760
4042983418
100202494
4244569841
233963523
4294636033
3874487535
49937655
469892115
84545805
4026664962
4210488818
83751427
4076795121
4227596544
117830412
67179264
17238283
185409028
4109106171
3973971455
201913328
4261874923
4244312070
234879480
67696382
4126869501
3976526326
50593529
32433935
4210493946
4278450416
4227070454
49805034
4127590657
99548932
285994239
100735747
167310866
16906495
4261608963
285676035
218429962
4143712755
4210624507
4277929982
151718904
4042786047
4176606963
4160422922
4227930882
4076535533
100604933
4042717955
151058688
4043366897
16450047
3841662984
4093708301
4109373182
252183587
4209968641
268498179
4027451385
200866804
453902594
4227789565
351074563
16575495
4176999165
99349745
3926062063
84675827
84875281
151126002
4128110353
4244042490
84345577
4042916628
132771584
437780500
4261016819
4108842233
4210487794
84080380
235401970
4262074630
4244311797
151515654
217643519
16703762
350817041
261894
3808496402
218950154
150544668
4127917313
4076079101
4126082045
100399379
4011395049
134085888
4278518296
4077317610
33625601
4194105098
4209900545
4243982614
197371
116850178
4160289778
4261673216
217380364
4077384172
391659
285347061
285016584
4042978289
4010150397
16771319
201392365
67501071
4262461185
67763992
4026464252
4177915637
4277995769
34936596
133105915
3926459905
4211802368
4244769793
49409806
302184180
84022826
335605252
15983623
4177330691
4110679037
16775943
101384445
4060610292
4210295547
4260760860
4093575411
283373851
4025610221
4178382060
135333124
4043314689
285808632
134282758
4142726132
286130959
4195156997
4211804163
4143642365
453053955
4193717783
4261477382
336003056
151651590
4210691078
3371029729
3539788746
4211740417
48951544
50388452
369430790
4011656727
4008769768
4126079995
4279232769
4160883191
84666109
4178185181
34600467
469630732
17826322
219148803
167708914
4278583035
4143522566
4278580739
3960149233
99744514
268755728
4162452466
4059826427
4177525239
4009489395
32313353
100403205
4245026283
3857320963
537260032
369686779
202311964
4160225542
217381898
487394062
117639420
151386623
166856718
1181941
32505854
4177195272
4127258375
4060347647
4244375550
3942905845
133107716
135125761
4227465216
4261607168
117569529
35070741
4144763397
4244441874
219547650
4212005627
385419265
218628606
4212393971
318900469
4245557503
100600830
4277731068
33622521
302447356
4244963595
4228122098
4195160352
4092851450
4159436275
268828936
218629908
4261674516
4009556978
4161468406
4009949179
4226876149
118097932
17171693
4076992762
4294312458
4109564401
84279027
4095012354
4195159795
4177658871
4276876031
131064
4294377713
101648145
66189569
4261084671
588841984
3927118846
151913464
4144369163
201587956
15661828
284295428
4010675474
4194440723
4110026765
33024788
4093769723
4076407034
351466238
218432501
4144040710
335938068
4228975354
200803073
4294835976
184221692
234418421
4095939326
436798464
4143647228
268763658
68356864
4261151236
33748473
66650870
285934844
151322891
117829373
4210750208
4093904893
133234198
4244175864
4278586363
521010705
100135928
4244958986
351597069
351994639
101318153
116785157
134607348
4260692988
151385857
525580
184158715
99410173
4177796104
4076139787
4059037436
4159569415
3941597707
199355126
167899888
167513102
4160226294
419761163
101253389
4244566775
4076406789
115734784
85522181
4059037184
118094333
149878535
4211075562
335279357
4260823288
166659335
17233914
4195612666
4261609983
101976587
4092785415
4093049338
4077324280
4278253819
4075813884
234489089
4028307721
4194440451
99682552
218104310
4212588791
4008247031
4294896908
4212458734
4225758703
4262521589
369359867
236255737
519701749
4127119113
4093904607
3858362611
4246072558
4043769078
3555523820
4008315130
4293525240
4260429565
4108779011
201587462
4246280940
4277338376
150860547
16117770
4278845709
4144040183
369883900
4211869169
4025748221
133691388
68285946
235144692
4077978376
167765501
4194435577
4177529338
4010016506
304026590
4093777946
4176603662
4227594987
4261873669
4176408816
4025943290
216991262
4277794826
3857510664
167704841
219675646
253628662
4228640494
4027321611
4277469439
4194309620
82839826
4161461286
3826585844
236516086
4226087172
17429490
4261547002
4209378053
4278456329
250937863
149160970
4009949163
4211803128
185529850
3791848943
4143971825
234682382
4210295804
4261020922
116978441
4227790333
17042185
16576760
4077324281
167579390
85595915
267977214
3892772866
117568751
268568578
68024571
4227859962
4277989613
4176092904
34668574
3976063989
4143778805
419559942
3759800042
4059368184
4075155206
4010533100
3958505972
3942055415
33552136
15863315
3976472809
4176607744
15862802
352779005
119084821
4093900801
15724770
3993171442
318571783
33354511
4279436041
3908182565
233894394
4163380254
201391117
318636050
468772605
52096774
100204518
3824877789
100724988
3911972323
4277404148
369692944
4228185598
183888372
4277734906
19605770
3941792788
452914665
4293860357
4074495496
268107534
3859483647
15794444
301267209
168033274
3908371708
115995118
268827127
34009334
4109240587
67435252
4178116867
4042067199
251858202
4077455864
3958764296
67960560
4245823495
3892447727
151260686
4278385153
132712712
268433677
4177071615
4244567552
217640699
66254325
4010209787
4210558708
134611192
269157111
284946438
4059365868
235602681
18287616
4058908665
49609726
50724601
4143316462
66783232
34739967
4228187650
4059762703
4059693314
234553609
4177459972
4244178679
184023814
4060413692
4177657090
4126669567
4227134467
4110945014
4277926666
4227533063
4092915702
4244181267
4260428036
167902722
285412618
202439936
151585815
100204282
4093510391
16184574
4209703687
4126930683
4193912821
151060738
234815486
3975740156
65666298
4228190468
4278649856
150734343
4294704377
16319492
4110544657
302446574
269091862
134936827
17694206
82705656
4178379776
4110284798
217972471
369296129
4294314248
4110876406
183894530
436927777
4244833537
285870344
118297600
4177857542
4243852813
4278124039
4244701696
4227725041
130307
4210623472
4244700686
719359
66782984
151453188
67240443
34344714
4077392396
100270336
168295680
4212262924
117178624
4294899967
4244701444
50725379
127992
251393267
4260958489
4159894781
4043570942
266733571
268303354
4279367408
4160358401
4261936643
4160816638
100400883
4194757900
4193715185
4227463677
51125239
234879761
4177919480
49476113
4211017220
4042718197
4176344052
50135031
4160220401
17105412
4261152006
100662264
200795907
152635382
4261021707
117506049
4026202099
16643329
4059232250
4076536059
51511807
116720658
4278057731
168487680
4210425080
4144233706
4143708401
50922248
4143710977
4294314007
4227990019
100727561
318828038
4227463915
4294441478
4261155094
4177395457
4009031678
4076335603
50525177
17236475
84606972
1511432
4227139846
134221048
4261410052
16514810
4194764292
4244505588
4077453307
4294050559
4244500740
201325829
4194694663
4228511489
4110813176
117700599
4110087683
16907008
4261738491
218498560
83688709
219611140
134281735
4227663614
4193974262
33620991
251855611
83756034
3975608569
33685744
67305986
130569
117772552
84084233
4161206781
133890035
151324429
317977636
4177265666
319030785
324390
17432809
401736959
50657039
49935113
100531725
50920430
4244831995
50065652
268500475
34009593
151189508
4210096640
4294505974
17233145
420806663
4278651919
201259000
4244636933
4126344685
4278448116
4160678917
134153471
4278125325
4277467405
134214392
117310476
4244373242
150337539
4194106618
267913726
135006222
4210685177
217840888
4177263093
4243455235
4278780419
4144039928
4194957570
101451773
167313656
4227530241
4076209401
654582
4161010684
4092852227
4160223481
4177720305
4076343032
4294638081
118160392
4245097215
68623881
335998219
4109889785
268041223
4294839561
4278389501
4227270925
4244369402
4010147061
4128247800
251929343
4042980100
4210559492
16644097
4278382341
4193905379
4227269882
4294639109
4294372856
150993414
201720568
16911367
4025221128
125949
4278517759
4294509057
4227922432
152702461
184552712
4277729804
134151428
285803789
168361479
134088955
100402701
4294638075
3856796167
3974686448
184408328
4262856186
3775662344
3706326010
4226934783
101060363
4144570365
235872507
3691188490
3993310974
3841524495
4226809575
219149306
49553440
251397902
83422714
301005599
115931955
3807900942
4230091761
4228842498
4279366118
4128506848
15405586
1053452
703660830
1041304125
132978991
68614396
201197823
167902221
3908889330
134549496
4179761389
134609408
32836097
4227729658
116848916
151257109
301131780
17631210
319617044
4261542636
3825274334
183957481
185467657
4293921547
100726271
4045015290
100859397
436861703
469174042
84543968
4276885785
3825800424
17369341
553581804
4244303134
4194239742
4128045827
318178569
151718921
3925865204
150796786
18742250
100920306
331759
304096496
235076353
3841390605
15790861
420343802
4041612277
216600328
4109895166
4027322878
319033324
3826121470
302516201
4262725108
52104447
117044470
3572093163
4261808369
318567161
369558518
3490177774
3959287758
3791653348
351807221
4277862950
4245159665
134807550
4244111098
417792524
369685781
201459426
201528333
4261867778
119408637
4227268615
4211082485
334427630
4094297330
234554128
34474757
117305078
4059418606
4261740031
267448581
4278775290
167773981
4243653129
4109235955
4042716933
4062118660
3976345602
4127459573
251926031
13695766
369032523
4277736426
3994488321
4008781828
4076734949
704321319
4109702678
117043232
4278059491
4159633916
283244816
4211341048
3824821508
522130675
4179172596
235863802
16843277
470346470
3809605099
48760055
16648713
67567867
0
4278255360
16843008
1
0
0
0
257
0
0
0
16777472
1
1
0
0
0
0
16777216
16777216
1
0
4278190080
4278190080
0
0
0
65536
256
0
0
0
0
0
0
0
0
0
256
0
0
0
0
0
0
0
0
0
0
0
0
0
0
0
257
0
0
0
16842752
16843009
257
0
0
0
0
0
0
0
0
0
0
0
0
0
65536
0
0
0
0
0
0
0
0
0
0
0
0
0
0
0
0
65536
16843008
0
0
0
0
0
0
0
0
0
0
0
0
16777216
1
0
0
0
0
0
16777216
1
0
0
0
0
0
0
0
0
0
0
0
0
0
0
0
0
0
0
0
0
0
0
65536
0
0
65280
0
0
0
0
4227530757
4160159742
4127656178
100599040
16709894
4277858564
33753335
4212130061
4126996476
4227992844
4210758919
4143183115
4159961336
4177658353
132969744
251854341
134416398
67439099
4244637959
456709
185335556
16517370
4277335550
4211079675
3892642562
4244108526
3992845035
4144038397
4243848954
4194105861
49479674
4294510871
168164357
4211015689
419496453
68026883
100466439
4228250110
50594558
4277665248
66513140
4194759169
50267129
16972802
167969544
4144099834
251267078
4277662206
4278452989
135199234
487589382
50002678
4227660538
3992581114
252312593
457234
100532489
4177463549
49805834
234813184
17499901
396029
4244504580
4277666562
4277930756
4245292039
4261543678
4009363730
301732090
117767428
168562702
4278450702
4210229504
268827643
17037569
4260888310
85781747
4110353426
4176474633
66781686
68485128
183894779
4261739778
4177393917
150277384
4177392381
50661362
4210095610
4177067774
82965500
251658002
4177134846
4244373243
4228316932
319027966
4211870728
4227003649
184942077
4211541256
33421050
4277994754
4193715730
99940863
4177525009
4076534015
66718985
4059823094
50133500
4194303998
285606651
4060085777
66909951
15992320
150395909
268108782
4144168199
4143710454
50068981
50593793
100663549
4143907068
4060151043
4244441853
4210228236
4211149313
4210493941
3976136439
32046849
151458289
4177527038
4194236409
4126469105
4227460860
201588735
17564159
285280784
99485972
4210622991
83425794
32699912
150076944
33685258
4177135621
4210554113
4227727596
4142721781
269030897
4060810747
84154647
4143904499
4244241921
302250494
17566713
4243978758
49740277
67369977
33883130
67639056
4294184974
4210951441
4142204161
200736524
235079939
4096061924
137453
4261020688
4126935296
3976071135
3824285707
66129905
101841417
4209772282
4009622525
133235716
118028803
4042589443
4244375023
4244633345
151451391
184873963
67901440
4042720255
4161534967
49872116
17167093
67433480
4094495737
151459318
3975416325
4211078396
4093183229
4042649341
4211342850
4226680322
4177589246
4126408433
4278449410
3976071424
4229106168
459537
3992914678
4260692492
368771599
352914968
3959813648
3739876354
4193253359
4247258616
117964790
3975410926
436074228
85989143
285282314
319155956
117766412
4059760614
4211407083
117641479
4294240030
3944083957
4277210114
67831804
369167110
85004554
81918744
4026722305
167508213
4010476292
116131093
4059495167
166919431
117831948
50984968
264201
17037318
33753866
3924490244
4192659184
268306949
135073532
134544383
336268300
235537943
593152
32638479
132849
587266
453904124
4177920769
115670263
4043240183
4126606063
201192698
185469448
51309312
100004852
4245222129
3874091755
83887872
4294773245
50593024
4061460209
3589085430
4193056507
4160944634
118423291
49479420
48557322
370344191
303303710
3959225334
4176478196
84741638
267388694
4043636481
470680297
4246672903
4279101427
33950195
334887430
167054615
4193254404
4262264572
4193915655
4110415626
370146297
3941536008
3841458159
4143840264
33292025
4228251639
4294311688
4194696961
4177197063
4278782715
50133749
18024961
4278123244
4194564867
286133003
3959682565
82703335
522236
4278844674
33421299
4228384252
4211411947
4160160252
100202785
4076534026
4160482791
4093442543
386466037
3908760322
4294441710
4228317428
84016376
100664843
117570047
183890684
286654463
134609921
4277925899
16450556
4277595885
4294574072
84012284
99875584
4126340345
4245025019
4262003976
4194892284
50137589
4042719487
4041669123
33553147
3976200185
83951355
150796549
150798839
50987518
4194240769
3925611783
4176347887
4277992970
4278845441
4194240251
4127063288
15988721
235277321
17629707
83885822
251329539
4043306252
32437496
4161012725
4110221059
50530554
251656949
134611205
4076798446
4278319876
457202
16711672
4279173632
4160354301
4128769777
4125882360
4227067640
268571129
235345936
16645385
4245421570
4211210246
4260689654
4261544960
4210428414
4093576445
4260752123
4262262254
168164608
4211864604
3974369017
4227196669
4194169054
185008881
85062929
17501700
134349053
201916159
4294640638
50129910
4143447815
4144692746
16057336
4244506381
4194567154
217576944
66255369
4177195509
4261216755
4193519101
4279567646
4244174594
4260688637
4211083021
252313597
4278058755
4093443832
83624952
150601995
133954573
4110223361
4260690432
33682427
150666488
117833474
67379466
4143576577
4026069247
116984074
4109894914
4210425850
4211146997
4228187387
268762368
167313146
370081801
236394998
133496833
17890568
335415039
4279041782
50984440
4194498545
184092160
4294572023
4144367108
251593479
855305
4260104715
117569768
19133188
370868978
3958241535
16576499
134343704
3926456823
66520826
67369470
4094822910
4194700018
16450791
418709006
3907712782
301267197
119078411
4243390477
134410748
4176804873
4194368001
3959551217
4227206395
269677833
4278253839
4143122680
234684420
4093835009
116984571
50201349
4260886778
201589502
135594230
4076405510
151457805
4176553220
16056320
3859424780
4092723969
4161082619
4010018813
3992124148
151516928
4194371835
3992721138
4159830541
134086658
4195026941
99877653
151317241
218038522
84673528
319684085
4043704859
4159633146
33294339
4160486410
117767156
166786812
235401448
4243651326
48360205
33949170
135068953
33296672
4161203957
100666865
16184837
4008639234
485879560
4195418643
51053051
4110415360
4009753320
184154636
16515336
3942839307
4228716284
4125232884
4261215244
4109495288
4144236543
4009949180
4244178170
4076402181
301598722
4026596353
4227859957
268959993
184751121
4093438977
183299844
4226740989
101581056
4043439855
4245555967
4262398721
4210753813
16185865
319227378
4111609830
568537372
4008837384
134610441
302648319
4177726476
4059038209
906095110
85650203
4261934848
84674571
4026073079
318765296
3876522508
118554872
17237766
4244440583
15794427
167576072
3925997567
51120389
4277598710
4126480149
3975152888
4044947730
184878583
4244697864
4260227294
4294181138
453839096
4128776206
219017201
169021179
4177464069
150663935
184287998
218298867
4227531531
4177855741
52106245
4244966414
99811080
4227860241
4175955717
100661769
185732608
352715274
4294177791
4077125868
4211670532
16711669
4227397375
4210688264
453970943
83165443
50987783
4227727862
100925701
151194120
4243979789
4226542586
4210557174
185861126
33618427
66813
4245356544
4278455036
4109696259
4092919297
184483853
4193912066
4160224513
4060411111
4227205634
4194571518
4144759296
4076735748
4076406257
4211345155
4126934269
4177068031
99880210
33816080
84018686
4194895363
34802174
134415348
4160419825
4228185343
167836145
33222657
302645499
100992553
4176871685
218167810
4262462457
385610739
185399556
4227859719
167770631
4278254854
4260493326
33623811
4279308561
792063
16779021
135397633
4094497270
4228974842
4294906376
318238962
4160685827
4110088181
202182132
67761666
4176805632
4227854584
33423874
83496467
4244045580
32961800
67368196
4093185022
4025747211
32968180
4294838544
83034103
101580306
66321422
202111491
134541569
4227728647
4143972349
168099835
4261807362
4227726077
4161074943
4261148666
100072707
4211210498
16973575
4177590779
4109502718
4076073981
233966347
4026529282
285999086
4127067389
151780598
4278257145
183758842
4277926409
397302
4195158265
183960325
3959225848
4244440572
167442932
67699966
4227857656
4260892162
217905937
4294117373
4178443515
16514564
4210883315
268959476
201453577
150140650
16320005
285474829
4244436214
353630710
4193841667
4227792379
4227203835
393213
4093380609
4093441517
4194436603
117767689
34863357
4211349239
4244046339
4294964478
251461637
4178577154
100334594
4294370811
4227925261
50984961
4177591300
4211213819
67892477
4294506493
4294246147
167771134
66847744
117311241
184022786
15461902
166721783
151974928
4177002766
4211608065
184159758
202242827
16974343
4244703749
4093312516
82769666
16646149
4143450107
4177985030
4143450876
150993929
4277927411
33750018
218365446
4144240125
4160749841
4261086708
100989697
4194368763
84281074
4260494339
285407498
100663044
84346887
4244833546
4159633416
4244111107
3992451576
117439475
82963200
234292998
4227204348
4294509312
201457660
4093445875
3975475712
4059232496
4159958004
150734088
134148610
4228776696
4278321160
4127327994
4193845496
4244763891
100336638
4193712133
318502652
169280255
33686539
184874491
151261183
4111007738
4244306936
4176804347
4244044539
4126935819
4159371517
326639
150930174
33552891
218561031
4161469440
33623554
4277732096
50136073
4277404675
16449545
4093901309
201523438
4279173118
4262071812
67435768
4243914242
4143902720
34342653
101118210
134283526
4261086980
67503613
134086655
50136069
133955327
184878592
252115477
4092982274
66977262
269682697
34082830
150404090
4261280772
4127193339
4160682744
100797439
4093643778
133757187
4277994755
4277861125
4210752003
32441345
100398847
151979265
118424582
4058766846
4277729529
4244766967
3975478526
4261083126
67567617
84019202
4244240652
4227527687
4278255357
336990226
319427089
4278911742
4161668095
50139643
269025802
4143313398
261628
201983237
50396664
4177788418
302057997
84672768
66518018
33420544
4243845108
184811259
83689485
4244700413
4076404220
4261610487
68227082
4210164746
33618689
4228188921
4059234819
150600435
4278582770
33555719
4160092935
393471
16973069
4260756476
33225730
4244110595
4227397123
16711670
4177461767
83557376
4228317950
100729858
658175
117376260
4227662842
4261676805
67700996
4177592574
4177723373
4244570624
4193971958
151388931
4211145714
4194630393
4244899059
4277732091
167970051
4244373496
201457672
67763207
4177791487
101060118
4277795833
4210686986
235271681
83757311
218039052
218233083
4294444301
4261018888
33423871
4294574082
4261607939
4143771115
117503471
4261543684
4243915002
118160383
50268163
150536955
4194175242
4194564086
4210690314
4110876155
4042717941
4211015164
4244829945
4294834941
4227596292
4261087496
134480118
4160948737
4059560186
251329022
4244895724
33622273
4177262328
117312012
49809933
84081155
167575803
167770632
84606466
251923191
4211017224
4261478144
33619713
4244636925
83821313
4127849469
4277668354
185140231
134283003
4178186498
4109894404
149617404
84281102
4244111871
4127258622
33686777
17039871
17435920
17366783
16845059
4211342074
4177004534
50195967
4260755702
4193844222
67764738
4244373509
4261413631
50791164
4178512402
285080579
33423107
50659845
116850931
4278776073
4210360320
4261216751
33486857
4177726980
50396412
4177328377
4194959862
420283651
235865868
4278257929
184487180
4261347078
0
0
0
16777217
16777216
65537
0
0
0
0
0
0
0
0
0
0
256
0
0
0
0
0
0
0
0
0
0
0
0
0
0
0
0
0
0
0
0
0
0
0
0
0
0
0
0
0
0
0
0
0
0
0
0
0
257
0
0
0
0
0
1
0
0
0
0
0
0
0
0
0
0
0
16711680
0
0
0
0
65537
0
0
0
0
0
0
0
0
0
0
0
0
0
0
0
0
0
0
0
0
0
0
1
0
0
0
0
0
0
0
16843009
1
0
0
0
0
16777216
0
0
0
0
0
0
0
0
0
0
0
0
0
0
0
0
0
0
0
0
0
0
0
0
0
0
0
0
0
67252225
3572828438
456922609
4260559855
587458316
3961524187
4092267267
302906128
4058906617
251269415
484634931
4059560728
50461938
120009519
4042138365
3941126682
4143905245
136064740
299819529
14996010
4093772576
302715412
3791191306
586482430
3958968844
4226676710
4110882027
317716220
217708568
386732045
253496065
3958118670
252182004
285607700
4061850371
100861655
470610946
17498130
303500013
3507103214
3858556598
166656244
4263709711
238814966
3725591237
4278587397
4261545723
65069844
453974037
504170269
33682190
3975611365
3738899968
634446133
3992850950
33221883
402909417
4061798900
889714193
101973800
603714836
3437178423
419236581
4194893549
134483723
269945873
4148488202
319624409
50592007
4041928176
4109627884
4027707371
3741847794
369691898
4294378742
4250336200
4142470903
3705070074
4143578623
335933947
3893888775
386787353
3757575404
4162456043
416025876
4293975779
34275853
3975410953
4024047848
201786398
4227793660
4294834442
4125820160
4010279670
31782152
4111138310
4294633203
538182904
505615113
4010539783
4127200243
4093773821
4277079577
51383561
4057465094
266990349
49625397
4260891134
4056479972
553702159
118615306
235214846
4227272229
3925997036
4058772976
303426309
67438113
4161008604
270788858
3942840300
4027910389
3976595443
4125884918
4028890359
4193252847
552527388
285606910
420996085
4227471092
64675829
4042455019
488312321
4096271579
4043899921
82709255
146926604
569837606
48222750
3977179126
4260370419
4224506865
4259893515
520164105
4245288184
134286347
3758099957
4142919413
4211011846
134155259
16712437
4110478323
184549126
404560377
3993505021
3654353679
4210619906
484903710
33161225
1047026
100139513
3926132491
4075946744
4009957117
83892471
4044229631
65931271
4262916860
117509618
186320398
4059953672
100728321
168297972
4143515655
4193651970
3994485754
267124721
419037205
100861442
118031865
151386881
4277269234
151252734
4210946564
4093639924
4176543994
65792513
4095086085
84213757
4229236475
4127588854
4160225027
83424252
67764738
102562307
4210886148
83822851
269030148
4193709306
4228588811
3875274002
4177920735
4244053001
100069872
4211476473
4027329044
387446515
4263320571
4278127108
403175675
67240708
183960327
4043374088
67631861
4127656956
4227076365
268958987
83493125
3976860660
150206729
350818322
4193386251
49209839
3957448424
4294506991
268629251
84670986
4126670571
4260887547
66844402
100923891
167705324
4262723841
4127066873
251987710
3908371458
152236033
4143843323
4127454452
4160812278
4245357811
150402314
268828930
336392182
4193780741
4228113896
183965413
503578127
101189404
4059757815
284750578
168360717
100660731
83420154
3993307921
4262329825
4261541623
4210884851
84801515
184027883
4161404662
4244038924
165806086
421656579
4076665616
83953673
83952881
302576891
4278121212
83888886
217376258
250541830
269156120
4193512971
4060609010
4159836672
4009101554
4262069493
4076472827
4244113916
4009491691
3992190205
4093049844
250805240
4294906383
4193317123
503117564
4176348673
4194370295
134604794
3890547969
135331579
4277798903
4043900419
184943094
4262269187
368835585
84079113
16905997
235016472
219483659
34870546
3976462086
4293850360
4245289464
49412091
4110218233
51517696
4110024449
151452425
16383994
4294375165
4159828467
100007942
85457401
285343490
4144498436
50396929
4025482480
4211079418
4076604413
66714358
33289206
51312117
183957758
167835918
4094753016
4177395431
67240194
4144558848
4110160119
50132740
101057540
4143578886
50663944
318444561
4260493849
4195483129
32898568
184547077
4194239492
4027116539
4243781372
4128114670
116195596
83555340
4244901117
4176677899
134345983
3958307329
4226875378
4026467560
4211673336
4244110078
285998595
4160549360
134540277
3959491322
33555726
285932032
200142363
4260954107
4227463936
4227923451
4176867056
4261411059
4261412352
4246606871
99616263
4177852937
4144364278
117113343
268368131
83693310
3975804910
200081918
100594423
4193714177
4110744829
392450
4161207306
184551676
4177067255
235733243
4043109631
134087687
4261606399
336001793
4144627454
4194041855
132337
4228052224
4143312891
3991597309
4276873735
4227202322
4293918462
4077392105
269090560
201655051
4211282947
117695744
4211541007
3607297522
219742199
4194829077
84152316
4229494262
34080762
4010149625
4161008884
4025808640
4161997570
66976504
100988674
4278120196
134084594
150538490
436010249
251265547
336329753
16970742
4160162817
4143249159
4109566202
4226417671
217904649
235472399
202312198
4277667593
4262264312
150672396
4278453501
4059429117
66782196
4161537807
116913664
4227328758
394488
4009883372
435818241
4126669067
4177661442
4177196016
369167105
4194236676
4211476739
3993179127
183370255
3975348496
4277666795
4059363079
100859633
65272583
4058833891
4160088819
4294245367
334888451
4194566403
4277926655
4293588741
17169659
4262071554
4076600058
50923014
4211739390
4227662579
33817340
235605517
49874182
16969971
185928451
4009889023
4294375931
185860351
4212135938
4110025713
66976009
100791036
4093839093
168558857
4210821119
184222982
4177396743
83756038
4192931330
4278126846
4277140487
4178375160
318896117
588289
134214647
503779830
17825549
4277791493
184942339
4194044425
4227987965
4277866481
50397692
117829364
724481
4227596290
4262130690
133825271
4277272324
51448064
4210757382
49738733
4210950143
4176669436
4077326846
3991801330
16646407
33096699
150863614
33494280
4261346308
4092395776
135002388
83359213
100662280
150662898
4143315959
4075749373
4293978348
4111527667
216926202
67433488
3876453889
4226740716
4177724665
83361795
4161468150
67176425
33293573
217712904
4177460497
4260755444
3925738236
83100918
4109567749
3991599608
4193844462
4278779396
4177330948
83491571
150992888
16575723
117505280
4227791092
4261278960
4127128597
4093116150
167769339
4227923963
150469621
302051853
252633602
3909945610
4261475054
50398451
234881040
3908967688
4244439797
4210556951
3941990901
4059429883
3893105135
65870865
17234698
3959426571
4228444906
33225980
4059360749
4176674307
4025480184
185470474
4193515266
4042846452
51904768
3942058242
4059167732
4244703750
4278455537
420220433
353374233
4043374078
50066437
49809156
302769668
49939962
16773117
4177263607
49477366
3940872460
4027245812
404102636
3995144739
33427956
4210361857
351270921
134874889
4007914741
4211078895
118226431
302448897
168691725
15797003
4261870853
3942645243
4277861369
33617670
334363919
50262536
4195090683
4210752760
117565682
4226810116
335214341
18280973
335023616
4244307725
130046
4228775159
4143516671
4042456571
4160881158
4125816573
66910194
3740925408
4074829534
203421702
116390415
101389050
100337676
151909643
4293585409
336925172
218237728
134347780
84732404
4244568316
4294901238
4060210674
99744500
4227004144
268826611
254214144
16449024
4025675510
4245090038
4278583539
168890129
66590225
4276807674
4059758082
4211870718
251332846
4143651623
4177003019
4094166019
4261675256
4077647076
66559
4211739895
4261807617
116989697
68746001
4109893891
4244439288
4228644611
3891656958
4276022530
4026404087
4042587143
66385920
50722548
16188412
3876320501
4160163573
403572214
4160489466
67632896
4144300790
17962512
200734201
286784533
4077324539
4276351470
454427647
33690892
3873967121
4126600187
4294313478
4160424955
402386689
304285952
4142468871
4043309823
3993045502
84015368
4211277283
4142990093
117638659
151324415
151782922
4178769155
403377928
4194238461
135327996
4161671677
4028370931
17567224
134875128
16517119
4178442242
268373254
4194630436
184352773
4009424623
4261413125
32833800
4160818431
32963592
4227795204
16842751
218104318
184351760
134480134
4210818813
4244504065
4194041336
16382976
100336648
50462211
4294772223
134610686
50790658
4260691967
4278581503
1245431
4161012740
4093246718
4243913467
4243844859
4210228477
50069239
4194827003
4227925496
201852152
33619969
4294900738
16975867
16579848
4244571643
4210818303
50070270
17041155
4177132033
4211212022
4160815612
4227726833
4278060545
33620226
50528251
150601214
101710849
4177591810
4244176123
4244633594
66782466
4228056836
4294834945
4244242938
4244767489
319160831
16843532
4160881148
184877574
4278384897
67043832
4211081221
4277600767
134218497
67109636
4211016462
83558154
4294769670
50726141
4261808384
151257855
34471691
4177265661
4176999930
17695739
4227795456
117507324
269224206
4244570877
4194304769
4294706688
16972805
4228119546
4244374018
4228186109
4160355846
16909557
4195028485
4277795838
4244700668
83688194
17103868
50333951
150863111
134021119
285733385
50463998
4194302715
4211212275
99875069
118550530
16907001
4210818810
4261149432
33292808
67044349
4244439050
4277927171
117112837
336526081
4194108942
66779652
100531716
34079748
167772922
67243018
100993281
4194434814
4228315644
218367490
50726151
4228448519
4193713919
33816826
33686784
4277730563
4261807366
4194041857
16579571
786432
134219009
4194762236
83558913
218562567
17171719
4244964361
4294641919
16711942
4261674490
4278255349
33489151
33160189
4110354429
4227793656
4277341430
4278317835
3992710648
83033337
4195414258
50138859
368638713
754517792
4009291006
117116408
4260817169
4212000756
16449282
4194962687
4076340988
49480712
101063431
151652874
66711289
50199055
4161737221
234555652
3823889921
4294509558
3892051195
4244111855
286587657
167902474
4278187008
335543805
4245551365
194037
4161928163
166660093
4178050036
184876786
51510523
4228515325
4262004970
67240717
4060217093
16189423
237050099
4261743859
134346749
32765172
33415424
167902205
4244242415
116456961
4093897474
4210424299
100469262
420415488
1115633
83428111
16320763
184872954
150598645
303106842
4177457947
4092724244
4260032511
4228057088
50130951
4293460474
525060
134612995
34537990
4177658641
83361272
17958908
4227465982
67168501
84476142
4263439862
3807771392
4210428650
4143118849
3582
3891921166
118228733
268766472
4160811277
317390079
100465388
68355590
4177069817
116851697
4279371274
4078305511
32904976
49019134
4246407680
16713997
4127325929
217510642
135988719
404429055
4143837687
49877251
4143581966
166457098
4211995390
15598348
117244669
4159312394
3925274366
117640696
4127456511
4245159157
166593284
4126669052
4126735851
4024756992
184614140
353440781
4260623096
555213042
4244961781
4280486908
252052721
4244372467
4161735423
4092986881
101252861
68157698
487983362
4227728393
149875729
66192380
4110417165
4025025791
4160420857
252640508
267648512
318237977
217314313
4194498559
4260952827
4077191428
33685506
134219015
34013689
4244566276
34802423
4076469752
4228056305
4195746817
33489908
4228249340
4143515398
4227200508
83622649
4127651305
4058840306
185008909
4126672629
4160618993
4126344467
4159896324
269485302
65732616
134801925
4143972348
166330882
4193971708
116195596
33554953
4261411332
167970301
218171651
4260954895
4177199113
34080525
67043579
268566302
16118525
368836096
4194303999
4144039925
184351235
4177724669
4177199356
4260168689
4212324865
4209902340
4177590257
4261220587
285015557
117898754
34273795
4160160506
4278711287
84476409
4278910975
4245680382
33160726
420547074
33225728
4245225729
101517574
4259708941
418314507
4245879808
4277734657
251979778
4244440322
4211147009
4245026311
4160815883
4093442290
83231490
199557401
253101576
69078027
4210685202
335608067
4294245374
150538243
4226349563
117176830
4142658296
3892771047
183436793
4260626436
202373381
4278453240
83690252
150995983
4227789830
4210624504
4260888559
4042853382
4278123768
185861630
3958571281
184679429
4260956950
285144339
4077978375
67501819
117639175
369300498
4043834890
4194171126
4277667055
4076401143
4042656505
234352636
134283015
302184966
537196261
4074780710
4043051501
4211212039
101121787
116975362
286256378
332552
4009294098
4261349138
168490750
66583293
4143774450
4279567374
4076925160
4162387447
63479
184680450
4010285807
3840932092
336726011
4109370366
252114439
4126535913
4261543680
4210886650
4245225718
4261148152
4161141495
169087496
48951288
116913653
34342639
4109629430
34013938
4244243191
4142792450
34011134
235604487
263424
51381509
4025943542
4261083645
84411143
4043176189
4077784074
33885173
3991728130
4109565949
4228455188
4160684783
4294051338
4277729012
16842236
84603642
184545268
51056400
4045212155
4227792373
4227527918
4026008048
134279169
117508849
50142461
167902985
4245033739
16647171
3740207609
4127326978
67105533
4294966518
166920451
166723836
33556479
201584887
117310978
3874031387
17235700
403246347
4279173900
4008572934
4163045109
4026597119
4245029111
4060087279
4076144880
4194891523
50268410
4278711809
4210814966
4228511199
4211669488
267844075
4278775289
149813235
3976459257
99874803
3891462656
4126276078
17100557
4244047861
15925500
3960147703
4109832972
167573515
4126802453
3992119811
101253359
184288775
4193580559
4143184124
4179098361
117442299
4145546503
134017782
4261607669
16251129
133757429
4228248558
4244700147
4227594217
183566595
33550090
4227006451
17824761
67177972
183765776
133885461
4194109416
4027317505
150608898
4245031170
4278125326
387188726
335281927
3876520698
50926324
218301437
269352196
4109697517
4294634241
4077454080
4277406453
4110417915
251065362
51967234
4159369480
4277728245
3892704512
83887613
151779060
3925146625
4177067499
4177590011
250941187
4177591043
4176474363
150730236
82837538
4244314623
197385
3942777584
252837869
4108978183
150664455
34141448
4060540399
269223408
329724
4277995524
4009296647
201325566
4093776377
168294904
252837114
132844314
4228379642
235019290
4294573837
66975493
468777981
68815111
3825072911
4159235834
17692137
4194234106
134481139
4261478405
203888121
100267524
4109370885
49739786
3791450103
17692403
4159572466
401734402
4244630548
201134083
152898559
3826581237
4194762254
200148751
83944444
4078508531
4278778632
4279303170
133831178
168232971
4210755071
102172916
218044179
4193972466
100139011
4210358535
217973259
4061334541
49542390
335149056
201917705
3892380668
4026134016
319688948
4260820782
4178048252
4211478776
4144168937
101322232
4143579405
100663554
4229171212
4194567416
385550075
84544515
251459335
4294701556
335812642
317388801
4261740558
336069632
4277337864
117900791
250997239
4210491644
218890255
50530055
302577155
4228904943
101131002
4143313396
4193914860
99348988
202045693
4127130618
267914238
185727491
4160550401
4211738115
4143441931
16252410
3959423725
553712400
4210686471
4260561662
67172848
335153150
118751231
117832191
4227534063
335284982
84540662
151389942
4009555975
67178245
4110810119
4160752131
134086141
3976921081
318244089
3924159242
151127569
4261737714
117702636
134477836
4211673848
17500410
168562445
217712132
4128178425
4076794615
285078521
4092787467
4193779203
3557159920
4210033648
4143383560
4126541568
4244243961
335415816
67433975
102037769
4194244606
167704322
16713724
4227659763
100531718
202437380
4175431163
4126468878
4144032240
34603528
391680
68160015
67038741
16256785
4161210361
4245944313
117311487
50329600
167051772
66845706
66580484
301396212
4159965210
319229684
4244702460
4127063046
369230586
4278712821
520159481
4278452744
4110482191
4277600521
461571
4277140496
4110608886
62720
4261152255
4109829894
235275788
4144631301
4261019129
3909158144
4161272563
4244112897
67697928
4110946033
4227269125
4109893121
4243848716
4143250160
150864129
4211015419
4244896773
100795651
185271809
4194501126
4160882182
101057031
4294903304
201126912
4244637190
4211014416
66913781
134284033
34207234
66783229
4160615171
100923387
4261544689
4227862278
50266891
201262068
4212262146
301924103
4244897282
4210425088
4278518001
4144103922
4246150921
66979848
66910725
151123191
134744068
17500170
4260164875
66651915
4110155525
66778633
4243718140
100792839
4278517253
100733188
4094035449
150012674
4261282822
269156367
4245619196
16912897
67504899
4093968124
67237887
4042850300
100072695
134216957
134543113
4244895233
4244899069
151521276
50135558
50460662
327679
4277864946
4227725823
4194564858
4278388234
83821322
4160487161
4261410039
285935112
4212198145
51053295
167511816
4144366596
4278255876
50989576
4177461229
100467462
100400637
251854596
3976657398
4211017217
4127065342
218301445
255
4244373517
184419335
117502965
151782412
4228779267
4244574983
4109759763
4261542905
201001741
100137215
64772
34339068
4092784878
4260822776
200934153
234487823
4008835319
4143578870
167578107
167641104
787705
603653128
4077849605
100466687
4278124283
183500554
786683
100728075
4178773497
101129978
4227924730
4228248833
4177462777
184548872
116975085
318509583
4177204743
184417560
402855683
4112976673
4276153066
302772973
34074867
83366667
200076807
66909452
401012754
67752425
4193580812
216790017
4277534471
4260954149
3573813758
368650729
4044352250
100008445
4294442245
4278259720
49351168
201196025
3859018482
4143182835
4244697844
402453246
3674603512
486866415
83030030
232640745
352979461
4260561165
167372262
4245751546
4109229036
318892291
402003478
168887296
67172876
4261473789
402124043
3942835949
170063335
4161535726
4177531644
4195681542
4109437158
4244574983
3606252284
4159828222
4278715130
4195418622
252174066
3909735656
4060022009
3755734763
68089088
3758162956
4244045302
4260953101
519959544
284425752
4193777919
16907301
385803042
4262854120
4276616204
4110683886
4177657071
200074742
4010939917
4275636017
3959620354
235209980
333510140
3825404405
84808708
704514569
4262197737
117113083
168562966
167639311
805359377
4262065903
116787442
302641169
251986664
4195678753
4009359352
99814160
67766274
289018617
15737343
3943825130
136651254
283505172
4211408634
318372104
100268532
437457407
3974628878
4093832436
201001229
4077714926
4092921104
3992518647
100472056
83358725
739053582
674432271
4126544636
4141934325
3840271849
3791908838
151975920
269087462
4095997934
237373959
3909487878
4228512004
4210952433
4111138283
451473910
505085725
4211080950
468580357
336068869
3774934534
4161212927
553194504
471397889
4194039538
150142201
4060477464
16388345
15330039
3958369801
267511770
4127657499
4024567288
4111074304
66782970
67110650
17303553
134742791
4178184191
4160488450
16712443
16777226
83230460
116786175
4194699526
133627653
4211341060
4210490105
4277992439
66781696
118029821
4228185593
50398205
4278649352
4228121857
17433346
4211081981
133889531
17368061
83952387
16448251
33359871
4211016706
4194302462
4244371191
4210751741
66910460
131071
151191809
4261347582
4193976827
17040375
4211016703
4160945148
100534264
84476675
4245421824
4244438019
4278056443
16844024
4244700419
4261413882
134023176
50857722
4210752511
100466176
66843658
4144363505
66847745
4244242422
16840961
4244763896
83689203
33748217
50594054
4177331206
4160552952
33158654
100267523
3942973166
16384771
117570815
395013
117310721
67369985
66913543
50462211
201722105
4261610249
4261544193
50659839
34210823
4177656827
4210425602
101186305
4261216511
4277533449
4294835195
4277402373
50199294
4278781948
100465919
4211474174
100796168
4228188933
4294900487
4194304252
33487099
4228318458
83493644
67763721
4194500597
33750015
33883133
4244769025
150536451
4260757760
4177000444
4143051769
4261212669
66978035
117571839
4077059072
17040892
83689735
117047558
17365510
4194435844
16449287
4227203840
4144429822
4227595516
32963830
4245091586
4227598588
4261217279
83950081
134874635
4194435839
4278255873
4143579385
4294770181
4228382967
66585083
4161140990
4278129161
4294115071
17038844
4261282043
34012930
4244372998
4261017343
4261279477
4278124800
4294836476
33489410
33160960
135071992
16584449
319881733
4194307861
16124150
50331153
335739152
35069191
4159898875
4025092856
99616003
4294836496
83623166
4227603981
4109897465
4261348365
67565836
3942452469
251525369
202177015
4159827432
353172732
4210819577
4109689079
320270571
369296389
353563406
100004612
184547077
50395391
66913020
117768452
4227923447
117046025
4262070540
4227137793
4260693238
3958049527
218627838
133235458
4093051656
4294241271
4043376137
655348
184747780
4177395704
3741255149
4144760305
4277926655
67040765
219087880
3943105014
4092129781
151122168
4143579908
218037763
4244171503
4193774592
384825326
118225400
318765577
4210754054
4076205051
166784503
151845376
101777150
82908159
4160612344
4025349359
4076076798
419043074
4027975950
50922499
4126213389
335481326
4228383221
4175821319
4211143921
4227202558
4261344788
4076863215
184419079
4210488844
4227333372
234617600
202310408
4294963442
118428655
4144104447
4194044163
183631615
4245418243
134087165
83099390
1173241
235008774
4060285160
4227724034
15866106
219220966
4260559631
117308680
4060612095
4177203967
150602249
4277929990
84408070
3908501248
4193059326
134086406
32894719
4278384391
4088
4261679345
250345219
285477914
3943300075
3995204600
4228190219
4193779729
33032701
135395581
151455253
333966071
4244828149
16318200
3977119227
134091791
4008508941
318307084
453314318
4076470527
4127134466
4294706415
67305212
268307194
4125295633
3959749117
234552318
50662134
4244702957
236456962
4245749249
83952897
4143908856
722793461
4126145803
234814971
50794245
67239671
4010211837
4260233204
133294074
3992453364
67437784
4194763029
65468132
4228584980
3857388035
118223100
370934277
233166109
4262001142
303298799
316337897
271052573
286851839
305667850
4108777470
233316370
507181579
4025549059
4043316709
335805169
4043175420
3354975729
3825541587
4246810411
317979147
4111138075
3490587378
4158337542
4178049531
165794308
251597329
4094493183
3989893609
30867969
33096229
351131896
471714810
4095677671
4193053939
4059039720
4111406334
100400388
3976853997
3490128344
604367648
521012751
4077585424
116055554
4009423103
4263580418
3840413438
4042650869
4211079162
99022591
4025735930
283837668
131539482
3976397082
251786731
4212983281
874842132
3771985692
166919668
385156642
786295043
5759660
3874101469
3907061482
4127324950
3842047495
4174901512
3757516783
821027373
4126669819
3658668521
17573396
2952941816
214823990
33944079
4245094145
316211997
3792436726
4127721467
452587541
4093053156
4293852913
17041923
3909883405
4023186189
3674466028
1023743740
847143
134344444
3893299459
4123975937
1207896822
3807267366
3571055088
4144168193
486866189
4211739652
4260622841
3823631883
3705460452
3974224623
3873706200
4008242933
32572660
4128174088
251524353
4059297504
17624811
96729620
4194953993
82379775
17036303
4162724892
3907387134
4261933041
219350531
4177399817
4075421188
49856022
4078567419
369035520
585101327
418183724
3940542710
4262789376
216992281
3792499203
4160615928
4261214446
4210688520
4179426807
4195689208
4094423559
3993772549
218241010
1113850
4078175244
4092334583
4024947699
4278513889
3960140271
134479867
4244832002
4024497420
202566407
16714252
4093249811
4059754474
4278844664
4278257138
4261408241
4093707509
253157150
4227596822
166983179
84798977
34077189
4043376900
34543111
3673626106
14876192
150471942
786949
218562021
394494
4261086971
201521155
84473328
16712694
16903950
50199046
286260471
4025809658
198768632
67632399
352655644
4261082368
151583750
117636606
4092262137
4160419833
32048646
1767673
270732813
4178439935
4160217836
4294046962
235794720
537136394
4040221697
151258097
235732236
152502271
33229065
4060343796
166591214
49751294
351596066
4211277308
184876289
4278911740
4126996738
4178310931
586675445
3792313127
4293921039
3808954634
4292865786
4042781434
3992456957
83033865
4092984814
217775878
4244175111
4125418500
4076078573
451736067
100403715
3960337158
4294377963
4127587323
4210953725
134014985
4261743095
251789050
186842614
3927054053
4176739592
3976071910
4211278344
4210879720
4127395579
4160222479
4177982723
49741831
4160159765
115998966
4278713853
251396857
48237091
118100200
4211606273
4195090433
100862184
3975936262
3941008872
4075413753
84276480
168030698
66716678
4160350728
4111268590
4144689125
4176017135
135398132
4144624119
185010700
100141597
4026336250
217248005
4044555784
49020420
4262325515
15460844
3875470551
118286064
286265613
67045636
168435485
320011267
4279041540
151912685
4127127038
437061635
65535
0
16777216
0
0
0
0
65536
0
65536
0
16777216
0
0
0
0
16842752
256
0
0
0
65280
65280
65536
0
0
4294901760
65536
0
0
0
0
0
0
0
0
0
0
256
0
0
0
0
256
0
1
0
0
0
0
0
65536
255
0
33620481
16843009
0
0
0
16843009
0
0
0
0
0
0
0
0
0
0
0
0
0
0
16777216
0
16842752
16777473
65792
0
0
0
0
0
0
0
16711680
257
0
0
16777216
65536
0
0
0
256
16777216
0
0
0
0
0
0
0
0
0
1
0
1
16843008
0
4294902015
65791
0
16777216
257
16843008
0
16711680
0
0
65536
0
0
0
0
65793
0
0
0
4278190080
0
0
0
0
1
1
0
0
0
0
65280
0
0
4278389761
4243060995
83359498
4194171636
4043433208
637796100
4094628602
4210884344
385615369
4176676853
4210818562
234551032
102304752
4246146037
3974759659
302056186
3943494924
4094238463
4262132755
336261115
33288712
134481136
200346116
302970135
84941038
4194632198
4210950907
4277862668
4159830518
4294377467
4076928775
4128898562
4126609402
4161011204
4244702978
4227329286
4227598338
134087933
185400068
4127455974
119212537
4160487948
4193714922
17959158
117768973
4244767491
4127128578
4260959224
67303936
4277269760
4177461235
4144107522
4127193339
4110750707
51383530
4245092113
404287480
49944826
4078891778
369426943
168031745
168296965
4110023178
167380222
152893455
3791715588
218102778
4177461007
3942580219
149881341
352847104
4244511486
4144959467
65606697
4209971216
4244699144
51318537
3873763589
117309183
4127325710
4109698289
200537358
4227667720
117046523
1058801
4294310158
303299069
4160093449
168695552
83295226
436732931
252315158
17502989
4211344644
217773567
67766531
118093825
4210235657
4076207101
4161141002
4160227578
51122172
263177
353434605
4059299332
3926458875
4261019879
4227001604
3723818986
4160813815
151322600
4143381992
4227135234
3907711973
99415538
4059559929
4143386091
4194111261
4126866148
116515830
4144559091
4143779321
4161275127
117375237
84078075
152039668
3840668145
4111000810
4025946379
235607841
4195679225
4109300226
4176737488
67172861
503648004
201589523
4228643070
33751030
183104505
3875013387
435090681
235672328
4042656013
118291958
0
0
65792
0
0
0
16777216
0
0
0
0
0
16777217
1
0
0
0
0
0
16777216
1
0
0
4278190080
0
0
0
65792
0
0
0
0
0
0
0
0
0
0
256
0
0
0
0
0
1
257
0
0
0
0
0
0
0
0
16777473
1
0
0
65536
16843009
0
0
0
0
0
0
0
0
0
16777216
0
0
0
0
0
0
0
0
0
0
0
0
0
0
0
0
0
257
0
0
16777216
0
0
0
0
256
0
0
0
0
0
0
0
0
0
0
0
0
1
65536
0
0
16842752
1
0
0
256
0
4294901760
16777216
0
0
1
0
0
0
256
0
0
0
0
65280
0
0
0
256
0
0
16711680
0
0
0
0
0
810027634
963051952
1040061426
1010042976
927956376
919471560
42562600
972125092
61407942
48658334
1025118202
31224232
114648912
232873550
873955210
3308878
1022911102
48966402
159319706
120158986
1036257696
49181144
17855664
914111002
1031870500
455935276
233114816
83040534
243101412
1071712688
260530588
66726608
4008838661
3975993603
3555586790
4109102818
353374461
737738767
4094625030
501948158
116314166
32505065
3791378672
4158781363
4060740871
4277725922
15858146
3621975828
99558178
266797844
49934603
4146264021
4043247867
4060740881
503785229
4145349892
101060107
3942049770
4193392127
3978685891
418583585
51442971
4009024728
113958384
4247124967
136586547
3858626048
435884060
283382818
3807311602
4042257124
4078111225
3975152118
185274874
4044164879
3838635255
3855929049
418708989
4128237808
4177259527
4093385457
4041869824
4091938578
369879007
151714047
354620156
3942707461
3471307229
285016826
3974693903
4246860276
3974501620
3924877345
3944150008
3604749071
1242838587
3791532579
169080820
68297955
4280867568
3840932875
4124961286
3586586877
4292533251
336138006
4092790534
3570598136
3956590834
404019932
4178971129
200940056
4027910402
4126674442
18679032
4229235190
100406011
3907709945
3892375784
3923439596
485686516
3859020030
842329876
4025347588
571334392
67039232
3961005818
3944815098
116780281
34471672
3808294114
4293724665
116456214
303159538
3825467147
301332214
4262329334
4244115719
3926192900
3876380633
101975551
119595514
285408260
166394886
3506367957
3909290775
250542611
4211140333
3554011907
3941326311
3807513603
3993045227
3589467915
149092087
4111851763
4024899856
4026663704
3873763310
3637763320
100336391
3992787974
352333839
4211073279
4243386601
4228968151
450560263
3992775184
4142722798
247528973
32172815
418119650
3489862177
4245162443
3975811047
16640520
168627458
3991866610
3776642801
3656057575
17956326
4043512311
4259974651
4243851790
234034462
4110283510
4042398964
4209439483
4160743924
3906662870
15920668
4125561864
199819777
4227262981
4179350736
387586561
386403087
302187005
100988418
33816321
4244304891
4177526521
352846837
3742504436
3874425603
4027511550
4294773764
471868711
3755870238
286711028
50524689
3940745703
3708483303
4291356925
218436100
4160682751
3689414624
4160346103
118419185
217904670
335212032
286727979
3825546508
4178642178
4160417798
117317334
4127331601
3926658308
519173666
151193082
4128896228
83557361
3857441007
4210163985
1144002057
3354270456
3861561838
4176881626
35453445
4073849879
3686975984
3941141234
637275400
4111273552
4112912643
518785266
100988180
4262784245
184612892
4226223101
50859772
4194042613
4277275383
838725664
386664223
4110615043
3909420805
4143182032
15536868
501214966
1109058058
4111603450
233836811
4026466836
119282166
218234371
269417510
585367830
587070996
4028300802
4108323820
4027775497
4213179892
14806552
419158236
4278780411
50411009
535765512
237116683
4242664756
4278457350
702744094
285348120
3375306495
2649224908
3383625432
4060092698
455081994
4175105791
385482519
33818634
4294312185
788261616
3757315082
50194418
4176275945
67696346
4092400659
4109692637
4261215006
4111334371
165674484
198049791
387045354
254998769
284898314
4125949978
217833735
50202633
554892806
3055158771
284040435
4009491459
3862703341
3994678508
4278655184
534770691
4125480447
4276616979
4074761465
51645430
251525637
3942187267
83292158
387513835
101391364
4226541813
83691774
4159960068
637338107
386596624
4277800920
3892121098
4212335091
235076598
234032925
860032781
53427226
4244626432
4059098101
3945531640
4061339890
3805483479
118155268
16902127
252052489
4230091774
4109111831
3689213681
16842996
4042264588
4093637142
4243783917
336267530
4227463176
183697402
100671494
252702470
33622020
18403569
4093966042
4076081185
4261153256
3927443928
4008520462
3990479861
436992494
3241877252
349055980
4211413047
3152866528
470745315
3972795920
268033535
2932945627
3804091631
51379956
68681499
3590078453
3978757159
4229104383
116518647
875500815
3693007840
1496318722
114822663
271176167
3973770733
4043893485
401224977
4126538998
81923338
4076002544
822734057
4194957299
268243974
168289540
4277987820
4245552153
166592257
334948092
4245878017
32963376
3487822853
4127408879
135200035
4176863720
3606047466
3976330979
152046603
655566645
3623616029
4192660705
3722373614
4008508671
216533250
3975937557
3909022714
333765117
3978682864
4092010983
334889486
4211735546
3573611515
888733192
3860009477
4111656171
301007362
3892181773
3922594027
4277988854
3825336311
4126863385
285343494
100133647
955256830
3977961996
151130144
487793444
118229772
4025809651
4044101865
317789969
4108513779
3807964159
215607038
4078444784
4142994192
200669412
84213262
217710347
4294831330
4194625287
916986
3808168954
200863231
83887360
4078955790
3791406567
4143118065
3675138052
217449455
4109100585
3807763697
3607494366
34361050
184085478
589241302
672210231
254807550
251920868
167516158
4293453809
536022799
3875535634
3874886917
101784327
100273204
4010014178
302776054
3942774259
168497933
3924817378
351787799
3876382679
4076275670
4073056274
3841581035
32504562
67566605
305474597
183040517
4193643024
4210892325
4042983410
337904383
3991667446
386398703
4176478239
4278708995
3808291543
287050950
3926721282
4294578405
4144028954
4227263727
86045966
82648362
569702653
135071272
33941229
4209774824
3941661956
3924167957
4110410738
4074316533
268295175
4176145389
151651067
3907713043
150278416
3926583828
16577822
4194168831
3957195773
216648187
4064018419
4278515207
3741772783
3993503494
4058512345
402063876
3977647079
368369378
351989791
4060999407
485881096
252905247
3792305144
48566771
4125950471
4009292535
49741573
15855605
18479854
4144299493
18152673
3994161401
336263679
4259573755
3924554215
4213175797
133629189
3993698808
4227524347
149026555
436008173
51836948
4176867311
4194306304
3740138247
168952312
4279051012
101057792
100203744
4159497203
351203079
454039037
4162514416
167967207
4126144005
83688440
4227794671
4160353292
50010372
135264777
3925806608
49612041
3991860485
150401279
16844028
369690382
185464078
268766470
4043364894
4160345572
3590390747
604424934
116390949
3907117807
4261998585
4029420546
3657232353
4211016932
4160746991
4159497706
4193186810
4077311002
4277072621
152163347
33496602
3907979278
84278522
3857968378
3473348575
3538351592
400348678
4212005361
4243843037
3822517516
4109707038
333836553
220135440
4141538806
169872649
4194959841
3992578295
505221659
167911722
3375494352
3873968104
69016579
233625086
4244773116
3959943156
889984542
3137721072
3688238304
4244503040
4210488821
218497271
100925169
4192864531
4044290302
199620586
4278186523
3858368231
4177331183
235736306
3759670804
353101813
49229306
437253616
320079107
3909214477
4226077188
235532776
3926527253
4007847649
336329195
317726709
203222012
4026078732
4293722353
404551950
3743820816
3907973351
753073945
4227265517
4260754953
3472232169
4091736572
3991533584
4092193264
419498998
639494402
3793427462
3676180210
4110932427
301652472
217590494
4175939554
3723228911
70059265
4045469418
4279248575
3841065501
268172764
3489272830
4209891841
4093705969
16838670
301001731
4194961407
3960735463
235074053
4194626277
151531036
3925279758
284224773
538570485
4227277089
1700357
316466663
4226478820
118616576
4212456464
4090691368
4211543060
250927610
34605827
587986156
335283490
3891261151
4143640817
4093579212
4143058702
4077130500
4009430521
4178838779
3941664015
4226737666
3994023649
4025355259
4292863228
3908694248
116982790
4279567093
588709129
3957724437
553445374
4212327167
149750505
4059029248
201711341
216267549
182903814
99222023
639164935
3890607083
316802330
4126407688
4280156388
4243128840
369026041
723315713
35915548
4161289468
4226808875
3674072813
221505736
3673814498
3874159124
15272665
3607890378
4107786252
3710511603
170142640
3673942013
3909344988
3644596699
3976278824
487729960
188947746
3642559459
4024889580
168752140
4165145623
134288905
149614114
50195674
133029116
403367442
319356668
19659511
69281258
3743421194
337650426
354031597
218885905
152833804
285281025
15469052
4278258183
555028995
4043386133
100917242
4160288249
4008703479
303360750
3741514287
301720054
170848737
4143514626
3625123601
3927177958
3339068907
181859896
68938767
117776088
269557262
3638687747
117841635
254537721
15143400
4127200035
4024767538
4293979659
50919165
3991796727
134414327
302639598
4261808651
4109704687
434632216
19528417
3792105
1062632
117694210
3525115380
150674398
3974098676
4126737137
4008386003
3925142512
132194564
4194564656
721879051
199098112
4210292745
4095149042
472779777
4144622573
4076202708
4109244679
83438617
4226545943
4109036807
602344149
152110088
420020784
3892703236
570489347
4145220381
756282869
151190524
4010465818
3777833709
4077715696
169610253
552997113
4029154275
3774670609
3758168535
82896156
19782868
518454757
4178561002
3857254400
267840019
3742567942
333902066
3625194491
4044414741
4241751503
4058365715
602069495
3876459525
3991870950
4176355335
3908367343
4123915769
4193910276
4126004450
4246931428
3825595848
135325677
4093572896
17637884
4176677380
4110084344
83299067
3704294664
4294907123
3989761780
153421578
301267719
3456040177
4210824205
4108647670
368375831
199954956
235279632
16444931
4043370241
4110413815
4176149506
116525283
3943038970
99871503
3570005197
150533610
4126535671
4277143804
316800238
203887646
4278258943
3874683622
4163241452
4075551003
435292919
118164497
152436477
4144369147
334424078
3622973951
4211013394
87171568
4094553831
115985879
336648149
3959424242
3622827481
50062060
321461481
4177069849
4248828166
3709339603
3339389142
82377472
4262072854
3485988069
3996516352
82847715
3873500946
4177590275
3991996927
33750537
34798314
4091088904
4159304957
100527099
4244827887
15529967
200739825
116848397
283249672
913160
2563
218496272
3741381876
352057867
253359608
3792373217
3792370712
3959552733
82176284
603991295
4159634717
3508932638
4059637227
3636787014
3740467167
236531175
304017942
3521626617
284954598
3690068504
483313847
134284302
1325988649
234560795
4112580339
4193969931
252644866
184099615
3892378394
3740860145
3908637933
3574270191
371394057
3892442346
4212064745
150004213
153611260
101849578
419428084
303767327
370215429
735901203
3843360245
101456658
4010475247
268374772
4211858183
603119836
3910140162
3859880447
147060202
4125289438
488305145
905310940
282990872
756869124
4194109917
134016002
437379825
4095749401
183889135
65669356
337184786
4109898543
3387029503
34534897
4177785108
3672566507
65856503
4009890028
325899
4192998912
3908687872
4092453881
435501330
470555936
4243326250
4242267909
3976519655
51122409
4277671695
335936241
3673492214
4007003912
4210488572
4009952509
4145549043
101645559
102041101
319033596
3858232560
4143907813
83228153
51711764
4009817082
85399323
3839366399
419170509
672001313
671348741
304545579
3761320193
673116938
20923129
4075224037
4277605386
4194035194
3943496700
670368766
4177592117
3877898766
334107111
553770531
3739218422
4159249403
503839780
84933614
3821728783
4160417505
4074495742
3758289390
4143249612
3925605592
3808417227
203228638
1024856597
149227536
990895391
3976055738
19000800
587667981
367590403
4194170361
4044753888
302973155
4212517902
3874752791
4244890626
3941189090
638253557
4078893565
3890154735
3420783616
402717963
469565192
4194234628
302324224
3992317691
3891598855
704578555
3774479373
4125554174
3808886520
4043700238
65866980
4244500710
300882209
791219208
133895457
4210428442
67244298
350882575
4243457296
3958306800
148574498
220345596
3993245189
3858820880
3941925074
3875274272
3622108393
185465852
4211470070
806628088
3908301871
268431101
301468677
4178376715
202046195
168426480
185603869
4109895940
4279306977
553579778
4227265812
4194897142
250601744
485684213
3925932799
4093968376
3859285990
4059889681
236258051
4145087214
4093708040
19206658
686030589
3792162809
3807178523
3875934418
3790338060
82387741
419628296
69076230
3959363345
66784794
4244700688
185074940
4261939704
84215777
4261473541
3874484989
99935496
3992056818
4126671100
4244110093
118097662
4277932285
115537908
167510300
3959229175
4231662342
3924877560
3905867515
4144829444
3892509949
201992484
4173719052
83556355
3423537667
84286219
788852996
4178116816
182713624
85444313
4091745774
1074654699
4228833264
353829865
3959805664
4276160748
4143976474
16521984
3822580986
4178044138
4160357661
4159500271
4260954613
3874426896
100655328
4024378388
3959945986
806356977
657657648
4008968185
4143379695
720177385
68349160
4109960705
17434403
3991537160
3774279669
1956085
907434256
4126989308
940970228
771818559
402391039
4109756678
401811721
4125165873
33354755
201257459
503262223
622852641
3788301536
4226873844
4094364910
4043185930
184607223
268500490
287768781
4059231511
3419467479
4162126069
33937895
152308975
318245136
3722833438
217258491
302451217
3655796467
50457821
4212520699
352513057
4028818432
235475949
3775412501
4193517295
3589534714
3991138785
421139443
36838382
3842439612
424282337
3842835205
4091935955
83356149
4076731627
3688625142
3640199911
3876641742
4290119911
3342063
4109241589
3943555308
907741445
2037240
4211340047
4211674364
4144491768
4041277647
4043185122
3941065942
604568561
184351756
436013061
83623969
3219651821
1007942941
539947270
807597561
3993500652
4161463789
218824187
4025675497
4110480892
790104060
67835123
4143321875
169477127
301527814
3790994442
17699321
4043833341
167648754
668988984
66656799
84082704
35129342
772145414
4159311368
4294840819
4177200138
604900358
184613437
435427610
3806984991
4094950613
234946049
3857846498
4194043663
235007990
4060412921
3823501811
66783212
318252094
4245156600
3943302126
4193059596
4228445434
167378182
857742370
4212728068
1509651
3892175834
200545783
3623085570
283768303
4294765602
4127054559
656144865
4128582934
3942971608
338568175
4076144364
66775030
15407138
15463165
4010932231
4042129919
3891786488
4229166054
3925542126
4278058270
3892050439
404221164
4196470775
671878146
453774870
452722687
4197723400
4042321681
3504853238
298969311
3438866927
16445408
3806061541
3874879193
4243251707
4111076094
4060945140
3891396332
4192860424
252643315
117566710
167574260
4278966522
385477102
4146795018
4060607732
135194604
4242471138
18544624
3890732804
333766873
3806724856
166194658
152697613
4110804241
101517069
302778358
3925932316
4294638341
3974094589
32499713
4243193835
4009884643
4145681902
3537431
3974430718
184155371
4294637340
4042192642
4160819457
3976001012
332604934
804784442
131723779
384422394
4209823512
4246864881
64613891
3704685819
3741708773
339737334
454102549
4128907834
4111206656
3440115976
4193126066
3911517963
134100748
3623612414
3992657961
4157349159
3523085094
4210230772
841479443
4260569878
3689997613
132649200
286190391
3727030486
132063490
352319995
252647450
3640004333
3957059848
3741388561
4076535022
4025356515
134675724
32051428
16178198
3472485607
3384792045
401201133
83428094
4162382569
132844786
251000585
100205812
4040811249
853529322
4044163093
181847300
3922908924
386542339
287643649
3841977338
235200769
4277928441
4142007053
3957575396
66971637
3843295743
688523773
4196412705
2966870476
184754153
236056113
3811590400
3758691092
4009174266
4211994123
3620212711
252832241
82840826
168090871
3606185212
64750104
203094532
3909482235
149810399
4079414261
3454597864
16186359
420669683
3909555226
772398085
3758037486
4061335533
251077136
3756727035
537132782
336005908
4211338762
4175951343
4228119537
705560305
404432397
4111662324
300872454
153424614
152370648
102632190
3976000772
3976530453
4227334661
217113339
4077652712
134413049
3807246317
3840860133
4280480750
3589145608
149484795
4158326526
4194763240
253565716
3941862399
772665637
33360382
102104580
385419515
336785920
4278456859
4093508600
217581560
4077714940
4227994873
352131848
152303892
3958957337
4209638912
235404553
3588943338
30798056
3907383041
3857120229
319018483
4025684237
182646803
435678809
440532741
3923707660
4092259619
3942255619
554626055
4161794556
355063795
4210687986
3422285042
4159439102
65995534
50335267
4195156994
3974559455
571604248
99486496
3824224552
4260622342
3973070363
3805144813
4294247191
839259669
4145481252
890575110
70190065
940835336
4263583230
3791322366
3623091939
3774744821
4243451127
100660464
96539909
4209504504
4095936506
4226212856
486803157
554897953
4193703926
3975544315
3706190336
4146078985
30222145
4144427519
4177664498
1343939892
521005402
3876328202
4111145213
4057136898
4093967098
4243658495
3873183729
552205580
3841859091
4041477344
69210410
52026103
3907130084
3658799082
132456704
153686308
3992975115
4245229816
183176449
169671685
4161732341
4112655067
285995994
4294047739
149290238
302837275
67959563
284813063
184805125
4159832825
284952075
115796981
134941685
4277664287
4211541027
4107602695
4126207223
4092722196
33426970
4195417343
567204592
488370169
1024522498
35455014
3924816622
3924676371
231662567
4246463730
134153207
285688572
4260366361
4279107099
334492920
98566675
4226481124
3974753502
216255220
3605850610
4109110777
3724942306
3807706392
3607225823
336906463
3859549192
537657661
34723852
4194962646
4161147641
133428489
4177400312
4194695172
3873693959
4126801667
133294036
4027247114
3989963525
353300242
4212785901
118094585
3757636064
4124042205
3991727852
118689550
3843359204
118358268
3993896178
4211939586
4159436793
4026328539
3875277822
4209895171
488048378
3993377008
4010083317
150661876
285931262
4227200487
3890997718
4279370216
4211808761
300613609
135527667
4194494204
4093120015
4276496390
4212394521
235273488
51970805
384958980
487260167
3911251723
301598726
3823632172
3841061610
904781553
235733472
4126866965
3942063841
3978366462
3689351932
3904891142
49606131
284622853
285348859
4279236869
4277274087
49545484
519368456
4210941191
4144627427
68812796
4212332033
4125751053
4093449210
4260693502
3806788329
268366340
4127716575
4244765951
304084483
4060938510
654903284
783361
133954569
3839947259
200930548
4211602195
250475800
83164162
4194502150
185075179
34997774
3958117375
150141690
4177790471
151580395
385478406
3874547706
16907255
3991862282
67237365
4092528901
235012094
100466179
319816458
4177132024
4077987066
335022360
3889684707
3807821810
538179037
235462429
4243987193
3907784198
300020740
3892968437
4109622484
4026459384
285935105
519638795
3405640707
1009130279
4278116109
4060354806
570947814
3808026369
84804062
4179237916
3669630440
536870641
3876186385
152818671
771293203
3807577846
3989903606
4111280867
233184781
4292670239
133494801
3976262398
3993169138
4161668343
3873570542
3874814693
401276140
351073524
167771379
98430485
3945057461
906232309
3792176143
117183240
3877107196
4261477094
166783487
3691446521
3520927704
151514901
4094620150
85133569
4142388186
3488671195
4177653205
3843359735
3941791980
3219395313
284286168
66909947
4261610719
4045801204
468448782
237840650
133957111
3925335303
13494265
638388219
403377710
3892310273
3457685983
3924221916
3875538142
335546102
4143261699
257288
3842710020
3471580885
249364234
906554096
473624322
99622623
136517877
301400604
352054299
4293590289
437059575
251052831
4095672030
621615086
789126144
3911836927
4195215349
186058538
4213316843
4161993425
4228184306
3353078229
3908880862
3623671264
4195348206
4092194039
336861171
4162988827
537060604
4162850772
167257143
3706119935
220272874
539426550
4160755471
4142727726
3492547079
3925017050
4128965118
3977714934
302718217
17512462
318825985
218097632
3877187327
569573943
4278577660
3821860590
3910474238
285219064
3942053635
4125352418
220592115
3993370631
184549616
4127917060
725756
4193720319
405208582
504301821
251267578
486154015
221709551
536279761
3874485760
4108713976
3640992001
47851818
4277654510
1379855
117109201
452913650
722658277
167970849
3891523315
3021216262
4041341660
150994973
3925084433
336586222
117707541
3807109404
4041083898
4009822178
554107375
621022990
569371384
3976192221
219876060
469428727
3794283243
169669316
538318582
4061792511
3656521200
3605395684
4142796047
16183809
4159170553
3991133165
3993242111
4024627438
318835704
3772636189
135793634
102503158
4044681733
4012649463
3994234667
233053453
920645451
183834144
84468008
3623545050
3975086319
234547709
151518461
16578037
167706377
149021720
68684793
422243052
285411072
4211732204
4108382468
100794122
4159767797
334429963
168954129
4026996723
4059766031
34739476
3975943705
4009950219
501676554
4293779468
4143964391
3588358367
3675524329
148571390
3757360690
4259113935
368511281
773259025
216914405
352001263
4209964042
4177001476
202045167
4278316548
217050329
82773738
100328191
487973105
3760828657
685578718
539634503
3541320448
3674476037
63576572
4177405491
252584192
217374728
4079029230
3790403073
49021454
386525209
3975998940
48750311
251130101
4177851381
3388930283
4176149713
4076663551
3926328049
183696863
259850
587469324
4159762448
3740465164
64290792
4009222348
68814059
3623684873
4243913450
3805611053
990906135
3873047323
99865364
199024593
3791577115
823336194
370214654
3741256180
658966589
16445439
335154418
4128173576
170926074
3911582680
302455497
3857909735
304088077
184685589
3756389902
857207005
286786848
3674273541
4092332302
3523159297
217584401
4227926558
81787394
4095540478
301802736
3289059794
4107532029
4259052268
252764718
100597237
4043835896
3222275056
668594968
4210620907
3857053946
4075233289
3790468822
3304332530
3859681268
4262662901
3923373572
164421118
4061256411
4109962460
3910270963
3925208576
573310960
251586061
117630717
67235068
3624404732
4027709644
4143513341
218301679
3825600755
4211743720
555944724
48955676
182456357
4061072881
4278643431
4110943495
152441869
49487861
335014158
452129786
4246921206
85783789
3790267107
253568264
4110285536
721349883
336986354
3825660889
4194821379
285735666
3909090580
4176349943
4142786811
48951557
101056515
202373629
4211017978
3542089227
3317238491
3960278809
3791591684
4026727447
4041662719
335734998
4244830221
4008706825
4009818617
4042847751
69476874
788726270
199898164
3840723183
334689021
3589284055
808827873
251653360
4029219320
3353082368
17574381
3925211977
451017230
3592364577
389677323
4144046072
4109892355
4025419543
251208513
84610112
4294174404
3706713587
102561277
4194506755
3386378427
4009763348
3876131087
3809282051
3910998520
4192599295
1701097
4261417472
3875012847
4092723454
117177583
3994676459
3991606489
3772306901
468857341
270864354
4006929408
988875271
68742433
3775145696
3557617410
3939303921
233964823
3722962704
3285710807
4159960339
571611145
3760852985
4209639941
81726496
3726706484
4143657766
85452289
68096010
3910145544
216727565
267709460
4159562761
892277780
216857350
86312466
4228009764
4111139292
168173557
3891720443
3456371170
150730494
3639801822
382919424
4013618179
135194601
151915292
4008380428
135004437
69866743
4141208301
4041803264
3825988608
117243639
3807649029
334487297
153221628
4077380317
166790663
332852205
4277734919
48625938
183957255
555275018
3641381568
3857047066
252313636
3790732535
451742997
4179307796
3960015371
3539129836
4241309433
285799945
51238114
4108062979
4126333467
4243517960
3810847954
4245947380
4060881451
4076670481
3636912366
133033703
3521582602
134283260
3940155946
3958175747
3892570310
218105845
184091926
387251458
3742639625
347861500
502260768
220722214
721821694
842600992
99089906
334032328
4293527557
4095077371
418374647
570231058
568782087
32565778
4010744320
100735996
4060944678
4227338218
216455637
4246990583
959323386
502988837
420415506
270079747
3958374384
4261807098
304818675
403513083
352251677
3555461903
3942259966
35130875
3823890188
4195678460
201860616
234757895
403954183
4244628778
4177328122
117717516
3624602886
3587183090
3992574963
470281461
3690275817
133167924
1127488288
4146598902
4178642404
4243325166
17428980
34741247
284751877
270533399
84866032
3875466991
4041536742
3995274499
204341245
3908239363
267055882
234617126
236132872
3826776336
4109365734
134546691
353827577
269349620
3991655674
3807245018
269876729
200806149
589227004
133620216
451538964
66716701
3891328513
4093314557
166855167
806618649
302639867
4276479729
118028023
218299641
4193780229
454428173
118032911
4294836472
4277927174
4244375291
3959163156
4110620660
4109303552
488047392
1161151978
4245686229
4211936238
3991002579
31713812
3455129340
4222952952
4058370891
3541559493
150667241
533454627
500351976
809693671
4247719172
3925930979
4263642378
3860665091
100387029
3102082014
69014005
3892708606
4091409374
4008241657
3539072495
719061467
166784312
4126223400
3958569766
4228248839
3876254456
4043434999
4177202126
217385502
1008863255
216984120
3437879062
3688433093
4144102916
604310033
3927370737
519961081
4062120456
185858784
3673033969
3939750654
3990944526
4160357636
3976332296
4025093133
3793028325
33825584
150862590
235470587
4176472567
4279162328
3892181738
4229093361
520617476
4278326568
3977834771
3759401942
3756473849
288875227
772809216
4057662233
353231646
3908239332
3655066345
132840449
50137565
405473519
755307787
117565971
3941599453
67366912
3941540377
3773034505
3840079103
334300692
4093638915
135595319
200809215
4209306400
988740880
4277862723
3554869271
3402362879
655294927
1163000354
3893618924
4176283104
104276203
3907785497
707914479
235333924
284879078
3523738377
3486703313
3888242168
197905661
3925205252
4127327985
418898676
1372434
788339731
320986890
236202217
4093711376
618659108
4261219571
4294953959
620821743
18677736
135202022
789126419
172236271
4160688652
64748021
721094671
586814238
4124578038
4025744879
503319065
281612550
523234566
3996121595
151334163
3941461997
469701364
119929866
201662191
4059496721
33693434
4227398931
4076212748
3809538794
3740470244
603388169
4176813090
285610748
487067162
4126282774
4258853389
4212590593
251582434
4143180282
217311224
588643573
187240964
352583432
268040202
371649547
384624117
370020374
385545466
370345459
3992265750
3605721596
4210294497
3826263275
4074969321
3772905432
4161674742
303166734
4160488428
253688819
33228292
4076338951
4045011683
103101181
52048157
201453610
3791121918
99544313
3774734821
135204848
4260687097
4042467614
183563551
4230804218
17043922
4091478237
721611783
269745896
250934548
3909028860
82318081
3943491078
3941139960
233637638
3992192773
4093713432
4093176092
4127204092
50463498
823590153
102166536
4061071359
3826117852
529930
687996666
4195558630
130873615
3942835993
199950084
4212410354
4077710557
504429322
3859078904
3857841906
4074825480
49546715
984040
4228191479
3842512137
4161134542
4044494822
4228320762
4277668362
387444202
18221324
167778319
321521405
67704798
402130966
4162001430
17301795
284751614
4127318496
4208656654
3672566528
4177452259
1342120445
388234507
3810067950
3943376907
4144297684
300221656
571272693
1208682228
4245545454
454494698
4210688799
48885246
3857700368
3940679120
4178634724
4243061248
48879617
352516394
3824164844
4245413862
4179617015
3941855202
3891792609
4041738493
66450916
4194169101
334510882
4109954073
265941253
4196411392
587204339
420926165
250337791
3944483333
589242701
4227206935
3993829103
1764589
151064546
4108376875
83237890
3617526836
3774395113
602274304
3758941412
3321762484
4145351952
353517576
1128476174
4079881202
4277727745
4127790843
34410751
3942839281
3690789102
3772967414
4111353359
4293777197
166782188
3655655135
3704148728
3960003047
535435793
3975802420
4109548518
620362510
386526737
16111336
4127720931
3874226657
418969330
4193449978
4092453903
3908894457
3790990057
14149651
4009421532
184354036
334359321
69007090
384832760
185137902
100135939
4010145769
4261205760
4025417435
268627478
4227856898
4026858733
4245222912
4194177803
3992191478
3608152808
4294445050
368967158
4212386835
33819914
4076926749
4259651854
586217451
99277559
3956145417
68885774
787018538
103032902
401209320
4096074221
352648425
166592776
167438845
4060081392
82767853
4142723828
151123438
4210884353
4243781369
4042265355
4176081930
4243783940
185726717
4077122803
64746724
4040364293
169339627
403701494
4178439667
4158917884
3908958672
370673139
99478016
217513467
4112168776
684722147
3879724261
3571977184
3857449422
3876529165
3874679550
370096868
3908888563
452466681
1241975882
172695042
3808027702
3857966033
4145879049
4009496842
3858294836
3275304178
4145359344
17374469
485619231
3925734915
3774218941
3891009796
185208554
66842888
3876855292
301596406
33954064
4212725766
4108258553
4110479097
4244247571
3924363278
101121265
152107775
3960013300
518978865
84083731
288091128
185798916
500908839
874258237
4177857853
4107795190
4092922420
3925803510
3705597145
3874551776
4262786011
4008175601
319617792
200733711
1090000172
183693818
369491707
4059035121
369819145
202372342
4123917584
3789101303
32829237
4244171530
454559989
4128565517
837546232
4094365725
4126801161
4258977265
352569308
4159562758
3927894527
34611210
4125818107
4210950893
538758655
3576234448
150268156
4294183697
4125487129
553520908
4127723827
470745594
202711319
805896443
285210648
1158995704
169079545
49084911
1324616463
217710599
4008898042
484053017
18821907
4161545203
4093649195
4025998108
3439210753
4160368422
3672178962
3907837127
16836572
417197559
3657763264
4227600125
4145873666
336798181
301662752
4092403727
3874167791
4027183382
3990549779
3739223014
235533843
52423380
283048954
3978612210
286910139
3855404292
3706643946
4259462397
4109295882
370668849
3974424800
421405402
4025405195
4159295958
3875401182
34409470
4010928603
536537074
3962369512
3840405996
3789614333
267049195
3874162165
3471570182
4277403884
3824288990
4193839613
3975414000
270011879
4161011752
85130536
4093442799
4076333814
201064442
438563080
3791321069
3909483749
586744601
4177984242
3890283757
201709332
97908727
604759031
319756049
66911032
4046129657
83165683
994841826
4213390843
772340474
490212102
990580722
3624789523
3705925353
4262395892
233835506
17496575
151914250
85856258
4176540689
49743361
4161670659
117377804
136451330
4178245877
4177003522
267189500
84540439
4160945646
3808495127
48891637
34801165
4077907178
82904831
4059756793
152040210
84090614
183436808
418904818
3756060945
318579404
4144233208
4211216903
16121871
3957913846
16517884
4059760135
587752
4210495776
4110675193
4027908075
117702892
236655131
4144694277
118557959
17953280
4060944136
3861381608
3993774059
404814620
249632804
164952090
789435153
4160178697
233895407
4177854235
249370646
3838508047
4044936923
18547690
4111334625
151202599
332570
4127800374
3874417154
4075168260
4281593313
3990494216
119011347
402714147
4212788228
150265062
33753594
4180674557
4174650851
82117105
237505020
638386668
3674273535
4041740557
68085733
452786705
3774477062
4276088823
3608735746
116133124
3942445800
4261147901
66320890
3957847856
4259240419
115854040
3723956936
335538165
4226277863
17106682
4092988947
84474604
3791450366
3926399722
216988697
87428091
4293658103
3690198255
4062385391
4211742465
198243347
3553936856
3706776536
33810661
218029285
4209240590
4211538412
4027518982
4091352066
3790269697
488760305
622333431
4112058613
168359652
402455576
1073815853
489028387
152836863
3995006727
132716043
235401272
4243062742
3789814032
3454604761
218632214
3757504512
453513978
3925739778
552409152
150135819
4093295893
4227520258
3540130532
4194235125
3907781638
118621690
4144233486
4195352317
4178843352
4210160102
4192007673
4244366327
49477395
151644404
101180149
4009236462
4078190111
185791776
4212917267
4277475821
4211280136
4126219272
4226222860
4277195515
4277464594
524487919
3890813734
1072502317
4009371439
4174119442
351665653
4279952131
3923640291
148040173
4143770877
318761727
503761935
100335149
151978751
4159629552
3941790973
3739347173
151322878
3976983810
4175562227
218170378
4227469576
100333069
435414801
3707098860
586281178
3859542495
3607157717
4243646222
1005777144
4212780293
3454798279
3706842588
235407579
184881425
338959898
3388935967
4243525848
4277341142
452787174
3925540373
732423
3909353187
35127011
769392682
3339193358
4126416109
67437289
353379070
4178509597
4093838039
4108905975
4244041712
49284352
4128044561
4010281224
4159446303
3891990774
33488174
200865309
268691945
3993960942
149880076
352642550
3874352634
4262001383
404228328
234422285
4025217756
3639272969
116915706
136713470
4109785378
4090569760
618909710
3640074241
4190768653
3924356092
101118208
116914952
14869493
3972857603
148757230
3674213149
3790667762
4126209285
181983237
4229889536
436143852
804778499
3973400124
4177459733
4057990944
16388593
4177465360
3694604285
4025491457
352653299
31784458
4294762491
4026599160
4010871039
3994352359
148440857
202641687
3941660924
4210818034
100273663
4008830725
4243985916
100730141
50849548
4092398809
4091941383
621225543
756805123
321531114
233701398
3622758628
420526326
1261040929
4043908618
319876338
271123449
4024303086
267572702
3974708210
150606582
4092712125
4141736213
4057655819
268106757
251398421
3671057672
4173125885
4210552517
4261217539
3558016248
32242180
4144557309
352315099
622721535
66588909
3773957875
4259704826
265282811
4045008376
4195750910
117832952
4212197152
3788572137
66712316
3943302625
4179363343
4091339286
3187072244
4241761991
65525022
4197379013
737282583
4229100578
4278124489
116784123
3743160366
3909154605
4008842795
3283620622
83033301
218963212
636219931
3423730158
3823630059
4193059034
219802879
638659608
151253827
4277013524
3925863915
487849964
585359887
66449370
4094159861
772014844
34139679
33022672
4262853097
3841854969
4145613304
84151568
4260753922
4010143456
4208458257
3993439236
67763955
3925864192
4075944418
119018479
4043446048
116190161
249621281
318298394
4144426220
4044488689
3925535462
133956597
4160556292
152648225
4058769660
200151802
4160620050
4177266950
134736648
4080734705
4044820724
3403479261
33555980
940386338
48884314
168033035
388561937
3439529696
3790469909
3841585111
150931939
167244806
572515051
236313880
31382001
3912377609
3270321862
4278518795
4227599863
84084485
32500724
101646340
301330709
4227526392
4025222900
3875081450
15067646
15396072
4194888949
3942843140
4196601329
4160818692
3862560775
4208267249
589164551
3392543424
838608157
103276298
4293926377
65667064
3925092875
4208657147
3792565258
3924040171
4290977071
4274772956
117637385
221900539
268591347
3992123147
66386397
3977321720
4028115698
4025873941
687336185
4194168338
3861382889
3895589116
3571857408
4041679375
118958338
304404732
234486522
4278449674
3940352797
3945206289
3673101817
4074967798
233894179
4143899643
4074442756
4259441892
103545591
454227695
4146938096
4008900088
100071431
4194237199
34071304
219874535
4233044220
4226946310
3320970492
621218840
655438620
4161527055
51966715
334097407
151712025
184941062
518322957
319357970
252645901
134416128
301857563
3929796053
587398125
892985600
167768064
149940187
3858562551
655099915
184873235
4109898215
4125757412
4042658545
789574423
168757516
4193786129
218427892
1182185
3587647757
134815236
505093377
4228905483
3638553578
4246137829
234953721
152564239
4209382149
3839685627
200600570
4111856348
3975813631
4176350987
199952416
3622629881
150931951
4159297485
234414053
3590184950
601429466
4029734934
4077334242
186195484
31915289
3150765056
198568663
4261073373
4280166893
504109326
200469242
320990961
571863313
168228068
337057266
4224845024
638649599
99287091
4091274988
534660928
553312271
4042585091
4160621842
85657350
4124900105
3876906687
4141867288
4058697917
4212849618
943337498
3976791781
83166963
4091932706
4060023004
4212980749
4244037877
369495292
3607371498
4224523528
67955972
3707819728
235403267
4195541491
235474422
3689878018
3940685095
4142200566
4278396168
252646409
4112518679
3825329646
4111533296
4127912451
66847732
3907714580
3978034401
4229110273
4077126893
603453961
4228968967
4277340649
100068851
3991526170
3856728044
3757969900
47712242
4261816014
3977648399
167107568
4280293393
353311482
3542032888
200147705
4211400463
84601325
721088526
4280812271
185923046
3993966835
4225830667
302054939
4244308221
4212650732
4143128319
118555662
419044376
4177064711
4108183528
150535396
234751255
4058705665
149957136
4242792218
4279181093
49683727
3639271706
4092530937
4209835020
200930552
4110609164
3623617544
4176674025
183242757
4277796623
51054089
32963075
4176414457
4176674571
33034501
3892712164
4193578244
4143642884
134480130
285610507
4144237580
185992955
168492293
4110353402
285405946
438106910
3961782778
3940689428
4142666493
989589497
4160093442
485426165
184150569
4108850939
217982459
4210491664
3974949144
4245094907
20589569
3790674991
4192660463
52555762
435543037
4074653148
168830000
4176871165
16309763
64226560
148561121
487651848
266855146
203784
4208785150
152832045
366478344
586743305
3778282209
3860206076
4162456536
85203736
3956395252
4244882922
234553664
4127590658
3825405944
3910526999
82325215
4010672131
3924428566
403966
99617279
4177595933
403701233
485820177
3941854714
4195878149
201396740
269092592
4212190211
4244109030
134411023
3706063606
352646889
217645565
4043510277
539104002
4059892743
4194303465
536026364
3976724206
4261936879
4294511302
52497936
4245098230
168486633
720131
66317851
117771023
4110160654
4175892768
4158984173
4226931174
4277336335
4196471554
688987630
3859932412
823398376
3876055798
337709292
623961835
4062381326
924924156
220857869
569759453
217708274
3991340010
4041929479
32574956
1072704255
3604730349
538430648
153877502
14878998
570172943
456261415
4143184889
319161613
4092977709
418972419
3841921034
253563409
119425306
100996090
504429841
167179268
218755077
217191420
4092064757
671866341
571797544
4211733482
4093956586
569444337
33356792
4176672786
3974427403
4260628485
4246279451
1772515
17561075
4077779478
4158920190
67243037
3874224364
66257411
250021640
66780424
721417726
4228445943
4009095408
4059694049
84683577
3925995012
235877367
3542497290
4009688823
623316222
4279180814
401936399
622333203
4159840296
3653106924
167440630
402129680
3957918748
4244771321
67309320
4007253487
4226540743
3976650714
318508015
184477217
4227922946
4279834891
420154898
436209420
4245488655
3640914930
4112188912
3772975880
4109300989
670885394
4075942631
4161212175
4011657480
469562609
286715924
133761032
286783731
33946893
3993237480
3992649736
606729737
4294643204
16520457
3992980996
300476130
656016658
4226611491
3589462008
17047493
134423837
4226345473
4124901119
3807828721
251200758
3958837252
402521080
3826186987
418512655
3826386947
4158588690
4111073772
33357560
185402094
3791653899
34405874
4077780489
235669503
3892385269
417004771
4278654975
4225956346
217441774
402987752
53620249
4277865003
4161659635
3940877298
4210162195
4294110720
405075716
300803322
3858229731
3909486587
485825286
3907196441
419233275
99218694
136908044
4093708545
887745538
4143644956
4257150476
183034851
237304044
4263973656
4261613571
4011977476
4196270056
233048085
3705337354
216868098
4092980749
3874365423
3822712289
4261412082
4293924363
68023295
4276152028
4226608391
690880991
3706385899
4110078499
4043375077
4213499635
3773361894
3472485609
4277863690
151067111
3692167460
150999041
15861778
4045929713
4093127679
34470668
101648137
4210559204
4059423989
536612092
3357014245
1159791580
3891394032
569512965
3973978915
167115503
837412151
3153794024
4039633379
568122626
4278976548
4278519548
736949769
35008771
3891135737
3841390313
4243970802
4110416369
98955014
672270855
4194104861
587127248
201317095
4025878539
452988143
320861463
254073609
4210103795
235339027
285207296
4211870979
3942706429
4210961397
452523266
4161140739
3974036991
3877310737
185007089
285214475
18349812
68293886
286914570
4277792542
4229104366
467595279
4162846457
301400567
304950514
669838087
67698197
132441880
150995442
4144104176
3741128464
66264359
4059491098
4229951226
4158514935
4092393730
4041732614
3808364032
3943570659
218683400
83032265
3976268357
3857243637
285934305
152961272
4109905912
4209508070
250474504
115209977
100664844
4177195028
858452506
4076874501
689307654
3842054687
134219020
370084872
186650633
4127586542
4093046753
4177067516
4278319366
3806794753
4294964990
67175668
4144953590
4243393294
1506063
320343301
4228252648
218756071
775875347
4027784696
117510697
4037227020
3772044569
4126462434
3689218778
16640526
4244577541
3456304871
4160029171
4147514875
4243329539
3654673920
382519043
4230011158
4144695822
535956711
705439021
958533906
118689046
418719513
3907253763
48823067
420547584
168562201
855380257
4009486040
99996888
3708222192
13896719
4109833201
233498897
319943646
16779782
150995200
184023830
100473098
16713984
3909929197
182767875
4162454294
4025943541
3959095288
4276612097
4059373294
83034626
3959430154
320144894
3592161317
3993112289
3907511303
3924293876
3540843759
4126922724
3640855787
372446950
3723493610
4212338663
4092656644
4262593533
3924361965
453444875
4092336407
370345730
688068116
4178446863
3927377419
555687228
385427193
4041858816
149545472
134608883
4211082772
4278188770
301593586
4244442366
117761805
4058974983
151387123
3807843335
118095596
754706960
218629101
285802030
4078307612
402135060
16448760
251061256
3928626432
250935018
18676754
4063098336
285339612
351672074
3590449684
4059750905
3958829544
15531777
19005424
4177402358
117832181
3421496058
3994027463
3503614969
99482874
3470196206
702869251
338299373
508628495
150664478
369222615
721155861
303228903
32051453
133555460
4178310131
4074388749
3891854854
3740207888
3772967173
4093980634
4092519675
183236344
3810728930
69635
3859478231
3806066164
53085962
168050981
3470725431
3906333452
83546598
64882440
686610647
3959819312
4257478413
301462550
4009551871
3589997802
65202692
4294437105
116519194
100005860
4261089552
4008963303
4228512225
3875150843
201727484
3842181909
168562448
249957118
337440775
4279367436
4227269119
4276353278
3723684347
286919152
634331941
4159769120
4043374081
317712393
4245552401
3906266110
1090455323
438562092
421069064
3925665014
3944473299
570423522
3858952418
418572012
4278178304
4262068493
4060015858
4159900155
134152478
16055296
65546
49349381
51250950
4229303027
4092129782
404157934
419492628
518980886
3891846918
3907384316
4109894391
571013625
3808622348
4076338436
4293198831
150992393
250679310
4144362988
3606842586
571471369
539229451
4194116872
136642294
3773496567
336593902
587667204
4058963947
4208249351
317647087
370943765
187109388
3942777339
4211934460
4192989700
4244890900
4277859048
3992121591
4294182152
319158045
436926213
3859219687
3605536249
575750158
3960739324
4262783685
4194775794
66067737
3928623618
4040490256
3404251862
4074697674
3857378314
133426956
237366274
68490529
4128175840
538311424
320484092
287243508
3823705616
3773954817
802089983
185459973
4143319050
4026072556
253683984
4195097866
4162715134
3671589597
51841012
4126739729
303564524
336990500
1025768710
3725202707
4159638759
875570645
4247404781
132707551
3390438128
3574335229
1646324
185404159
3808884202
3939635706
4144629750
4245238790
3924493310
133234453
621678594
4143904260
335411709
4212249105
4143317229
286915598
3725201161
67177657
3419730670
3806450381
4175898345
287515165
4077128705
151854076
99216607
251393019
186780423
3606380776
419030000
51264574
4044369217
3942253052
4024036346
504171803
354942463
3909614828
4293329158
520546040
4028304891
14806528
267641099
3607370218
284570103
4056022026
34212333
1906429
3910596094
4075810797
552857346
591138036
270017853
4110807305
4008574691
402652648
4294906103
3958764022
821366564
3657763857
183832317
3957390338
16780050
3388472566
471006186
4160423387
4144097023
4076466950
3640394984
4075745798
4060344313
370666230
151716848
4243131679
586336799
469757976
1501172
3958367956
3873235710
82369790
136115935
3623942134
67965636
907679025
4258991624
216453157
3623942105
3488669652
3825011666
4110679025
165875460
4091540278
4228110082
621669627
4176341536
34406913
4278317043
4278518783
200342012
83486966
3774883043
215158316
4228047614
4177652973
4058643938
4092849141
200994054
4143181026
51310320
302710531
453053224
3958446346
117441805
4060013301
149681695
4110416379
601553433
3975541243
4227980300
200738564
4142858757
199752732
100264443
4059491070
251455717
3708155640
268050657
702806520
3994812420
167113198
485748241
504363773
4279828505
48233203
4246203906
3962242786
4026594584
4041407198
302316269
235992809
4077185523
16121332
133954078
4293057263
135130895
132567554
516813050
3989696019
4042520872
4245419521
3235903980
4092777688
151513845
83301156
840558594
235467241
152757240
335348982
135010842
336200430
4211144188
4262191357
3688823791
552803316
219679748
437586438
3926190314
334612697
3438541801
251066347
4293512691
3941518580
605485576
352774897
4293526250
3893034212
220210692
235471122
4110089230
186705132
4112382738
4077713867
4074894280
555355401
34529783
153420234
167767062
350356478
586285059
1075644188
285342460
4024575251
453245442
4260621299
4041072119
3354189043
3873321445
451077902
905572141
553379354
4277980125
4109510925
4076404980
3525584122
3807246309
15269359
3991533775
4126084346
3755933696
4194500594
691997996
3811776750
686559197
3857976567
3639667946
3974815980
33361883
118953481
4278986249
3890741270
3807774482
4144112620
4042313746
3840404722
4262921713
117309953
369240617
4058712600
52563943
4076541204
3489274113
3704932830
4058706394
3774346241
587995120
3789029673
3910924776
441451542
118227430
15395085
300546091
3993896443
4094548708
4212131536
335144951
3776058086
4124893954
101713126
4143260940
201919485
4262526219
81189874
405529320
302060499
4212654854
3523678225
3856207593
252244506
4059425279
4041999811
33030649
4010012934
789904614
337187075
4208984081
3740205310
135007732
4077255413
4127847395
221244692
3860326117
4076863173
132904217
3840866796
4093506303
133435387
4160422422
116652557
3774414583
4125947117
4259769066
4161140709
101509360
4160156928
3423598849
183632903
4161536776
3741125878
4144887296
486148070
352838128
555957262
4194381062
152182060
4178962198
66385117
4081653231
3941007086
4277722876
3389453782
284696556
3926325482
3991208981
14411010
4041535460
4294118943
4260624645
235533299
301534699
4061459716
4244309750
4111668999
4211540217
4060350216
49936624
352393745
486598413
4009884667
35454723
4075754742
82571789
4264683493
974133266
519164604
4233687061
468447457
3826509299
287300098
1108797186
1240457224
3676506102
3991996150
3874810094
4075025862
4244634926
165735133
52298751
3371637480
4226545152
12257565
185454620
352049669
254535938
3688700888
3823768100
4262135628
4194428623
4027974922
3973839358
3790922765
3643084023
65536992
267708187
3454982094
4041273799
4109693680
520615682
3859740650
51188447
3991198950
521812496
3656643366
249762043
3940090876
3975673570
218043400
102693859
3908105447
48557563
3369986527
3622961133
3689553432
350226467
3505389303
250806806
4126152684
100725027
200537823
4278916350
4127461365
35255805
82063115
286063363
3778874891
4244041225
3758351074
4077854480
66845986
4040284413
4029227485
3725936937
4275041499
3657685500
4192597515
3892116210
68807433
167385320
134344477
17563900
151651585
4010215926
150927586
49946380
4160748543
4092000234
116520453
554770167
4244307713
622655220
402588185
722273035
336587801
33229570
3589934850
15604516
3709999850
636154862
83493398
3789490695
49665780
4008908538
234359776
4179105865
4140631803
4042785786
435554046
4040300041
386125053
4162717178
4091993849
3638350046
4143437787
133239029
976615486
3222932176
3724546036
252188914
302776292
251393761
151585553
4143976959
3760117994
267777273
67238632
3322996979
3287168468
4225371885
198963993
3925210360
3880196592
4093054682
4041662725
4076266225
4176338423
101187086
3307213560
4225819343
218625784
4227395818
4060216553
369753340
4093776135
334435308
1207829034
3944150273
114681317
3926133742
3875400170
4175689201
4112056558
4160948980
3790868971
4025944553
4211346163
234547448
4244304358
471273971
4228249602
286855152
168563480
4009436177
3789348043
3992575467
66908182
4076010208
3905556983
4227013385
134295317
3942784775
606604534
218238215
3775062753
620368639
404615441
4260624878
201067548
202046198
4245882358
202307828
3959622891
4227597282
100142610
4093770478
166261492
235270159
67761409
4060606718
49608692
66449198
116456702
4193253394
4075613951
218763259
4210756883
202175239
771951368
50005517
117115401
386265619
320599043
4176808697
4044495869
4176021526
436993789
4161734147
198660
4227400706
183761430
4059295745
219023097
268107787
4228644096
253033213
4264304634
201128956
4027579670
4143055874
167310077
84015110
366546961
924055556
3572952077
4109943514
286977273
4058717981
603583240
82766844
4093383130
3894141167
4126479562
4193581122
468984570
15794670
4076661484
4093370316
182905602
3976587782
201587947
528158
500751606
3859930869
4244570362
3889694415
3857632517
35320311
452921887
368894443
778484
136777709
4293920017
151586787
4144036590
18023656
653790975
708122889
3909230346
4008897270
3519867868
4011523580
4162209565
3923965403
3658672106
251063804
439364603
234685177
84206837
419373300
3741516025
324315
4278783238
4195022840
454351600
403638772
351337730
101711109
35253501
4207337708
4279038687
3956924152
3861778176
4192662004
4126600193
822937117
53285901
4160221967
401663460
4261162544
4008577276
485290714
3909614820
4094428431
3805996037
4025086440
386279901
772674595
4209377544
218095638
3892250875
3790405373
284426205
352201741
4060739352
3774688222
2717316597
68340215
4194434578
32705534
268109311
321128494
368312051
4228055298
602208007
20642529
100601078
4142863088
773722146
85123594
4294702333
3841458355
742265342
3875219484
3805868032
4125749753
3957452778
33353965
201661701
572529658
265877762
4076664081
167577038
570487298
4026207983
3808889330
485164011
4144428546
502727133
4011195382
3976267780
768798205
3657628142
3841135100
3942188285
435225351
4060163570
284946216
3875011311
4008833779
386135529
3522954457
4176542440
4244697840
4177071887
99808259
35979778
435025667
335872514
737810971
3572098025
182891197
184740607
3858699286
3992912897
250935299
3572635440
606401253
1124662286
269285132
100136483
722273540
4177919222
4109299171
3808299760
63832325
3889756410
256763
152962308
4194503928
184612863
183368714
67364872
165535241
653981183
4012630019
4076335609
4074964200
169679384
3890940439
4259834092
4061005815
4227792907
4045999849
4294180373
638710783
1515516
235408936
403244294
983312
33815315
520548871
4213635830
4057476342
555089420
402722310
4127585765
117248996
36639759
4125944042
471402762
285282325
4229436683
4061471726
4060879119
4262074097
3858628857
4227794185
183242500
3689670393
251986933
520555303
387060236
4144232431
4245956098
3825068284
48295143
4278913256
3723297795
319033594
68683261
3690661889
167640852
4227548715
404359196
3909156359
4242804963
4246675231
4263439613
3892252405
4212534007
285872419
3890605302
4092258532
3993168608
134812423
66459128
49934053
3809539072
3302021076
12235790
4177532434
3839160049
134413562
618330893
336387332
3537239024
64482547
3957385220
3891521280
4244299983
350612761
3792501497
3940562680
149939738
451469533
3591761130
271324407
66916357
269229839
202245635
334688767
4025744369
234294240
654440407
4127654919
370746134
4112784686
4194635006
4024431129
233299680
4194112241
3742294797
3624137213
435365836
3940692553
857076205
3924824626
3606051302
4022596578
4160950275
569122063
4061593617
4060282573
769845500
4246074858
3991601686
4023579131
4293788651
671232547
724698440
202703077
201057515
3706318083
16115449
253363956
318306564
3674270213
4177199363
4161997282
517339160
3943423518
232188146
4278372546
4193581575
3906333423
351864576
4194229237
4161018361
4090952195
4126994406
50202607
4009556478
151571688
4143971072
166918134
84537110
3470515172
3806982127
437184755
182378519
4110948846
4143978791
4108911861
4210552823
68814821
36521997
251337503
66520612
3756261372
67435286
7171
4059558150
4161605132
4043314435
3858884854
49743098
4213567476
317198831
1506829
3722371013
3892451283
4259973401
118305567
252509708
116791080
3825469461
4176674278
3674983665
49417451
3839942638
83030247
253815814
3573221069
4210355451
66186999
4076011516
4261414392
4127325723
3958770162
201390593
151388166
4210683908
401409550
32572426
4108839959
3840404443
168232191
168305401
4294309920
4292342566
3638546677
3757177314
4198164472
202370534
432793343
34598143
4123651324
4277252312
719730166
4248109587
3942315240
3607109866
4076207621
521070081
4210684159
3690991859
4077784071
3574727156
3957647608
302055930
3741636560
3638227205
167374848
3807064331
4042781686
4227331576
4023463719
519686417
622724388
303238393
418970651
654445305
4092522760
268891392
4294248701
3489072637
3638757359
4192988167
219608290
3772178766
484504312
370924802
4059498787
3320115958
318894811
534832951
4196800492
217581831
70785261
150478096
3472612597
284554225
152636687
4045469677
4158858256
3825010963
3974626029
100340981
421525248
4260171524
4245422579
4127260447
4027841533
117444595
134278128
3691252244
131722709
4025671123
50001133
4076594941
167444478
320668440
453323255
4041996805
4259903215
4092925923
454686444
4243392497
51310602
168241402
471272461
4193975295
182975232
4095400961
66909407
4264639498
335997723
3926061063
300941305
3607954409
4125820145
687472409
4079025664
4159313913
99933725
4176071627
4246276055
836826606
556069132
33093400
3539465444
471392476
3541441266
3506063154
4091797503
505221641
4260758795
419438110
605034761
3608871148
267582957
824443197
4098694101
4212525563
3303804401
4091277828
83418849
184610817
3724609268
54132194
3352829997
435544357
3975613973
4007916803
4244171493
3555982558
3738826217
216732462
3421960434
501275366
1042804716
133498677
3387287541
115993844
3237935591
3672699360
3521905648
4293531383
504884490
3790207989
218493688
3908565778
4058642183
4162780131
184290054
3927376148
235863027
3924359454
219678442
4175438343
151125260
4043574774
587521803
169473026
3874483938
4260626691
4159564558
269413114
134941213
166522621
3808228333
3807177443
3403602133
116523486
182716949
687813631
3990747153
218482645
18025471
420280597
3942904331
3705723110
4161536001
83821045
4278644216
82316060
4226213858
3991925502
3976401408
186251761
4060082953
3925143526
4075676144
503581157
4294251791
99610640
4126141436
4026334445
101707998
17368328
435821565
201745
50464547
4261931521
50792432
352978178
102043638
50326760
16703982
17495280
218822395
285276405
369956614
66260478
4109041137
3993632519
4142335481
686620147
4159898372
150729470
83163903
4210357492
4008642814
4126601460
201590542
18023441
4143058428
586017534
4161602030
4077721381
3810726640
3506171382
3791583950
133960454
4010554903
183892719
3642296040
200666082
4260627940
14012671
3992844808
4144359904
4144829404
3873502219
692260091
352717589
48688394
4126800894
3723020488
218043112
66257938
218436372
3604879347
570352130
635954672
169016079
31913730
186124548
4025482789
3906990072
3941855751
436798230
3691965720
3893685993
335405500
68224561
537724955
502407199
4042590737
974922502
154853404
556276466
4127193838
655229200
4211935760
4179490318
3892389660
269026828
485876732
268961811
705695536
4010667260
266928372
3640531214
229485076
3690896845
3636389350
4041331189
3741440505
3506115542
82768656
317722381
402523159
4196084733
3742042883
318183665
17511948
201654523
3757104632
4045012518
3891331567
4027121116
4009752300
35525353
4059624188
4107795189
68670188
150935288
435737113
606992691
316598266
3573678332
203309309
217835310
4226151633
319544602
3509591266
184294405
4093451824
3670279657
4242801127
238156288
3520198896
4162181648
101048538
4043707162
470879497
4127591432
3908050681
3924610058
4010469601
3235710178
3251756787
3656311003
3756649899
50930710
4144690440
284691155
3941398780
136649191
3556833510
4024762647
403760907
4228197907
3925084689
50064849
3725081120
652018187
152697674
3621311227
753676803
83229978
233232876
4027843324
3807444685
285876468
4261875729
102895098
4126935829
198368763
4278710516
536869901
302325287
3573356809
400498674
3943357956
774565319
3420903685
3786654176
4077847055
4110293505
134682901
4244312587
3958306342
4175557864
151776497
285204737
455032363
170261791
3891267305
15791107
85783821
3741139444
370018113
4158719749
420867331
605417228
3689751567
268227854
385801486
3809940214
3757849073
66650919
4008969185
3992265457
4131209270
286261481
537722064
4279308574
3840610305
200470773
486344202
352708882
234881057
4277472514
19460340
3993705727
4042977793
3956990437
3940421619
3588413179
3642628810
3269457122
650294503
286529045
3960472578
252181742
68749322
3874743825
3439057142
4040962820
419102458
319421947
4261611794
4194889984
98498049
234160379
4109959947
4077119242
302725872
3655134182
922813159
304022530
468048164
4209964278
219089149
299889677
84215560
4010334707
267843057
4260038398
370534151
4293914378
4076737030
34208252
3890542576
219152894
300419059
520941027
3792825584
231811367
355467779
3975352833
4076264433
384760622
304812002
3488934970
3621914079
4191108661
3736787944
68552995
369429997
3928752350
3268216054
233171711
3794533876
4060161015
3452620272
3402753996
4091542222
3840404439
3555387105
636869364
856035319
215612468
421464596
49942037
419821310
4129091355
168422649
234491921
3622764775
4294447868
322954281
167439940
637990412
3880180954
32050167
4194372879
3387815137
4276427229
283694589
316275686
4277991188
3977174497
4092071922
3808038384
485283064
404746004
4158061567
3692420847
69464043
3907595741
3908492567
3353669131
3590847718
4110161161
199027746
4077654791
1276200765
49151775
3823499264
2637329
604896303
405538789
186450996
118429694
771550758
4143705848
3068462849
3416787661
4093836770
4110676464
653083110
283766531
907808787
100529416
890239248
438369825
4092666341
68548118
471015442
100731644
118623995
4245154291
639323940
3728538359
4194957021
4279044630
703539976
85062169
4225684456
4278392867
31130141
49287393
4028299270
4178314989
452922367
234217462
4145407965
519698170
183165680
3793152477
4142269697
3995075587
507321091
3571442425
117231332
3472418024
3638097423
3942448391
503839229
316923955
3159754209
3722967767
521534968
618728423
4142910990
504948497
84616464
4211013378
639174135
4228185595
4278719489
284820765
49807385
4245813502
789774602
4127653906
4007791079
117371912
4227594717
3958039538
3992056584
3896056336
4276226067
4242979087
1107356412
4027382277
4175109905
4115590922
169287931
234544874
688312373
773780500
70182421
266211827
1836072
202249756
3958431238
4273543422
4158973950
4176538076
3387354077
3687123652
4280495355
15532056
369685006
419289547
4261491261
3842911448
4263122667
14302158
236982841
4007652592
3909482190
3925603030
4262393608
67435758
187174605
405669616
336586782
67101694
48158198
84676363
4007311896
286782456
3619487236
3705600767
3204839431
348718568
787604017
419830532
134168644
270927134
586486817
885708796
892005189
3876464101
65385726
19793137
4277861630
301270038
268824084
1442527547
48888122
4176154870
270607353
4129094915
115737103
435602934
589161260
115278326
333640475
3321158147
3083865054
45800425
3588880086
117509372
202704638
133762582
4175621870
3910000629
454944733
3910007810
467931666
3942715137
3906467319
51444721
403180544
4011526675
48503826
3892315374
4044300557
3673947649
167767268
3974960616
4111146515
152240650
4146727435
367463214
974140195
3270568950
183425780
4095080440
653718742
4024369650
201193737
117432859
235869188
1023738408
3993307677
554160116
504112446
3993114118
4158978813
100853749
114876143
3891978718
4109429243
48425239
3589660121
3754627316
500811509
3744722664
4144755678
566814709
605218302
3986482717
537771009
52687113
3857513715
3957464334
4278115837
133694979
452409119
3945455383
3389661212
550637302
3506650908
131225891
4009558323
4246012659
760022816
3941340955
315620111
4095410692
3942575588
652079354
4244560864
3791322093
3857843449
4225630715
118223137
367597064
4243201572
149423117
170798573
4175559678
4177650418
4161664004
302311399
4026855176
3958700794
218494964
4060548834
3990561052
235540501
4210962440
3707835407
4125948157
1546716888
469569041
4264228600
4243588630
4024496577
572065755
4225169953
351596290
34599943
4059241978
166787067
4277076732
521271295
17560309
4060809468
116065268
4193323256
303097090
487070487
3908180723
269613543
235273486
16844048
317979640
236261882
285204991
49544702
50728976
4058576388
371323893
302319632
3925925870
3707563272
98496262
4026787831
167640053
216989454
4261614320
101186037
4211347436
4061063934
486873111
452394007
201128677
84079105
269026782
302388751
4144037390
4027321858
4277736725
3790470399
4244307956
17816802
4160743930
3920697610
150130958
3522318354
3875135736
686635806
103624196
236058102
3993510135
4076861447
4157081344
321772287
2951416069
469564641
3459789283
3435726837
502457627
3772775913
4160942329
4109168089
4008899060
3875267054
4108120554
133814998
3234849741
869584133
3723094501
4126078202
4109377779
3470257954
4226808534
317643508
3959214580
4177720572
4126276629
266401828
218980093
873277773
3693740280
3975217126
2985353444
334619925
285798399
4245948923
15734544
284891675
101590558
3606772749
253098996
101970193
301996518
266508
251848956
3941718990
4211749134
4126143244
185597680
135789810
720702210
3991388144
3641310937
922423303
4177076229
4044486170
838199288
4110611697
3675911924
4008377042
4147389717
3690988997
234621217
3939879660
3994094290
4159303408
4177462273
184216047
3505982674
4141544980
384890410
320794399
4075548160
167579396
4143586529
3808559361
4144237559
3807840251
4158847253
202636273
520946980
487590157
16316439
4177654769
3857508856
3572425957
453442041
302257645
167239716
3806459871
469239028
3960073976
268758256
82833641
85326087
4210033156
4243187727
4060282117
3605070842
3975415265
34208757
3808164367
266530793
3840677915
3758158587
385290502
4209122817
269076506
3977178363
688196114
268891901
521998857
152314381
4107791104
3907180524
517349
4262524636
4127454212
4160683751
4144039425
4076927233
653835
4226221054
4178310920
301462014
3975020805
621276936
4028101890
4026135550
315883032
3957988367
4025222401
3859024137
33035268
134287867
252841465
186576390
354424042
3777114137
453118474
402123788
4043644432
4277664731
321253109
4244113175
501747466
132774693
719967757
65395421
151985927
165545755
284831513
252571153
304089379
3991209465
352594184
589103898
3691107032
3923645416
3959882229
4227063824
436607967
3759344120
4243716631
3504148185
65468180
183629288
19135753
4293196813
84024584
202640404
151459368
3908365527
906617859
352252711
4228054247
3839032061
150854126
4059436020
4059892005
402977778
4094884349
135655428
4142790366
17286361
3958966537
82776577
456449
4260359675
3957386999
3437751753
537724904
17490153
219079936
132834842
4243385313
4159634937
4110025185
219214070
67180546
267382772
84539628
135608051
4110093549
3976130036
3955561980
4294437592
4128838671
65670419
4211803905
501868785
3991611416
201980681
335874059
4230353692
4175365122
33085438
318558958
3926391763
3387816669
18882817
268567808
3907772931
1274224648
4044290061
3940934108
232385288
184339985
4059953911
4227014894
3942261481
367585764
4293658599
436005170
488374544
65601021
3822708481
3472811744
1110324741
67962142
4144168972
656796662
4062847225
4178777882
251149322
3876394263
3975993624
16716752
4022594054
3994939119
3757182187
3876723952
4024697070
488300258
420738297
502525444
3757186294
4075029771
3874621166
16315133
4126144778
86706181
81785364
4226348532
3693415674
4091104546
4074109400
266010375
4109121295
4162645521
4208848363
586023945
83683630
305084658
3722719766
4057255364
4145607400
4177332215
117897218
150398251
489882873
3893171449
3890348041
4026721766
286196762
461316
420865017
540154870
150476833
4276163069
33690644
751828271
4110468855
537324040
4178180556
84083212
84022775
4242923569
671419918
119283955
4258195979
170454758
4159573516
350999786
4161212927
133878011
3991864543
186052101
4228055289
51716111
66058787
4227138805
99674369
4261022989
4177656579
668991481
150796023
252448505
132636636
335607262
3841261542
3153072121
3823304918
403047151
3958501413
282856680
69072174
367984682
3892901361
4278707443
3489076201
3755404780
4076675811
4158979325
85451781
268895488
4178380033
4194239220
4293917711
269093115
4227397105
4228578304
4262733353
4259846153
3924095494
4074756587
49676267
3941726211
535822105
86241001
99876133
3806997462
4227388414
504619018
588040950
4110086878
4193196065
3570330903
3907582909
675684559
3710514155
4274401264
3588552978
888997935
619835918
3774217486
14214117
4028307215
651498001
100792830
469563908
4176407339
3842237886
34217493
232717800
188749568
199753238
3859477765
4228188943
3706190066
150925039
136255496
3840942075
451931616
4011193570
4244903669
4143448567
121241866
4294848508
4044352274
4261744882
3909877748
267264247
369093394
16839637
316403996
586156823
83295258
3621064932
4275100147
4009291520
3941856758
3892963824
3957980650
4177913586
4130148315
318182665
3808095755
4192858618
133360906
50059805
4261605388
572589052
405875972
4144165661
4061336824
419627507
3709203673
4109433850
3756385290
3891663876
4261930465
838677513
500620802
372967703
570159856
4177517549
3992448987
3522630104
3841591566
4078438898
3974628600
268040732
269614596
217714700
168099604
286332671
4244769039
3858685947
3856264942
4142457309
3723885296
3927434705
3759995895
48962840
4127850765
773056267
4161794016
4293457425
4043503866
253438989
4027576578
435488512
3893833485
4108648461
4145611530
251598329
134550292
4279627276
116381914
3974619882
151579110
4243846153
201908461
169282817
182906847
31853066
601617704
3757964517
404164323
117379627
48099094
185135097
753933081
3973445378
3840089063
186920409
98567647
151970291
3958043160
4277467152
3656786677
3839160816
4096258839
4094223101
3994942181
65146394
4127711469
4226617367
50796300
4227994391
4261604336
371396345
4094027481
385550298
4060602860
85070563
352192019
236058114
4093311476
301457921
706744561
420872202
4060087032
35715076
269493498
4228847867
132114191
151649810
117905400
133554445
453177630
4027571452
805897473
101452280
3741720350
451287587
687986414
201521694
4209386785
502981092
4161144550
16387338
251399691
4261672474
4144761575
51909393
16909318
4278385923
218168061
4245491447
4075682561
85259257
3858823924
66452491
2161918
4092981009
3605068521
317920007
84007699
487200026
4009227247
201589498
3892509976
454160636
286063347
4059493351
4025413853
48956890
4260758527
151317249
152175883
150796545
353631209
34604054
3992584700
201062652
303371535
4008968186
66849274
217378050
4179034613
84089866
265467
3808496384
369681909
50987791
3942838327
4090946274
3858889705
3538083820
4179611101
3941597431
469955580
3872265689
4094885616
4192074242
3893222120
49286874
3994420449
3754486503
167181042
3841986560
4242609169
99470867
3707172085
4210882025
4178376464
4145161756
4093911584
4109429738
220207871
50009893
3726251730
4294314482
486859010
387260405
4177983488
201066996
3841524947
4260364789
267315965
4076282102
83627514
67176730
3455643621
4242400485
234740475
4245624042
84733706
519517196
148236859
134417925
4107994106
4127920900
452466970
51971339
4059629556
4194762266
3973315832
49997047
3908895203
4130072289
149805296
571541017
3809274137
4158714340
117441021
4007660532
4108837902
4277926143
3907725567
553843492
352254711
302512379
182707456
67752405
4243451657
67565581
167439118
4263383290
369812458
589047553
3907789863
167896331
3944745708
4244508406
335474666
4261804054
4193647864
505680628
49742336
118145791
251204615
607979027
4160885787
249362413
4246135786
336980470
1140717529
4228318232
4057849573
671542028
4010548764
486805254
86054417
269156093
3806136583
3939693070
117372711
4129301246
269431037
4278391065
152301049
135330541
250284799
287372786
18358043
352263689
4111138839
4059575804
268624645
3992717060
4091735297
3825400856
267512097
3941932295
66843669
587794947
193296
586938875
488567586
4058772740
4293066252
15589363
4109629421
402717444
4209839895
4077586951
318043644
285660160
85129199
3576688866
50344437
285670931
101120233
4195613936
740759297
4178114840
133631263
1057875990
4277333740
3908826345
234287118
4009288915
3890751505
4192788481
66055650
3872741673
3924431893
516880411
85589016
4293728481
4213312008
3922861305
116722445
520156446
3841776157
4058183656
3926788096
3925278948
3789346846
151250939
4127728646
3791981563
115471110
686685708
4093316087
3724802029
3841719537
33294085
4260424987
420347140
51060477
572978445
522843681
4076737033
3876054763
51301361
3924760803
1256726834
270729508
336470270
486140977
1228478774
133964308
4094031876
402318824
420276221
235408645
452981477
218688292
4212060161
101645320
4093966844
401271809
4193384738
989667577
219867406
68480745
3858107656
236059667
300482814
101124340
4260691692
51113993
284229399
740030983
4127718915
4041546247
3909880361
14872036
170527474
371068431
18615835
149617915
502463491
4008897535
4093643000
51117558
384377353
4211339283
101718793
503309550
164357141
3859673802
65933581
435103729
3760840450
452719598
3688036884
1238497823
336711951
301656051
253108756
3993120790
200005653
237176016
4262858019
202969599
167377117
3824744186
3942316540
354418149
1125129492
169015071
3824548606
3705799393
4226536969
332922390
3975278323
500232689
658309388
3893551339
720107773
4114546928
3606972934
3791987441
65934353
3809210630
3823438027
519636785
3825278223
482921258
3929338889
32757005
353181138
4223464443
403767589
3994243892
3639277590
33687266
539492333
554557430
3843294725
116460802
100802587
3977122362
4178767090
452004634
386139902
16519456
520216316
152116756
4211210257
3086212294
4073589985
321710087
4279440888
3774619900
33483797
115927803
185535504
4280611833
185865753
4113434624
151517654
4227603204
4125878282
3992907254
3639732201
202382078
3674799859
4045998343
3842521631
184670966
4092849928
3923118337
471139318
288890116
219149339
4226284797
184294415
4212269325
450818549
455344640
3656582161
114686467
3890998018
3857114596
202303217
1041110291
2488610
3772264155
4078565426
116205345
220393741
252636878
3791795480
3622829297
4008779792
4210171360
251259162
302312950
353840925
268831730
3712944360
4227268359
4145151200
4278648309
4042523890
4110088709
286719990
4261940242
149491718
99939846
4243449336
3958175990
4178053385
83361014
16835850
3706056419
83938785
3926858224
502074881
136579094
101790461
805508151
234294273
215096346
183697173
755432208
705893128
4227326955
4242541325
3874096611
3976849914
671223023
3473478386
415759842
571399932
4241880604
419103201
84075784
3976533479
3926389237
416742936
220211963
67303167
319362567
3743483910
3654024442
3738634776
3623160283
3992185830
35261700
133043200
99219974
169794292
4293589251
352316420
84737025
4145148157
4076924147
722012703
3928165150
4194382616
3857696002
3622246396
4228054025
3973845542
4110546623
3971811851
148502775
1175581192
123087114
4293392920
538251453
3759209486
4176409060
3707182054
3909021663
3991406820
4193705720
4076466418
184025833
3674737423
4277868040
3859407833
352000493
3707632119
3957392094
183236850
421059072
3536982514
940036350
3959825667
385738244
3539186
15861247
201131795
3842436860
83299344
134215148
219809531
4077268990
4143257881
150004987
3942970867
15668976
4174434828
3842831862
4193847536
3892714992
4177862176
4259965452
4292999938
3743212576
471344612
235538969
301271315
149608173
320000771
3758105070
3991129825
503249109
287180559
4280807417
4159691480
4079942619
3976665354
4126536191
337055508
4245749761
252449272
3957574121
3841190856
99940148
3724477178
99815902
3255510542
4141689373
3992780041
4042846728
349045267
438117388
216913727
385746161
102690598
557328367
605550867
4010413880
3906406666
134741999
3288269795
4278594277
166794279
300160512
351787255
638246100
3690267938
30798358
4294770159
4228315884
4008714271
3961058310
4294775514
3925678553
3740405523
3807577074
4109896965
283432163
67567382
4177790972
134486026
3905413624
4126536182
4244701947
785902
385417195
266930440
153214465
3788949982
418312957
99415558
4043173896
100204553
4110547461
4062707436
4045677045
98570782
303037474
4229032447
4197178876
4227598596
3944026863
353047563
4124963601
4261935865
4042586105
4262530315
4060150524
4176478445
200212743
84017912
453774880
102170377
302054897
4111331578
4176281593
4093383435
637793277
154018054
68431143
3941202685
4210757642
100071442
102425839
3993111561
4110156047
16249840
4227859195
4057848535
4142658565
117052414
83554829
4244439546
3908433903
519110394
3975740656
184484110
436399091
201523462
4261080316
4242992644
286194419
235602701
3692165633
4077323750
101194998
16907799
100071436
4176999662
3924290287
4124827358
185203231
4194445354
3621195508
4175824645
419242774
4010353441
369695008
67372291
4227793418
201585942
4194296311
100464398
236065011
422448653
755962909
687607083
18412293
167970571
3973829376
4059365615
4161466365
940632576
3877835771
3485976535
101060289
318047248
251791124
4060347398
3840146440
67245063
352255499
201587957
235925752
167773444
3892836838
4176544519
3823364850
99865607
18619139
3943819510
34091000
3825283081
3722647293
4211282167
234425605
4126607387
4227986929
4293133297
32171257
4092846828
4261341938
336275956
3523538432
184607946
250347579
3841652965
3908171761
151978229
4126609937
235015414
888929868
283894017
3941207043
33096947
4177986573
4159696876
4025348870
301657585
370149642
252255734
4191475952
3840737011
301986550
232843776
4262200613
503845116
19856631
33029863
184284969
4077254639
4211207400
4127058183
4227855063
304092176
68290581
4060669924
117639933
167575582
3991992820
4294571516
519445751
402582280
3905815305
13956349
34194921
4161337594
101783548
3859281383
66328572
455020055
469235968
571139848
3907386369
300670979
4092850705
438632688
4126802922
3924230147
183177464
4024816643
117768703
503836434
4027782140
367847404
3857645849
4111458804
3942513120
3790463741
3590907858
18282200
3977709298
4044168443
4245422829
66384652
352120310
4092722683
103352309
17172502
135195863
3806781454
4225955316
3992516333
286063100
3975148787
4142401286
4159825399
49871369
99749122
521972
3843293457
4109173498
3823367396
134282227
471404026
487721494
3944294148
101712919
268438806
3857772551
3923898354
4159173360
4209244920
251656703
3874683370
3673028621
402990074
167708431
3960617247
3472036049
4192528356
3958369248
4144751335
4126536441
3991138294
167570133
219351044
371327748
3623231511
99475189
4009950989
472055792
3942649396
4025548026
234737905
3672637957
4225885431
3926261248
4109565144
4194761208
4211730915
4192006894
234545398
66583296
201654067
48750353
469166587
287186432
3974296305
4210025200
4244375029
50727938
4260953860
351334938
4010337244
3857245412
3842242029
3974555628
3688031477
131917521
4293905396
4294312679
66969089
3792049156
48950514
3772437503
4110094328
3823559428
185336529
3758432526
17106927
3740596218
468383488
234552846
4026402814
183965727
133492227
132845294
4278781186
3775003657
4176218860
3908895488
4058640118
4109627876
3673688316
3976398329
421074159
4094026970
4161668804
135466749
4110292983
3807121413
250682620
4192136983
4277466616
269098472
3574134749
4106671062
4210745845
4246874576
4129087451
332859107
49477657
3823300827
3720607493
3975616528
3792175607
3822580186
249815814
3941538819
301529088
4258524644
4194167286
4058840305
4160489715
3438216484
4010021850
4160353548
33686036
4294308593
150668831
3690193129
201795781
53677349
4212317437
232323622
320143364
4075094270
4294113264
3907451646
640410590
3709661701
281816326
4243720737
4280285443
4011144495
978712
3840005333
133885427
4059567102
3807698688
4178051570
3890805254
4176802031
4095348484
3673424856
553187586
3793291012
3656188115
3708874203
4009168601
288029214
4158977280
3656051977
4160154847
4194694637
217776376
1805
4279831285
3908373751
4094232546
4094041045
300743689
4110678525
4261745142
4059167993
4260818178
150792936
638060837
3773628424
3789748715
4108717057
117898245
436203021
14809590
438034438
4226476547
4213052909
3958366223
4059951880
3707565821
4076070417
4141482196
202499
135460607
4180745461
166473222
200199448
167110934
168828421
267717125
4059293454
217245195
3606117619
3422684874
4209832182
3857115645
82900188
318964482
4126598633
4294767343
4244114679
83885312
4025943045
4228056318
51055629
4245425673
218499851
4077649919
4076141555
18623262
1260270128
4227730178
4194495774
50203611
3926723833
3841796386
202179339
119413508
4092589022
3857640700
3421441272
113200446
3859597802
4107987462
504823559
3841860113
4244442620
3821335578
4277524483
4278456795
1023207472
3792192533
4208132337
4175546372
535819789
435812110
4126868734
83026438
3355304971
150545137
4059506952
3657037293
3406892063
4093047010
3488349410
150596373
4194235645
3758689539
4126079497
98897667
337711345
4229106715
4075289587
285080308
4210952976
4041403398
66969066
267778528
285342714
35198720
233963256
3555262441
3706053360
118827782
4261745682
49415186
705626399
3906613791
285469693
335869676
3975542805
4144233446
4193842177
4210099193
556075526
235996432
3823372795
4279699696
184222971
336858894
3672627983
3876521227
4294240742
4213900782
134349828
924120576
472384011
150857202
420087036
185851906
4294309120
4127195904
4259516160
369157884
85854964
50725357
4161145843
4009751551
4126280958
51127305
16587265
4044234001
592416
4159376115
67107856
3959624473
3841785571
132712696
268306190
335279892
302317557
4112575750
419238118
201915920
335342569
4108447240
167831794
67698690
184810514
3993564127
148832000
3605521404
3705465557
3975613686
3974497775
3840150272
4109371912
319548916
656943857
454230287
4127068405
3873957366
100137221
555746286
403699988
3505190380
217111513
4265612029
3976407548
389678844
569179959
99407077
3724072413
3504856793
3840605167
100460288
4008118284
367579676
167310066
3941853417
689567990
269940743
4211937010
3673813993
4025023724
4161135358
201588737
337523474
33363954
271060500
3588953352
4026727124
149685521
4210550530
4143510244
4261802213
3856802589
31910368
302970376
234288657
1308153
167768566
4244635895
3893097703
50530282
3671855132
3756253401
4195553536
4060014598
4126219492
3858096348
252635614
4124693264
3974820334
4126477792
285339147
120127707
32957169
185993977
4193844229
4194041843
4193054459
4144627199
4243845621
4294835471
502006258
437129252
33483800
4025149171
4126799082
4227335178
4193388790
182707969
4126928367
268893683
4093448203
201127444
537007381
4243133219
4142930160
116527126
4245415684
4160816660
4142394636
167961070
370663687
200672513
3993302533
183959271
4176939011
4076208393
49542900
4210946026
218297074
3976525308
4126075902
3975675891
4143513084
4262394629
234551794
4228055043
117111545
4075753465
4160090880
181272538
3673221116
3706979029
1142768462
4109691427
3807576563
4242066920
4274970377
153158111
15016733
84142847
3788504580
4143969559
4243197944
200012550
4194435099
167042570
168882129
4181016400
149037043
3690653399
3757512193
302571998
623719170
504629500
470021920
54262293
519303441
4076803106
3690460943
4177857007
3942251281
3875477456
75033
4228380659
3806661613
3845184738
4240911085
235726091
167183852
4059954917
3690336526
3856203527
3522633669
3957062909
216066291
117111552
151058462
487780874
4227993340
33556487
149555469
4228971783
4075619071
267454489
84925666
786944
67306009
503911947
841689384
4010931720
4294512892
3674152212
3877510397
3944358922
3822385171
366934558
4245228589
437392673
890643177
590026763
3926131700
250409965
185002498
4026336031
4193975807
3789027052
14670845
117771505
320924677
33230296
450678772
117045750
4211930340
502142487
4057981431
266936609
384824309
454169058
3863493111
3842950626
4059166432
4193445864
236257747
4244708116
553258733
3975479798
3506115548
4209706519
317191430
252058126
3959426051
4009424637
4160616160
3472423658
3873174243
4076020233
1024915987
570954790
320604172
386397458
320010758
221443573
4075348226
117959169
218955005
956429610
3841326830
4279035114
4108839691
83685862
453511666
454368562
4128055314
3842251001
266799616
32895738
387183364
537462057
3977180921
756349411
4142851850
3975536869
4076340451
470678539
167046660
3756051207
16056049
4245029878
4075292927
4041345742
403247661
3808881931
3453748189
117568759
502925556
118426923
34013712
3741838055
4277600766
4075228709
83422495
3909226496
220139251
84089641
4125021162
351993079
284630035
335078692
691602952
1174871345
320661329
3792305380
4042597120
4242991135
737605373
3994419715
892270375
4213179101
3958685928
1075780597
83625230
50855667
4261081089
3859875328
50399472
4060744198
98688233
4127531277
4162522878
4175821845
3724621571
4058445806
66378747
470088698
370544659
453580832
521670668
3809477643
15338497
4227867152
251522307
4177392099
216991500
167503907
218495480
4110618100
4177585406
51769378
3942845937
3806326765
4194036216
50523623
3823758088
98033623
4210230026
872484636
4229693700
3792366323
34212055
3220250
4127524350
3573871080
4109498380
4010148594
4008901880
201127941
387971564
4209444103
4245745924
956632046
4246071059
4159500800
4125944828
319036414
3575653632
4276379907
4246283789
4175821579
586671863
3604741623
3927431924
3807570390
3556514777
435887627
438570015
235146258
4009421062
49929677
789565960
67892485
3741443321
4158516225
4127386609
4158715664
4229829617
400621833
3840993808
183177993
4113043995
3906923516
299239943
270797838
99218164
4176807900
4009097705
1275719945
169939933
4228772889
4108399881
4060936202
3756000500
4044418293
3924164057
4042321133
67697152
3723621383
4076667671
3994215181
4262470598
3792299748
420491543
620236820
3724733157
4194569469
975830780
3524462587
49744360
102230297
420475686
249767432
3974365957
166982907
4143248905
4093316572
4159704078
3673692410
4174709997
3419866866
4260638723
4126602548
3923829460
319157490
4227526924
300739569
3757508101
416677376
4176932595
4142863366
185404422
4146142707
3842115836
3975473645
284691957
50076695
119208731
4277145072
34734607
3908368672
133692191
3892121327
3975865346
336457190
4027192591
251390198
4060942593
100469006
202764577
3892648422
151911438
4277665039
3959172346
3824482276
283051528
98565887
219290885
4261264879
4058061035
4110480683
371261441
285408761
169670675
4042406410
606929665
4195873044
66057441
185077258
4127328269
252514586
4262534154
3657575958
4192735998
4043372010
4026922466
184547334
101450238
4277996791
167179780
17690878
201192441
4194173940
66264850
3806525212
84159472
4093773080
617616654
354092303
3973901565
49288229
4126536178
4275418866
417863453
522067724
4044099555
4176741403
100739024
3623677438
4195604490
3929282258
385940755
2564852
3855406305
85387503
553137925
1228667656
3572759299
3269255381
3956088052
583396
485684482
31790330
3924624129
335991791
4159957227
236646902
3271218644
3686791890
3794012405
4108193513
117771254
218757879
217319702
4093710090
116584215
234812145
166857471
402457887
4244113647
136190439
4058966513
3824219119
4057990142
285213728
66130170
3689407524
183302152
588447998
3707101228
217712145
4224966147
736089138
4010016274
824440868
102168573
153748492
4226872581
4264958685
3840151299
657386476
49805867
130611968
3875725049
4193647858
3908044021
250669793
34742041
3958308882
353109491
4211014145
3575837194
4244176119
233893599
132571664
252249085
99414555
118486501
637733362
3909220117
4275761869
386923493
4076603660
4278123484
4060491029
102507760
3908366849
100726518
84085261
4145023747
4192591605
536404759
300736000
237625073
217522663
3775789815
4008572913
117561120
4243786994
4260046855
4076130580
185471480
4262063136
3808689436
4260627713
3927580981
4094621434
203629288
49666562
420810235
388575460
504503090
755690469
270522894
4244502997
48890617
134745100
4244762860
1075248134
3958573033
872552196
4229628689
115286794
3892975901
4025753580
319280660
3942707215
3772916732
117762559
4178444811
16381654
370150626
3721931549
368054773
286794262
356512002
201988607
4280286190
3875861702
4229110519
3707243503
119666681
4061341455
4176483821
250611480
200337178
4178837247
4144045298
4144297211
386146845
233697035
4177331457
389887
318320923
3758029330
4194826498
622599677
531739
4210884869
4061920262
4126543877
317583105
287187736
234418196
4260882988
203619814
51839240
134090775
3537831419
3907114725
1376770
4057335546
165800229
17965316
4260822282
4009229567
66197771
83950877
4261155804
4074767108
2041
4009622511
102375679
4177201937
85332733
284234258
152111905
4162062831
4280097810
252447765
200538609
150139893
3860732145
50201603
1050892
185927685
938870275
3960402936
286186739
386073331
4243785222
302978571
4143644687
116980209
4161729516
4177791480
4193383156
253094899
4245360904
4210886908
4228119041
4025744626
4159433718
4043503600
49810441
4261284606
301399049
150924277
3898603745
49359897
132375305
217504989
3692624631
568320289
134867919
3688820243
4256351977
351271423
4114933751
3806785225
4092985864
100069107
484298506
3990345703
4074114051
3722587394
4076141827
170321131
369948939
3909350895
3705271815
3891912218
4245094900
4061326320
3772507630
3910066408
4044038115
387912668
116327969
4193907442
4263191292
4244835088
3657040605
4126082059
84211468
3692158674
4026667746
3571441421
218424813
386464989
3239575834
637145347
3998495989
183112719
3960075792
200667619
3892311296
4211014904
116785913
3927893514
14946566
185466634
3792239880
3790800095
135730932
300818197
317719341
17303036
3606447632
336785376
3558802410
4042725377
402455818
4159307787
153226989
3975880204
69736455
218431494
4242856909
4027319779
4177723646
4125501697
17891354
3873826041
405400800
3892254469
3353015830
233564643
1276316446
16841741
4043701227
3639343863
669385759
4294772267
205082341
4058338591
183566337
676788996
51641836
4177131791
216453635
116060400
488114705
3858627825
67694801
185333509
4042850800
4293458935
100664595
320931317
252379920
102239777
4093121512
3962173712
3973502427
3958237408
3842770172
384041965
3994295793
3940158229
4228314608
603446272
334033370
4094498312
452585263
31514885
419886321
4039890168
250471137
3856660721
4025086191
520751615
4043369206
3943757533
250415609
3941601281
4210691052
250476800
67629061
35000049
570754032
118691850
101057558
181394146
4279693568
183695600
4130141456
3671719674
4059301365
3723031533
149751813
3858889956
3843294231
874776845
201252361
199293685
4193181948
3893892594
183044112
3688749028
4041269506
4178048011
4280478941
4228068855
269284384
4244834049
3639611396
248771570
50662929
235674916
186721002
4145483784
3958173951
168356844
15076118
4227722230
100663782
3927252464
136386058
4127002407
33095405
4108253203
199814392
49995019
118356948
3975733234
16257304
3908100348
3892977360
467983347
218239971
199688480
336981749
185005810
4279564285
3674667000
4023390954
454558734
4227596046
4059892200
4210165522
4077190136
4262531336
150205709
3540516088
418781934
453507583
3993438731
185865214
4244050442
269080564
753926668
4178969630
3857903865
3691242454
522920737
117892125
537330684
3959492846
370532336
252848876
49791251
604563235
706409983
4162065663
3991270382
3874355434
4093249008
4094231279
3958434784
4176599786
134941986
3471182019
4078890241
3776516598
4244832515
669053157
16059147
503572271
3926533117
4044299253
4097108740
4245558520
400700702
170451522
169089261
166986734
4059821849
119153407
289668863
4211686114
4228639989
4126281706
132115202
202379234
136251662
4091603686
83168772
621012505
3539471882
502543130
3691845372
354099973
3624337383
3992650258
4159957236
4144363511
4125485808
4276811004
3855805131
3925594871
436537590
4056542202
4126335967
4194239759
167053084
4195817967
16191984
33874175
84472790
4149156113
215219693
4210424827
3890804190
485687565
273685
756277039
318248973
3976393742
4210945802
403900948
34536176
49933308
3757704950
3840534515
4008764145
4194294276
4075493883
3790667508
4161204207
3808627950
3976261366
351863803
133819145
4231137284
919805
369818127
4196466456
435947257
4209565974
83888382
118945523
300817425
4145025833
17166321
352126724
368968438
3707568130
3958968324
4227526669
269806092
3942124297
216793103
4246081009
4211740672
3690199298
151259122
303827229
4160540431
469959139
4077454834
132773130
3574262501
169076703
504170766
83747601
4244233476
4094298093
4276892428
399385674
3855334158
4160424189
233303023
4261353735
4161278245
4076475653
3621974259
48947450
4126538479
318890006
4226480899
4110876668
66716920
301530886
436466436
101713672
402062334
320206843
570687244
150077690
3756453379
237113321
4125887489
3859470068
3926136023
3557224686
4143057679
3894081001
114488836
234410197
3672571411
4007250114
4056752358
337640197
3777436659
65864671
303239192
1833206
839921968
4227872040
4261739552
4094615517
4197251092
3688495071
705091325
355671797
4126083832
3690323694
66579132
533385203
32165858
219684586
136186908
4045584356
521019867
3927043857
4209438940
3992587759
268430834
4227857639
301396999
317979123
4245681654
4243581664
3792564739
3908890343
85394912
3739024640
3725187044
1108364299
4128645427
4228779779
82313487
3976460511
4244831759
303827449
3506180584
4042586609
402789108
183430636
235862053
486076188
4042134259
49154027
3991665682
518518267
706534926
755366881
2227953
3977643754
4225564159
4196076812
116324108
115994849
66779141
4025281301
65607158
673058855
3591113254
301466062
3858753525
537921262
34333459
3992194532
521469720
4244826396
4127454951
538052885
250157087
15923716
3806724078
4042851055
135400709
4278649627
118292227
3827168506
4193839100
4212522243
3840604426
4159964662
4177858287
3928488699
152512017
3724351976
4208913661
150087664
4226814774
319030771
4246146030
3958769924
15784155
31791870
334748671
119201002
3573158415
4145813770
3960469511
33161988
99284705
116523808
4077646095
99806697
4029026828
4125546475
268163321
251197692
150867217
4109892097
199489513
3538483442
770379777
4074637098
333850384
3621448030
300878576
4245228312
3860921608
48161775
708850426
66841102
4144500500
4261081112
655893767
4127912179
4126075091
4243515935
4178307825
3924884177
4110414578
721484017
3891127801
167646949
770765610
4294053381
117504269
219353846
3823829504
117178623
83306279
150147341
4078233840
369292815
4144370165
4077384987
4294247425
4227403255
3991465194
3826516235
4143316969
470678286
4260435678
859037947
4092382737
269880090
4262982112
3858433506
4043111403
3889692685
856621333
351999764
4228186377
571866358
502460672
201788178
51314968
4059496689
4043443721
4260359668
16449037
4010149365
505086974
4179174398
4210688528
4260165391
4126535135
4277859573
321262334
3809280504
3638356963
4058377180
251594490
34606362
335609606
4060610038
4211609322
4025943556
3875662315
82967538
4210813682
4195029494
49742349
335871992
4228772340
4210885620
571013129
469368079
3959358729
4007721709
16782355
4076730365
319163893
4261739260
4108838644
4077318636
673644017
4195033600
3605265158
350360080
248966922
250941210
456334656
3656838359
232654053
588191793
1092876848
4227201784
4294563832
4010018553
3672898774
4125489155
3892376022
519902195
3926392318
4178183138
4058570062
4044099856
318824435
3725528038
4160361978
34340323
4127119886
3907654115
4177144323
4278258461
4245093396
654373108
4161145329
3321947656
404420334
203359991
200671009
4092661508
4110613998
302974457
4009684221
4260233180
3843161854
3941990653
905185307
4193260573
15917830
4008899831
4177259498
202439417
184940559
3809017839
4010937316
4195291887
704442408
4244232163
185138927
4127849219
3742043367
3655398613
619046656
1110121742
101444679
4244049158
4042258916
32766690
3959029735
402130931
4278319871
167762396
4209380116
4210415149
4279762924
252447997
32310304
4126865421
4213964548
604183046
4178241254
401663745
4212596733
3659924452
67779328
217382148
3926720267
4007590904
4043429896
217843227
4078690558
235411951
201592320
4243198751
520884734
98234362
3806724359
4275367141
370801665
335151889
469887240
3757243380
4040682741
33160200
3825267187
4041349861
135265754
4276812773
3471108307
3723751892
4176343059
4074957546
3907776243
3992776937
3891133945
117705749
452985124
133828877
3336499195
4007328758
3996052946
4059886828
334754289
3791066379
116324597
3943622158
268898032
31981843
219016698
4060347637
15987961
4094164739
4009755642
4142854404
117704187
4059172597
4293000698
234303512
452849411
4176667659
704712453
3640206638
150143245
4077519380
404031243
451078706
486806294
186512400
84798464
4228253967
99613677
151125760
101447686
842848495
690557949
83431958
4007470072
3908632299
133500667
3823958043
4143315706
3757764109
4209249023
4279378694
285805037
337643510
4009887490
3890344164
3924034801
3974428901
168684282
4193380879
18610190
50402833
66590240
3957776876
99084019
4277009401
4145214184
334823947
638583818
3472944142
535167776
68345391
168892369
33626130
4278911243
34868748
4246869009
3992977156
132380668
3825139954
4244641028
84085264
3909162006
18150898
4191875089
3825334285
4143249119
4261277160
34602261
4263453938
51248922
3874881261
4125483504
4025997053
503836358
3976590350
4126868211
4126150632
48890645
4126671358
4074106621
4077387527
4260888811
186129702
3876515818
4162779659
4160288764
304478227
3925872905
201266705
4230019842
403370216
4177332232
3689875726
654245127
4210356223
3861834708
251525864
235332874
267979521
3923309543
133554919
4211734777
3790150911
4277802756
250155548
3992779299
4277204474
4141419288
4279642093
285022487
4127268337
100858615
3958503454
235201506
774774770
4060744444
4026267393
3470389773
4243518980
3757503196
199946475
3809742581
3488223749
3841062426
132707061
3625320961
98366456
4076524250
200406287
4294246134
4241813281
235070439
3723358969
64483568
4243584002
4209434363
4158837488
3941998321
49151496
3838374866
4143508455
4228313320
417790188
4159637524
4194639110
301219355
66264889
3872638233
3759276263
4243670277
252252397
235212547
234158854
270013443
4243585775
607981045
539948064
233515796
4095537943
117509893
4246011154
3641047549
65550339
51445749
655820267
4247983374
318238733
4191356697
235404530
4261805571
3876520966
166985719
3809475077
3974759411
3825199858
33812711
4277204977
4227924970
4194893047
48306177
219209499
402588401
590553354
4091472401
3909417185
4278647763
101513491
3723161824
1306605
4244375554
183761408
3960597258
3657045743
4074825688
3925605364
4109569513
502006030
3691965975
4224907014
4109755889
522069497
390526206
165676311
3471768048
51324106
149742064
4277210104
4090817814
738591737
3960270286
772670485
3993237736
4043048686
4278254864
4244113418
117897981
17498115
133498888
4178448391
117113091
167707131
83698957
4211601679
587408679
3992254987
68163583
367463705
236983573
3976793599
3741187583
3437176050
4261214496
4258455772
4109835518
99938303
3675386331
3890866201
165928655
3642424539
254154274
286451972
4010020071
4026790654
3840866011
333835299
4075156472
4259900915
4211936247
115990004
4210625263
151251695
4109566968
352522254
4045021463
4243722474
771939629
4129426176
383191303
201591565
16903161
3707372271
217646324
133427206
4025489669
83163391
351603448
218425367
823593719
4281668361
266991603
4210150414
100595436
302711561
521791465
3878613994
3621583065
68088547
3909747964
368575988
4011731465
3857582605
301850067
3674607330
3993436917
602800889
4176995314
4278448354
4127001082
4244106236
85851667
65270526
84923377
4262256130
3939619036
3957783271
4210618595
4145019910
3942251777
152435149
283109604
136257049
84474096
3791912953
17302252
4092589801
3877370611
4093250533
3976723215
50002196
3741057528
571153692
4192734226
68619263
4262138894
4025218570
4294513669
351269634
3471113466
3824679387
4261090584
4128498434
4228645328
487197441
86192688
687401234
3643866880
101639423
3707495388
4128187382
838987771
3840469045
235278633
4163369226
4278061056
318524457
4059885326
3808756460
4095868141
3874816783
3823566837
367985180
705559551
3593735654
4125697811
4195417332
3721061906
3435388685
4243710727
4159635451
436007654
3774027793
166521363
538179298
33357531
166585357
219080983
3356160205
168889833
4262068728
3939625980
4090878213
3959286502
720122921
32630570
136118026
4245421061
252706064
83162365
4108182773
3824676847
653259766
3943435537
3672374507
3940220670
217914104
3721582099
4110682356
268045573
404614667
335808744
33624329
4161072649
3924689409
64681193
4245819661
4211145982
233439230
83090698
4244765409
334881780
4159376897
116004883
3972523786
3874940667
418181629
518587898
3976594418
4175169772
4178570734
4010811091
4163106286
234947086
4092726008
49412340
4160684804
4042982383
319429386
250607113
117759977
3925539316
16967402
269026799
3976792064
267188471
4143775492
620041225
218826249
4111274254
116582121
4043575283
3908240365
4293981429
18415625
217255684
4076468497
234487294
68875780
16844021
151389709
134347784
4075877355
4094161647
4059102210
4092329980
4177065972
4194894553
3909155833
4160028382
134478341
3909156324
133892607
152238595
117049856
4093773303
4261607672
3641118488
3872924395
268568352
4294764020
3674936344
82702832
3826578399
3706255894
31583186
3875204840
149221630
4262336745
101449733
1345063416
121511666
387180545
4060931860
4261490921
990769170
3991476496
4074
4212853293
3671838969
4175102458
3472039482
3721990136
117171938
47706304
489580329
45572646
59954035
916106074
107057068
849648007
58946721
7895518
260927547
939977117
957553464
140843434
1038266261
219242570
20280004
938508859
60233671
149359128
47841029
36962965
938863071
944112977
1031696200
182446103
103000837
922395399
972356443
122055469
788855861
184546292
516098684
4194368262
420934654
3874293764
3975083525
4260759042
3840403186
3942184184
4228048151
436092175
4177593096
3926193683
3824028680
51314436
49547255
3757700607
3842179323
17036022
4225105682
4193321747
3991271922
4277084646
4293987876
169797394
4077127903
3791321332
3875536628
3755150792
4244633572
4126409214
117768686
3808565765
4210815969
4008839914
4045010188
3890294517
148829187
3990742749
4192005629
384763369
303561739
3926390499
3790860807
4159306445
3759732212
119081203
99552762
83227929
4024891130
4263308295
4261353446
235080452
67959564
169350900
202046736
4075553531
3875271944
267980284
3941853666
3973897446
4126987774
4044229096
3739478012
3790207957
130286
285671927
4007980285
281735179
620226303
4179503075
3979293743
252768763
84862236
4145555925
134667777
3939621630
150205684
4075816947
117444359
3991863787
66914285
4244635940
4212523502
4110489332
789307631
3925732310
3925600728
318697238
3692952836
4191679715
4261478626
302577163
4142930475
184944126
3976204279
117436408
318896902
670822633
4160624122
4027445498
284357859
3354989802
4178319346
4159963645
3773240844
49352941
3909158661
4176541434
4078171882
3607881935
4076795363
32962805
3941198835
4260822259
4243458300
235858422
3807701244
67959801
3939891191
83679997
3770869752
19068156
3590592017
4024234484
4161209586
3725916418
3941602021
4227129330
4043308536
3622948335
134019820
284297990
3908302567
165664770
202310140
152440307
218633786
4127517174
3857708790
31848190
84144118
4042855891
166653962
170337036
3944086557
4008768999
320863490
3775073787
351467305
4040814590
217114399
3791776015
4210695416
306258943
4244758272
3622514174
185198572
3808951533
370284560
185475576
3826777860
3857050363
3572298218
4076006905
4110938108
4277662696
4078834961
4024903156
974726170
3776394984
4024233961
4160290049
4130149120
501756195
436544787
3961853714
4211153163
350619406
3842250512
754390764
1836087
433066030
3892175098
233581290
217714695
283182087
438897417
3673622789
4259526156
4126540776
133362442
170126810
3757374462
4092978668
3941266410
184865786
3472298463
4176740106
518973441
3825601535
3991996143
198707458
368901618
3856004107
435875328
3874747387
738265354
287644714
3842365653
4160030710
199828728
451604742
4078301941
4109230336
4025799639
3973308903
3806714342
14869244
3007496
36119559
604517661
536612121
17368374
3926724637
4261737993
49291309
418715393
4262002949
4008372713
3639137505
552791525
473041675
3891919354
704116718
53414404
489364498
4075225870
3690725883
4225953288
4192731379
288158217
3759739916
83892310
3723829989
4175367708
3689541097
4294765303
4260561114
4276278748
4059228161
3806460659
4028832775
403384623
4294379286
250018818
3740606964
301925888
388625178
66986999
319946001
3958109415
4026860008
4109493507
4228775391
335142657
369305597
536085039
235606286
4160100659
3711042275
4125427666
199298828
3775128798
4125810168
3119764717
3540582860
457704
728081
115865859
217443595
250351091
572587537
67250695
3423993627
4009889541
135658781
551683843
3809464815
3975933917
4243783399
4243912702
4262987778
4225960216
3906656239
235795490
4062184485
151069719
269687373
468386855
351730693
4277467650
251266558
4059559962
520687359
153095683
16049160
3924489480
30859771
3943357173
4111533305
237255453
4127795212
251995637
3958319879
3556231139
3471319731
302175245
185734625
286852904
286068957
4045541145
4228447227
4246403556
4210681324
3335833052
484635644
3894017530
3759409660
502072595
201444865
4127393225
4044619546
4124503250
402967294
236650253
3725722590
4191543804
3942706424
3891919850
133499393
117371432
48633372
4008888349
4276938238
118683903
217705703
4123321336
572774889
4144500747
4176281095
4293842706
4061074911
421399543
152375829
519108373
167773707
251060719
588241676
251531017
721230113
250408236
252448005
269742569
217178135
505547812
3961597991
4026277088
3927052021
3927778796
186126625
185924114
4141741818
166787839
3875860478
270455558
3724733423
46929659
3840603140
603912153
3992716543
4175945988
117510365
3524131592
4008445160
3738824169
233503486
3908292358
3940283383
3638819322
233911344
4109295646
3657101031
201782774
454878451
4230680831
3994608607
184030702
3755473653
4294304234
3488153360
4042190314
4144495371
353635580
3892981759
4225568262
603388182
4128435470
251845610
4280809470
4177720797
4126013915
4229107200
4127594247
4109969141
4243061255
32295149
4094035682
3991066867
4245096229
3809545506
4076403422
3842972913
51052296
284422402
4128897540
3304393430
4074896873
3942051571
3773818341
3841985553
4243782669
3859415272
4211475962
4126933248
218565383
385485806
3926911987
266862065
67830551
183630849
3774493199
4278187277
587990047
4093638922
370868201
4077521930
486415894
1310236
471006982
522648594
4109894408
3824868349
4059170793
4210752758
217843963
4249417728
302189813
318242333
4277464571
82494702
4044360951
3641382393
83035145
266795510
4195542039
67244516
218758406
35050727
151194066
133430811
4158778355
149675760
137236956
337114110
14680315
181135080
4195354847
4260815629
4044491796
267262236
4227922928
4011522028
50396395
3907122951
368111337
4146196720
134886892
4128709657
3958432499
4194375119
64741110
3958628857
3624802025
81918473
4192269067
17633243
570293766
4211744016
283502832
3978949646
474690822
235736328
131074807
4126618843
4094489631
3740916940
304020956
3958641155
703000579
4093175297
4208978951
3975206624
118085613
3906990068
4076074244
4227140090
3556971790
3939293657
49809171
4077917141
4210823676
50139150
4093378807
15539752
3991665164
284157441
48885500
84412199
4294967066
99806694
3890411755
4294442247
3489072125
4225367794
4247710707
3891466470
64672760
4196597230
3808894478
252640245
3942391821
4193386001
638911737
4127783963
4124448514
218875387
3557359377
4143117026
31919357
3858434298
4293725208
3773162992
184088820
3908632034
672342288
4178052631
302256081
51443679
3942119167
4161339895
3992645345
251586039
4193320457
3892179415
688458248
3928231176
67239944
4127659508
686627341
4176669454
4277863922
4145351683
235792375
4178649870
4278772991
3706989820
217383439
3772968940
4042779362
419029999
3662218510
3876328452
65869578
98244374
589107446
336591362
4247779339
4194694914
135403554
4228649222
2935941862
166392524
118097662
84283411
3992385545
4009092921
82834166
386669047
4046134788
234159877
402132261
4044419355
436065001
4178052078
4193318432
3857910511
101849120
3992442869
3959825140
185925858
3858752732
502658306
472189958
151189233
4211474162
300931295
4276748794
3306482196
165932282
4143111632
3891465726
3485268453
150539026
4291097868
4194829790
184548870
3994424569
3841067492
134487328
3673950209
4055557103
2105325
3757700369
4009026527
298573534
4278836724
66318349
3861192192
4211076559
68028939
401605370
134286362
4041469419
1260918530
401623075
673710554
4097318424
3909482993
4092724953
3338741241
3791184884
438965016
3590130937
488299014
66721281
3978817289
3809073391
4176478195
151524092
353174026
33950213
4161541409
919931159
4077847297
3707626011
249951996
168753663
4280101165
3573219607
536870097
132378866
118084587
4111139833
4124892385
3504853751
284677851
216007163
4162189080
4091803425
655685665
68227857
573242121
67903252
488102415
556140052
4194759163
421010446
4227591700
133110809
385417992
4263055887
490285864
4278584084
368306182
50072323
3922463245
4160482037
3876390663
871507198
4261736429
50591781
4209962752
3386504174
3556168681
4075875320
4126942705
83750923
151516664
3588753158
3841059328
4160420868
4093835017
49465567
250273007
553905908
219150845
3656179168
4244048625
51779337
4193122279
33947643
16575743
303558136
4092655605
4211804161
3740138240
3875142871
4278190849
3892908807
216136433
4062373617
3839692564
4109565175
234359593
4177978109
3823367418
3624665091
251650798
353040162
15725319
3957514969
571212005
4279578109
3572634672
4244836824
4029137676
3992387560
337894651
3991068401
4109890270
3756252174
3976000235
4025810147
303697908
737868315
3760455961
4211468981
3926391533
856161538
4144366331
399765495
4092585218
3083201014
553380852
4061321714
301987806
536353558
98960395
4246016238
4144894715
4077201417
3906590450
317843420
186374658
116196074
184883212
118099988
4126537231
198636005
3959348979
235534557
99082973
4210691344
319419135
4213056247
3908633866
3857910250
4161867792
3874887398
4025289967
232383750
4276218877
117566204
3455967441
3218213331
3909676502
418381826
4259767306
689500909
4194566369
3756527880
2816267214
3925282822
65730818
4243118369
4092201494
232970720
436334595
169289710
4262133010
4276154139
4006859239
4125875949
4194510841
336003866
4008969753
3991140840
385475591
3826182385
4094440439
4294575599
31917861
401667047
117700103
4043703556
4024823254
284359950
4094495506
4160291837
49540861
504038138
134806545
4162260739
4244972273
51124728
638132774
185662746
4060546038
4194038795
421137172
4177070877
4059368205
4110743284
4010878981
3806330668
402515685
874318116
403247867
268896545
4008832516
772599564
4276833045
4230023672
4062247946
3975480820
117508368
4159306729
185265930
4279173135
4210819057
4091416305
17689858
267723800
3959422212
250609404
4026859004
16384252
4227343100
284105490
4091086107
3908763922
3959491850
168298481
217900817
168688903
82124035
3973369326
199615214
151706855
251656974
4162452985
317781504
3940345102
437580254
4229888466
201712639
168228352
4294255884
4028550132
903943469
3724477454
637410562
3757364204
3655271913
3907256812
551739893
3976594423
621485319
36971772
183957235
84940283
202835747
100729836
4245812251
503900659
4143449836
3575248398
83887092
151782369
640551705
14936804
253698574
4243587360
3757309949
82436849
638648087
3825336827
4194430224
353632254
3772508901
3352874447
200342238
4111207190
353774573
909187574
456661529
3640336142
4177663974
217581051
3909477365
4010867696
4091735530
166910971
370420004
4262789924
3688622583
30337785
4244306730
368831469
3639666927
905047290
83034645
235738634
705235983
86189584
3994886693
4027582232
3453745640
101388498
3520791810
621858291
167580410
421195003
4161137673
4008705512
268036845
4263708925
3773694206
182779398
269089287
4228511984
17496576
4209247492
100339708
3907252975
620360185
4227533835
3822844144
3975671500
4058121694
48559367
4162333708
402332176
268827163
704311794
201784848
268633572
4294576655
4226673899
4142393624
3974429679
460008
219021553
185661965
234354912
218300436
50328329
150467327
3673813218
84805362
4007716079
334231784
235405821
4261418265
3906398692
84798941
4127195918
3976657679
4043378932
334890525
98695663
4249542865
233572331
83499302
3589923039
4091945459
352065575
386400018
3892646880
318245907
371654405
49673741
4025417966
3790863389
401138173
3894876161
4176537051
4025545965
3911195900
4161735941
4041474021
134417933
4042457087
4259906551
469432551
453836561
4042329879
333908018
303954190
3656384519
4043039739
283374087
4245419001
4211354127
284369387
3907574288
4242544155
66640410
52033760
3822651373
3957784321
183951628
736150244
404230171
33623307
3959035620
3991531277
621478370
353305648
411429
671553049
85126143
167833607
3321954775
3924551427
318311384
100463122
4192921817
4126606078
4228186115
4210097657
823124450
386791941
4277857796
4110417647
36244717
34146314
201196287
50135319
334558459
4245155082
84339176
82117116
337313266
3990162675
34992150
4229497882
739633441
4211090444
167193875
4127385642
4243389173
4110671848
319481091
182833398
3976323819
4178451452
3587433490
722209004
555028542
4278517237
385810937
168616216
3925205708
218293200
4110875101
284812245
235608842
723915529
1438720
3741980949
3788636382
116973804
4092730616
3926130678
31846669
116456466
3758691311
303367931
4107937578
487858141
185009957
400956145
4196927261
3941603341
4059228115
200803289
4275702790
268234269
336797444
102035466
334064
49282800
518905578
337052443
519563789
3843954442
4160033283
421995550
3976602381
3990609357
3688287209
266455782
4245614818
3708095474
352645879
3723816685
135129857
4113107240
202445536
4060085774
3757959430
301194727
152046334
4179556320
4294901015
252185632
234682369
83562969
3993247991
4225561352
3739479810
3840074974
4043774469
3706977267
3824939534
3925803767
281868519
101900299
4226021602
66593045
368839200
33620783
4212713450
185603320
386669340
302714389
4195554310
4112390167
3925475822
219809775
120599067
4160097553
4126732778
4178637564
4128445956
4128581108
333314314
285728539
4112582878
4127400189
3975407102
234026988
251200526
4007134725
3991918852
418904818
3994351068
4042063077
203035641
4294777601
3587701522
4226805503
4143982093
3975279886
4076407568
4229640211
16990224
4261149169
3656112884
3907386584
48687856
201456901
4109961229
166254325
578298
3992128731
3909407967
4077185496
4144956917
164945136
402390513
4226879232
2502196
50595576
34472192
4008441842
251132403
200401674
4093507820
3958372579
3808362708
3957788676
185066745
638712341
3875398354
4178377706
4060885763
235217450
3788762880
4127913468
385805553
336133401
371196140
48945401
51378925
3756724233
3855342308
4159561935
4277528838
4061595628
3991925485
4277206547
252444653
672538659
402711049
3926652908
117767159
3758421474
4006997236
4143773418
4263508460
4262390004
4076074483
619377664
3942505427
571142105
4279301905
4210550746
4159241960
4227461382
201002297
4076463096
17963258
4209973758
3994084358
4126869735
3973574147
4194045698
4177857277
15988989
84738061
185337063
957815070
3741195778
4058643189
3991134172
4177322485
4260168682
4193185526
3959491574
4025560076
165148704
4058712057
168236041
301918972
437125140
135267086
639560180
152895999
4143454456
4075483142
50336243
4109964551
318237951
3958051339
3874749937
402782484
369492987
3942118916
84544020
503178245
4046190590
235994925
420940292
4259963427
3888441061
102880223
4127456727
3991341814
4077448427
270146290
3978039579
489224174
305141787
4044157709
3977830855
4244372202
3976594152
821827101
3153001510
922945821
203765024
4227602484
4282391085
3756857848
3775664120
822811659
117975604
269019386
4143445757
4244575750
134410492
3907715055
4092004614
336328982
3907457785
4127253753
4092595722
534307565
3809204731
4277726459
4294896886
454135
453446153
923533615
49551102
4177263334
202242584
303102198
4059030237
284496146
3791255822
3740137721
4092988415
66119371
4243589648
2757150
4275436797
4274641663
218492419
353893880
4178052376
216987416
167114477
3925808620
4028373813
3723296514
401077242
203816697
51262487
369485305
4280358879
4179505435
201593613
34797067
151587859
349691942
370212082
421005833
3960864023
4276811003
50062576
3504731139
4141929205
3976264181
3691573216
4226871023
519707934
4176151097
4093771773
4008834801
4244314113
68228096
71426
4261214740
4275957500
3942773724
4178176783
4026595557
436205550
3809610248
46398488
3909284346
4041535734
3978622928
4042526222
4007519975
3706315251
3422618861
3892047114
654905610
336002584
4128114180
250215929
4144692726
202439174
234481646
605940963
3875589154
4194754529
3558214149
419828476
100069354
4060476389
151785988
955849551
167975684
4160552444
84999174
4059757569
3858095594
35269650
118810885
234098148
3809407972
3758499075
134554875
419557144
85849335
4145284325
4110358016
3673480677
4227997939
4279038246
4193515517
100460013
185274147
235469327
4058249966
3924229099
4260564213
4144363515
117375491
4194044694
116394228
4044233489
3872972780
3605463007
498785520
1642024
117118738
119473934
1643524
4175360761
366730448
4094818812
4077123053
67889909
50661390
83891461
3910405615
18345987
284764162
3892045334
402588394
51316738
4009622765
4092838380
4278904790
199027154
3505319673
81185772
286264821
84669946
673191171
4076071424
4126534888
201453549
33421298
33091839
236911611
3857315577
739185391
620896040
3825992196
4244110324
4246276106
3976930812
33352715
536801551
4274704094
368967677
807862784
3624339167
4008504053
3874355675
102241294
4124641007
99673326
3759538700
369749485
4262520559
3506042618
587540998
4281138454
184159771
152303838
4009750788
3877245732
268368626
319566603
3842375939
201381619
4062705900
4146601947
100020974
67492645
201193682
4210896655
117504007
131789856
3690188265
153094596
4043115778
4211005424
3890936051
3959167511
4143310043
1061488391
185081647
34018073
3823100673
3825066993
517402084
606858513
134938358
4094233853
3975087618
4143710458
3944542443
16446967
68426244
202705675
554895118
4180287490
4294637049
3991594744
300291090
4279564054
4277200866
3809934848
301189338
50327032
70655743
3724679681
3939628540
3892971264
3942906112
4244309003
84934910
203353596
4193128189
201655054
167512054
3571836408
570090493
269873419
49864699
4111534061
586927600
4077918997
3722774018
302182647
3959884030
3858232336
3806525671
82649068
4261277203
4026204142
388032775
202180043
69654764
3875868930
4110872039
4010351352
592356
4278455311
3906273543
283967229
150730767
367645427
537453584
4279561722
201984269
32701197
3976980978
35002115
789391387
4062518042
133819146
4276153576
15335693
3557422307
3975809789
4160880137
419507218
16124167
4094557714
3990881248
402972420
215936272
4027702522
537461233
98433262
99801319
388097304
3791396592
3251698917
3890343406
602268673
36442343
553777164
101714919
3989635573
3958834188
4209840138
4128307446
3708941532
470291704
3775149594
4125952548
4109701139
3909614318
168038658
4025286637
66064922
369090327
451936274
217449470
4210873079
367713772
3976261623
4126469623
50457325
3706980111
3739224571
4229102340
370481925
522401319
117570859
135063539
4125624574
319092762
3909940465
201061119
3858694898
166467834
3857180937
235665367
67907134
354822656
386330627
4161870375
298645255
470931223
252967416
4211016981
3907382259
269018892
4208782851
3860471570
470225418
4196084273
4126993364
3383618546
4110745578
4007588107
134083794
3959812860
437524739
236058123
16710174
33297960
3940998640
3909093089
4210878962
3959231750
134544870
4008180487
35068176
4195359233
34016519
150994428
3520910349
3621447639
4008637662
4211411451
4077255191
435152129
33294328
3942054898
3925411060
3825606655
3893428442
168158425
822206209
4079690263
118420988
49739779
3841198337
3908825579
3857776912
4227337751
218364910
4092590596
4125883922
184489225
153283834
235013637
183632677
17037823
4258977531
4227845104
672858631
706355484
4261154599
3944354050
451414303
641330433
267448079
3542350831
50463477
3604675826
216131334
453496341
320342790
4128697830
4110289142
84797688
3840737526
4278905330
3843027450
366079950
3703775267
4276007687
3990679577
286322676
16120854
149558293
4111135503
268641815
538513439
4110424328
4026720524
34548224
269357595
4042853879
4195221505
36454667
3891724299
4226154516
186185178
844305676
3639865872
3991266541
3841524724
4240958725
459776
33226479
688853516
1077086253
4211750162
82503412
303033067
3956204796
2101748
317002007
3739547679
4056407797
519704332
4126338061
251924243
134542850
133560069
3389979400
4108246502
4260552956
134025758
83695606
3690598901
4178242768
722086936
4109436471
4143373033
405675487
4194372628
4291487978
4161206740
4061534469
300278282
739114751
16516892
855438323
640879936
219220746
49608994
4294304264
98967554
46458868
335343119
4176151299
3623805669
3789815015
3521046768
315815674
286132474
4279055385
65601532
807395316
335809047
4011265792
3821795307
4294369525
168561642
387446809
4060081921
501220117
320662540
168167442
4175491588
4245539075
4076270576
332385753
118622244
3992258569
51582456
3992717608
67427323
3991136470
15196652
4110081539
4291224557
271854335
3539152137
4260033527
3891329522
653850356
369422613
4111720204
470091497
4226016500
4243195411
19338998
4129431053
4126018568
285940475
4143052043
117369593
4208840710
4192721898
3589994759
4125218788
4110747898
151653892
792006413
4277605145
17232408
3840864212
4194043682
419170057
402319395
319611609
4081972955
101720565
117507049
4193523749
266863851
267710730
4193710064
3807966941
504632347
186189063
185136669
3623813106
4077322475
3771454187
4259107514
84087820
4161407740
4195941873
3876515303
117182191
217189388
4143506678
3554341856
3757828060
520690150
167506450
4209113647
235660292
4227855346
3724343773
3840416282
3957584099
570676976
4211609811
4278446613
4158777083
4076535796
3790536193
65341447
133035023
4277599489
352778784
3453811964
118032904
53613335
4061204224
605359616
620565498
83170579
286326533
838143721
4211341301
4025873899
4042195931
1178653
15601657
4225489969
48230121
420801814
152768788
4178251261
3992782047
251268097
202099158
3926984712
3675461355
3942186753
33746392
3875670516
3806063609
4056673008
234229486
17033202
451604214
134600944
3421309462
4208913618
858522635
371789828
1057222200
4262852324
102171139
4193319156
3891327739
3908173571
3825600511
3907447302
963564
3774146780
505085446
789251855
4226346502
471262191
4225969152
4078434545
4210096381
4293526542
4279504909
185994296
4247453193
418841846
4196402177
82052117
286777348
205069029
655362825
337313291
234479623
50526471
135270166
3642361073
65923559
435218944
236717326
3960084479
4194630161
3790997741
4294318336
4275762691
450548471
4075613671
4243980019
4227655684
115734012
4245544934
504694834
3974962185
353892850
234818830
4175487715
3907906822
637526504
4045467153
67438318
4211405046
217583345
203760149
69539370
68957189
4260434448
150400495
254136556
50929404
4262532343
3907649522
201129997
3959816438
3924817143
3589734866
16514815
4193512431
3924487142
453314307
603837195
4161272323
118029062
2884168687
3268018681
454555906
4177657595
4208779996
3908894452
4008968445
956689888
4027984383
67337
168567297
450689050
4093832491
4142134771
383318792
3605193462
236127214
3606703087
4178642666
35065589
3672114706
485811200
83293701
199628029
1123874330
620624638
304609271
3772327443
4261284333
505740773
4229496313
321119997
3974358526
132901360
102233872
3977314568
4078898665
4007782656
4094290165
4076726527
4210691313
4275897077
83680261
484560150
636476382
3927438601
200413692
118477859
4244695787
3741649900
3958177279
4093828827
4227204348
3708741616
235669004
3926921703
4128896518
35714547
3990884077
252698609
470936338
604501767
4109759943
149669350
889986090
3911849219
65337847
268563708
4129949429
116788479
637532168
118293753
353245962
235671826
3959946770
317334018
100064331
3825133535
15863553
269094115
4227007242
4243000065
689239101
149548057
254334185
151454208
4228643100
4159311104
49735926
504898838
655238917
4007983887
35712254
3758032374
4259445224
66456585
4094162965
4008770554
3891337440
455522783
4025683736
4126728961
4293863938
537328129
18021623
4111406338
4092005395
4111997967
4227142679
166651690
353036240
4144957972
168631309
350087178
4059088096
117440285
3505513983
4278187227
34280468
3623544315
486340072
4109763876
83560698
259823
286785021
3909282316
3875597259
4007260871
404156134
4276027405
570818855
534569261
725013987
3841912090
3773165023
3353473252
216336854
4244500475
3859213806
3807968743
151054328
3890675439
353952004
4293976061
4264879871
990647038
68423496
49415410
4145216795
3759345897
591611
3943763687
249683962
3873234665
234874610
35591155
3975935734
4091476995
81977608
4246459635
3942316753
3977459479
4009435908
300484104
3573875729
3706582011
3774219743
3873432070
4244697567
403571713
3977639641
53089536
69278725
80992496
270785263
502988804
316860176
4062567149
453640450
368894738
136570320
266403624
233695233
4029280988
4042269968
4110086397
371529727
166795770
4280359988
3875013374
1090777607
1059646732
201058072
705354732
249229549
4246524178
3958314463
3656312320
4275427796
4194503671
890636830
3809676304
99221740
4193319970
503387912
3858432790
3758890255
4191226111
4246928638
366806791
271318023
654251764
3923576565
4108845838
3924557548
553644807
839846142
488373003
81389828
4078045960
4077918445
635958274
4160815361
3338801131
584655646
4161082916
4058116086
3202078965
3369269692
385611012
3589476608
3402489824
4058712028
405015551
3941797155
4275624991
3877126686
4041277168
4277004549
3908436971
3958116365
318566149
4059760619
33479449
804719650
270207789
403903763
4276683003
4061994529
166927112
3438884871
736754729
3976419114
3907714262
200866048
135073299
419883808
17299761
150541334
4008763151
450298892
303096595
4114352903
4124577526
4244238318
3910408455
4162454003
151457026
34275844
351664896
3654105629
3923637741
4075096351
4044359440
34936296
320147212
3691050256
200009724
4043833859
4195549936
4227861776
3976656904
4294444281
670701354
469438740
4162448410
4045280759
131926517
504953854
48689174
4095081456
770109704
337840395
4261538327
219090652
4160878113
3758291686
4262389225
235937789
453973271
3959225090
4209574140
4195359255
116190709
150999537
452390426
49535693
200666107
4028228552
4142998020
3842179357
283438833
3823697655
50989554
4109110286
136519440
3670344678
236974341
4112183509
602795548
1645098
4261282560
4093041886
4008564192
286780916
3708285955
4074963408
3805079524
3674857426
4244372217
286460938
805636664
3826318571
33225984
4261611047
3993764118
3823956222
3908238050
234037004
3808297217
184160983
4292865275
4277856268
217509910
351849906
4023443202
3706774773
83754753
4294573547
788194048
4010867422
66850574
622594597
172491743
66065425
66714139
3994545165
286126327
166132241
67307245
4193119510
301465344
875429864
3439650018
3792109031
4143572219
318910464
3909027901
401072601
3959296019
250939881
3992914909
68020463
300740367
3725469220
3941985236
117311972
200405769
472511216
3688762600
3995083545
4026068456
4126077669
100538632
555154693
151334158
3474522118
3863347445
4227861239
218373624
68427522
3774933282
4294829817
4126807790
169089808
234484983
353830423
537793060
3893102075
3906471666
3874883818
4278780418
4028174849
115405566
3727158513
284820170
3774077425
150992618
3740407286
4026984681
4210360060
4059167233
4143838449
4226671606
3974751706
587854540
3964094262
4244702189
454357235
149151482
537277703
352844823
17495042
4058516999
3908824033
3907451903
14348524
4077513706
3558796293
215738873
521278927
253690122
4025876714
3068993762
62448657
369094407
3958700261
235341345
4092136458
16254970
4261091080
4176410644
151121149
4144499426
84734950
3959559896
3691059454
4275571216
3994618643
49808898
404749288
118295317
553321488
4228381684
3639537903
4276423169
3824675303
712953
350950430
4243580941
687592975
4010408440
67505654
4144171023
50722314
4294896651
4245235423
3826647563
67372477
134935328
100212203
149749528
3890214654
4193453300
387577609
3940015628
181202689
81840100
218292778
152044539
556528633
3659008465
64876800
690615019
4244896546
403897078
100203523
3607366641
3891525124
267506924
4144496081
4262462745
4160093155
4127653100
370609659
368771574
3890413832
3842768687
337177341
319033856
4227603455
4092782585
129788
3839877859
3958042105
250348019
4177985554
201461508
3637759498
218634012
3991476772
4211541998
3790795782
185138147
992350228
186455072
251135230
217638174
4010212864
4293593623
4194571012
3925673962
118568986
3976859621
4025223129
4074559735
419693797
3893302526
67041306
4175036919
3875722724
453110489
3690459929
4176540644
4024303351
285670131
4210886932
4177528309
170467077
100936212
68613415
4059360509
4144502528
4159825889
4143642856
183758837
3926519268
4058837518
319095315
83501307
873264636
3084282
4126605834
185995253
4242997234
33745651
17766141
50873350
655028728
3325114392
285598974
687201797
4045201911
1139928042
4077529601
4026464231
167840786
3487431934
3856459250
201461251
51123977
537592316
4111734037
3470067723
4126859544
4161140744
234688792
606354182
706625299
169610504
786824471
3561091785
4157687574
252044807
84081895
4191096591
1057025814
421716220
487853860
603734032
4010015018
337061386
4244837927
235997424
320868866
3756459251
1007284488
3654623253
353492171
334558203
470031422
792204288
137177603
47841024
690033687
3773358615
4179884556
4142853874
4078240524
4176744436
3593014793
3339197190
4128055527
4227994119
4177776870
3756910811
99948061
3974365432
3805929432
540686842
3372868076
352516856
335802367
1043200759
339533824
3842250467
3978360076
3976991243
99627750
300680741
4210436120
4208519157
571670013
303765276
63696665
3724871433
82242526
216983036
3961649187
3840214499
4258991097
4061518356
535763442
4246008586
3490110930
4025684687
3942381792
4259911408
81975803
4007579676
534829054
102437894
48819465
892024089
1024655184
4260622081
417789226
302249205
66718981
835582971
388559344
3857709077
519385085
133959491
4077512690
4211739631
622127093
3824478478
3305435131
3806268651
116389371
604570632
420080917
942867217
3961532392
3858624790
99619831
723076429
50654261
318119916
4210555388
4009946336
4027848955
4043507168
301859333
4161143600
4275631612
4159498497
3454923242
1058014726
252843324
3974489328
486338055
301925910
236661028
468375829
3792123665
4244706062
4110941180
33092065
135135745
49607424
3842958067
3876330962
200929007
33946860
4058245116
4176146974
132579302
286463238
52761367
252768505
3943831023
3993500684
4243798805
4226931721
3643936769
3992261615
4060807165
4210227700
3960345596
790045442
218178088
186064394
907413314
452856083
3792624887
3942184418
200273901
318512654
1075052825
3443327471
3959810290
285161471
4259247102
519234062
4278517526
536074997
4089910286
3910459101
1054069475
470813759
170328059
150409261
387056598
251653635
555090196
3823309070
268498962
4042586651
4109818600
3540912097
202181401
4245101579
47048262
608035338
555503858
318974990
72034356
353503493
4195426566
4093444593
670829839
4209772330
4245481193
4143583231
4278057958
4109823466
3857055465
149604592
4260105200
4278637841
201791216
989788461
455941133
82766874
133497333
4163300079
1476923407
268764181
4127253228
321004001
153565959
4127988002
117572845
134089987
134153
66650369
35463425
4261873949
269024019
4128506638
4010219775
4195160819
419302931
4243336996
4244833793
702936061
4262262032
470617312
604432128
3923713320
3873231873
266527447
386398720
48950009
218558231
3975343857
3873573098
4145610758
4092399375
67629326
4061213710
48758009
4195752706
217441564
2494231
789900332
4245090261
4111150352
3958512109
487717110
4093900311
906231821
350942983
3823571489
3927238891
4226540757
589904132
4229097220
3658280164
16061437
4226998794
3706055131
367715830
438374403
4229304095
704525575
304280092
200342016
184747535
4043502853
4279110385
3959100161
3574335232
3825266935
268634083
790492970
3707055879
4227260394
4229367781
4124501725
4027179515
101517349
4011663616
638583567
252706574
4213567704
4277058569
220072448
3876460582
4261208808
32171005
4229889519
3960542461
4212979489
3420782836
384109075
3673233359
4108255989
4160683252
4042782967
4158851098
3874684938
4243056635
418500586
134355727
4277656859
3757175773
99546342
199962136
4077713413
46987281
570351653
198762484
3470720260
3470978510
102168838
3957850848
4094429671
150674433
4194111276
48961038
233368061
85272856
4244442894
4294770941
4210618107
166977510
151191562
3942908908
151455733
3926006804
65798404
34408694
118099701
385616666
858399748
3908241894
336592377
4060872470
3943643132
4294777619
121049876
4210492406
3621073966
3822514943
4024231156
4280815374
4093646855
4043506171
17103081
149212171
285341699
253954573
369356796
4010796277
200864756
4144823547
454237253
220134404
68822773
4243064807
539293707
17695774
169078773
4092065272
3691511763
4262800651
3589852894
268239827
4176411896
187365906
3723622644
367784445
4159828485
4025677046
4227793912
36108296
3892317178
103016975
3741127129
3774549736
14880253
704507678
4279889410
3995799589
4026921196
4059173370
4177390609
756677364
4276555547
4077194496
4126673461
3740529916
3992976378
4141615858
4043501295
3959090690
116982267
3689286646
3856323563
722858226
4074509056
401211150
4144302588
418711560
4062120453
3725268211
4126872311
101065727
16191244
66313981
638180093
3841324564
4159629554
253033238
66713090
185467887
4093976306
4213048328
4059819995
620164087
4008840725
538183429
4159311417
4192138240
3874228462
167840276
3657755907
4227862492
385675289
152505606
4227931137
4058652668
4161203197
269752279
301406772
840298218
3772844281
66454017
589772055
4209184813
535686370
302910476
117250050
4243394065
317841633
100396052
3925216230
3806592482
299885588
250274041
252123145
857483027
3877173477
82497006
4177069572
3810786288
4160095987
4227992085
4277987054
3924687111
65863920
4258585326
201392399
4176481568
3203851521
4008048865
3689804018
4210232344
4191945222
183764997
456065792
4061349414
3773756645
3893560572
454024193
4077065474
47835402
66645747
252181494
69335287
3741580500
251983357
3709141255
468195319
203361818
83687383
4146077198
369490198
15193837
186570718
218694145
4129623040
184494612
4012317994
4127849717
133497579
133308429
421134540
133510954
4279827220
4144508650
4259829762
133304315
3791917301
4023913462
100667143
166922769
4177977584
4126607582
387385631
83095579
4210104292
3507944184
585370360
3991530274
636676867
4245746194
4162135089
451152393
388304636
470081278
4241882888
4008693469
3975474151
4126725340
3990745586
4276016915
4060209110
4161076459
101524236
116063749
4061330414
3927700260
417468660
4294249758
351068139
436992494
3960338687
4042062562
4260560385
4192007159
3808163078
216003800
506127865
218491386
49741052
236052479
202180327
250735101
101593608
63005
504818425
486938397
165401879
538640360
270991626
4279167504
133820917
454562317
3891918825
4092068589
202765561
3994678261
518132469
4076332806
4124771297
4162191877
586211835
3891202055
4044293639
4159506695
269160421
4193847546
823469612
4159704610
4092131825
4262135536
33295854
4228058365
3924947195
4142196242
671488745
472727292
3693678873
4142729175
3976777203
503842789
4112256264
4227869727
4127326701
621800442
3961314793
3757044959
4262525183
3740406267
4129432024
402394692
3825861604
451737892
134869460
419631374
537522435
3975876850
3641244143
234297347
115997211
4212510929
100995070
3793224171
3856395506
3791119873
4211020572
133557245
4211475447
4210950893
16706047
252185349
4228246507
85336063
303698954
85262877
252575234
403769573
268436454
4276621874
4260764168
4140892196
4291369493
4142717992
387117046
4229305080
4211081207
249823512
366811132
368966411
3975012863
4159248369
3909811455
267586791
3858111773
605025007
4213952750
3657635071
3588551903
66061546
4043242229
135924964
4073983475
98891296
4159901200
17765344
218698259
4076864018
3672440566
4009099993
3571515370
3992986407
4126349045
336263397
352257285
3673692953
184154363
317585109
4061010928
3974492684
3858248966
4108253702
623508473
4142926070
3943100936
3755608053
283571485
3689342951
3756187363
4143313628
168294418
81523713
284162847
3740194834
99150303
4127322384
253820708
3655669758
66002172
50978802
4025676570
534897922
3657825563
4059554267
18091272
250874122
4278311443
4027513568
3908830719
4260490470
3959486698
133483251
621272355
386863355
4226548486
3995198960
453710841
4194566937
4026999298
3775594504
334490073
49485303
3944538421
4058058000
384945147
822412271
4161338616
288495620
554178862
4245027869
232919577
83620890
167636464
285076463
355864331
1039729430
34014700
4177204729
118288626
555087886
3556510440
3521181397
3976731621
3825793019
4060346598
352330507
3943571737
3891333904
99610899
319819538
421327633
85194218
129677542
84400105
4110219274
467916795
3809270496
3756525305
4262460417
285071890
83690966
3894927303
503126253
502921790
31648010
83167513
588704538
3992911601
4158194196
151385339
369364247
4094165748
101124600
454629118
3692901152
3775208395
48100073
217580048
4161266945
15202311
4162316530
4243973351
68220957
1378489075
4079824880
638718233
169468148
371793615
4076992752
638722838
722008337
17367542
34010374
3825402871
3758096092
3875023333
82907696
4142985478
3674008575
3558078946
3826256904
4093324306
688447754
4259831022
168689401
4262997766
4278723611
16461099
3992000258
32107288
149936371
3708551910
522531321
220005415
2984051689
4038725377
3939749861
436732133
821947412
166785537
4075419634
49673727
118684659
473368335
16122847
33091336
3807958793
4226548475
472060164
16053004
29484542
4128510434
284555769
3841978614
201069050
385553422
3774082044
552347135
455271437
3608217858
3639413968
4144825587
4211412216
4109371144
570628354
640291087
269095667
553779989
370085908
4127577329
184422646
3704822522
384512551
4211009058
4245029367
454750164
4059826984
4162985985
3656380928
4058574584
4110677235
4226546677
3909357052
3556904462
4178961889
604242422
3994090508
219416577
569837596
3673619710
336134103
117639722
4161864447
118158856
354883311
236787700
2096893
3690730484
4212463372
237640181
4244312831
4261871110
217000224
3892578041
32826346
234617601
170007825
503524370
3622173464
233115131
4143966688
4196917743
4260374800
284487185
254216691
186187267
3372675277
4126930141
4226610931
4245752836
86639366
117250792
118487544
4160283919
369028356
4210876648
4043051785
320012820
435348760
4194564069
4161478657
167504629
4243779800
66841848
4111800833
4008708614
283639267
3791391245
385096210
4093511679
3809348874
3992911345
4243716317
419036951
353695470
4243849995
703127780
402253818
372189974
370076970
50281995
4126141996
269483263
4092921908
4090756833
3890926319
3809015270
4024956661
3457947125
4294898155
4010931212
3842633197
4145551104
332978694
605147117
3927901438
4194174964
467799276
3977060101
32311080
4210748907
436599800
1311996
4260363765
640874773
4260438804
386008328
4128369420
4092852971
300150542
4094356206
16839172
3860923656
3876659966
3958373082
252844779
117707018
65990917
4126534382
31783919
184553748
4042191108
84599262
3960022265
3976989439
4162391569
4294377731
66973964
705825027
4244167694
168425468
3724150035
4059565042
771030833
3826456325
3856530436
3806982647
99350767
822922501
4060801764
168292609
67571972
3623612144
266733059
151381518
4090883603
4277257717
4143514326
4093311754
200475905
16709614
318774538
4078173964
33424134
3962505481
4227797761
571595772
3958705667
350220033
4294110990
4041742072
117187369
4176016379
3672438798
4126339581
4076410619
115931689
3639272179
118490579
4128905970
3740723724
3890219746
4126140917
34795244
4227529445
403320072
504754690
4292284700
4259035377
3873770213
4243646191
282585347
655233798
134082641
4078826733
85533215
200996635
4093966580
503635175
320006662
169020651
656286992
31717404
283764758
235215619
251852566
4162324472
4227077146
66512655
384367132
3724140541
1770226
4075487733
3842317544
101383909
689894641
287178489
3251960581
463370
17498873
4176605693
4060022510
4178578443
318906346
3675520519
3268532173
3942186214
4125360895
150730250
254941436
370806535
3924034317
216920039
117630931
270205190
3593676248
4046067695
101055263
1009317137
302967790
537131506
4227604774
218967060
187371273
352124665
220341546
4144834047
169615335
4193520385
116985311
1126630187
3576900626
4157330651
82631381
3742237691
51833359
4094096391
4042851072
185328368
369293353
4245683200
385953597
639756032
3720947444
4107929570
4210492716
4280221728
3857710074
167183125
3941925390
4279232992
3994950659
402196
4159702575
83492863
3760463899
1108151046
3959421226
385218039
85063157
117110812
4178319860
302849312
486809849
3943956975
4092466208
269876447
32766218
353383934
3944555284
67700747
386461956
199762686
217908003
621095663
352255226
4111199479
4010466530
4111219698
3758355434
3841591808
404878604
70992368
4207681556
4076529902
4125875169
4111211751
165080346
4042782465
3841458669
218762493
3959415000
4160746479
3957975050
368967153
17370380
3973372682
4194229234
354023669
4043502596
182779904
4043627257
3925283072
4210885892
300363022
4076529676
4262197762
4026798603
3843624431
83238658
168300020
152168436
4229247277
3907910376
3171348717
219940894
774904592
302903288
3891408144
4262857253
569242920
4078959578
269946115
133821974
4127522570
4210361062
3942904578
3825734127
1056260
49087999
420281074
718870
4126605059
170396936
50204936
201196349
4193647611
469304600
4293453586
249617648
301667098
3486962702
300214259
438504725
4278779143
572255490
4277478684
455934750
185604893
3925740285
654769162
135659260
4127654637
115543823
4143117576
4195222576
3926786291
317390063
605229054
4227194379
4193851654
4092990234
3873428737
32642052
4279166216
4043969029
336867591
4259905559
235997669
788483
4260759799
4042397153
4044494855
3591768081
4210688461
251003379
3993433329
4142267622
199556373
636157190
284754000
269355022
268693491
486670619
3779342628
620428006
776146450
568262679
3941470713
4023834868
48486355
690223597
4042652184
4158322436
4010999796
4077191929
4042580700
169339887
116917751
4127917572
4245294349
216135414
4010341912
4227258863
3740863715
68810719
420548385
620106742
219011849
3941142523
3755660808
3604073182
335345627
205526027
4210158329
185200643
605617146
418907921
4111670571
101192695
36255496
319290895
4176610292
100007196
3977573112
4110348270
353961194
4212138258
4278388996
3474734377
720955147
83294208
654114837
402849048
4108847099
119271673
250224899
4160226076
3976982258
65793010
3975217660
67572232
4076933369
268034300
368241134
4144096016
16972779
4023973095
1181935
453839849
234358529
1041400
4110156788
383579156
368187177
4275887122
4227070447
82637549
3809670901
437185530
4145076985
133693656
3991729397
183632138
419961338
53280747
4060549092
285344020
789840662
4246204691
3707375853
4159769597
454617
4260633873
3907587630
3857313004
3642295271
3843295224
3994285822
151462128
434368771
17364750
32373761
3927835638
4043500278
4163896544
4196599548
4195353849
4110157029
4226085119
186578424
4294046716
455084798
4262061559
50855663
4279239180
640027161
4042974967
4228451826
4260950484
133766674
218888959
184355348
85981967
3891730210
4279698944
217910518
3943957237
219152128
53477110
4077916154
4226538737
3976670965
101317107
217905145
66525149
170399221
3923766494
3757433578
4142662896
4194566160
116063249
4211604459
637462257
67706379
303302949
151329789
150007064
4279700725
570224383
3909487099
3992791310
4094428166
4242533872
4260487163
485100541
203162125
4093717768
3925214197
4276879614
3891721480
3623479761
85593584
4110947065
31586303
435216383
3963361279
4125026542
4246343157
3876589808
133758729
354486277
219874582
218768163
335287025
3839942398
3891468001
100138983
4011133950
4160493560
4159764508
4076531717
4091748611
3755998451
150662142
4293661209
3891126263
32966663
435817498
167897375
85859073
3958827759
101181691
4159893224
252245510
4162198250
504102393
102829062
3755737342
165997048
4176479746
4175894013
4278185969
4060223972
4143118345
183246851
4194952696
385873147
18487046
3992585994
4178177528
4144695802
115998461
4177135866
4282268665
4280682520
4195679235
723390200
4196077335
218237151
271454998
371592977
3625452259
3893103853
65140489
3756260078
15661313
18417653
4076077057
200145673
3776317176
200276485
4210165260
83103757
3890535421
166655982
4023780338
4160082392
4160286441
4059759900
3639346405
4262196246
4262716900
3958431225
250019570
3974878447
4176874755
233830913
438238485
4025749007
4027841272
352392440
4074043402
4227718138
83291145
3773423347
4260552665
3992316916
302050012
49738730
153158906
4027330287
4244240879
4076720636
251069951
52161801
269805034
169016318
4280621560
3891137799
353250811
3756846828
3941399299
4008179202
232852003
219218205
219543567
4125880830
537518338
286332675
3708148962
4209640410
4027907835
3775663095
353432538
385354522
4195154411
234624794
4245486326
3960414463
486016770
4159102233
352517876
402518772
337443802
4143445781
3756717323
622267621
4262139911
201660427
4109440779
4077649925
4094045424
4011794174
771944717
237171184
137237789
3977378295
3976787715
637790731
3961587452
3724803308
3740862424
351474187
268630788
4076673563
4276291623
355395552
4109368093
4126729700
3977900795
169159650
133231368
4176406524
3941866239
753796894
4008248857
287254267
823198978
403371807
402645033
268962025
3809608438
117173213
3692299520
201389555
4194303217
4144561649
4126019838
3588680958
200662520
33812755
755821552
4210161647
35841278
4160287721
755431665
386934265
3858369042
369957415
64498474
4042722821
4193517577
103675886
152968218
4228909312
4279500021
3857390058
3690990058
4059365868
3539140081
4107921654
168614385
51055094
1057940944
1041825317
3859475460
285545230
4179106833
3624803041
303304213
4092602628
3553879802
620295182
369759005
284883492
1118233
653456134
3858035752
3572888832
4143502811
4075817217
904585979
301913122
1105985009
317858830
755430205
33614833
4177399270
4195610624
1008403211
4059430910
270406133
185080856
4060603379
621547521
420209448
3993237742
118617364
4195679972
215608837
320014374
487461403
319616789
3976730130
4091406062
32889855
4125158688
3405629190
4107863254
638184687
403117582
3253871858
1209794269
3739745094
4160809720
4025871835
184353010
4144760567
85325321
3672251125
35455785
82180869
4243914757
4261412082
387115051
52496135
3791852517
3857779697
318439660
18488587
4094038773
3956925443
333511446
4092332034
4293389834
419165194
34093595
82446350
534972393
3993636866
1279403330
50920710
4244633329
3994294774
368510726
4093707805
3822915315
3857306107
3554338294
135332585
3857570547
452924146
319034661
4194169121
3724350969
3841648372
4242660593
15461876
3893041911
268834591
119200210
4195559386
3743103225
3774214374
4161932245
18100995
4059499284
3640846090
387898606
537456114
501350222
64160992
3976460276
454954509
4228253432
4243987476
235274736
34142719
502918642
252247558
134422261
336005636
4145480950
4110747909
83758066
237112068
4243789845
4025680912
183824632
4145022439
167313891
424547096
4212722166
4144165101
486470152
3910596568
468451842
4077717508
3824549395
4111016193
199886593
250014715
218819052
235601183
3608604930
203233538
670903556
3943885789
4092739577
353110513
116847830
3774484487
454434291
3943230224
253040611
302839053
4261347824
3926056960
4243916484
3691246310
4209378026
706285051
3960806642
266332154
3623873008
114154971
33291789
4294642698
3841590259
3974235611
116386577
703395325
4244826385
284746501
353760495
369881344
4076992475
51383552
169870085
4179364589
3975218697
3519743989
234747686
269612566
3976262414
201981939
4028237811
3838386702
166461449
235800564
114883327
234679566
4030725642
3909087720
4058907376
456010012
3742694178
50073587
3859410923
3926715107
3942195194
302116879
4262327803
924714546
3976848111
4142861034
4177265663
4277007617
31390698
4126869006
3975744283
334300939
4077057302
4078901761
100346379
4025872393
4159697387
4025291789
102105071
4212062737
3976341783
4275036378
4173127916
317976580
101653503
355272954
3911399202
4243139830
4077846567
50409488
4144378120
167841789
3976717821
3470260439
4260754430
319166973
31721214
388233207
134092305
570161195
84797711
404625903
3622299934
587525868
3992902686
454361080
66789879
204994039
4027592962
4159693560
4246662872
3755928826
3558407152
201800171
267781897
4079748105
4211153166
4158516732
1701638
34529036
3958704624
3691111415
4193920765
3823174160
350419704
4010734303
3775076347
3942970353
269813774
201064684
3993963501
152378877
3943826438
4076347927
151793925
3958571277
4092387024
149676278
4294707967
185662485
4074833436
4192463335
36899312
4075740910
283897882
4061472548
3988907233
4059891198
185534965
4042386928
4143384810
756348679
3977062438
554498362
385029415
419960324
3824875060
3947901181
268967953
134150134
3896643302
66005
436601337
286653955
4260894458
286138628
4278320109
268557546
50725619
3862426881
3957850101
98625809
352260080
303560970
486211835
3841193196
4127382775
4073908722
4244434155
134811901
118949634
4227200981
3757893857
4092133118
4211734267
33554186
3707831282
4023970288
133564418
420809459
318701063
3910005766
4159373570
3992245506
673708541
3688950282
16256491
4242018555
3690329600
3808360183
147003943
302582020
167306245
4194886409
4042653723
202110708
4210417646
3673753092
4110815479
3806396921
3943626749
3974425085
4159645456
723188462
69217016
235203838
304150012
167182102
3859735028
4077455347
436539934
3909876985
839515633
3945476370
1317123
3603824170
4160479976
4060877830
17822769
619316222
4060147480
1973231
3609792048
15201765
4177660691
4127458283
4209702134
3909356531
182246152
3960411628
17570278
3825930770
4294705406
17239551
4143841774
83753198
3977181192
3554530265
121114306
4059036632
271183837
267248104
892210954
168101135
471662335
473170937
4005877214
466871046
804646154
101584368
3842176748
16574701
116784657
3655407873
4210824154
336331821
419950051
284752674
3992979448
3925735145
4194303198
3992972269
17042133
135918584
3826319362
572135938
236329768
4027322629
4276418057
100784897
3888247272
50649594
4093765621
65073924
538311159
604440562
117630182
68749316
4059951109
4007722740
587589865
4111928810
4092462571
4176078095
1261430573
100660691
134406934
3990411736
17370119
216996333
807401755
4092519663
3505317105
3705794253
166592751
3959684346
955451201
3525716214
4024498972
452714465
335732439
3704420856
3455323609
4078440757
3755859434
4092842493
4277003742
3068455127
3609330622
182124782
3740400430
3722777304
4173789928
4175883236
571017208
4128766477
15735798
3774084378
182710804
3304587026
434962426
52817659
134872837
234284315
32691728
3604870113
537209842
3240762639
3709668562
3841063627
820570083
3876190717
4209510390
4193582060
3572362504
4277202146
4279167996
168486630
3708821770
83819258
218628365
1139284002
68944887
135598096
4245487097
198842159
368564208
4074104863
65455307
3910276339
3604871156
184617495
3674540568
4212386567
771359227
4210948626
604105982
805435619
4109511198
4144306950
3777170457
4091418614
824191471
134613034
519963134
166924056
4210292997
4145148936
3958575619
3940739588
4059363311
3957327359
588783142
168817722
4260494567
317974540
303635997
3642100219
4058376430
3961915409
4158387216
282926590
4146783507
574165997
3906206731
840367326
271460348
453452021
4126544431
284307439
3928357168
4008050406
201582833
3874614240
3874675421
4292603148
3640723445
50125819
435621139
302256392
4228719161
4228774134
3859024903
67768821
269818159
369365765
286849558
302911733
537792273
199491834
300478476
69406449
438237692
505865231
4227270653
987371554
470413896
4228382204
67500532
285937927
4261624065
4245349597
537529068
4144432364
252640486
4178311431
369167109
4092850431
3957319167
3740595926
3973720549
4026599674
3925993213
4177401318
219159561
69002231
34008565
3926921429
233376768
4126932484
3889888765
199483134
270130680
4262660593
3657242623
151906031
421861606
705831423
86833407
907281920
3893764652
3723427299
3858172406
3942981662
3789763598
267512571
3741843712
403039523
3994762194
116719341
51115771
319097601
184095734
67236864
4227262988
270934009
4294702056
3943102237
4259506676
268035061
4008635113
738192910
99680761
3823431955
4178318582
66643161
4179295478
4091210201
4294250999
270989854
17572355
118027269
4076273917
572007681
270139158
4060285945
4161735196
4094428413
3976789222
4194438672
485812741
50985744
4228335650
287247612
353508113
150989559
4192599289
556013540
4228579571
4261284594
4142262527
216852721
3976390122
4194498289
4059818226
787747582
3908173102
84410904
4262451201
4277270778
4026340591
33166096
354162163
49291005
4143122450
3992121592
3807309310
3521313801
4073445868
4109234640
401804538
4078112293
83427080
486274091
285407480
236725776
4213636360
3706454537
4142135042
3907124207
912360
370150389
4026989598
3924233719
300350230
183229739
82234642
84153626
118298895
3910077691
251269352
454098696
351925730
4160289263
65925392
538236467
4125754065
18272762
3908704993
152116246
3741056760
85720566
134096673
4093316644
4245624843
4094952972
4176218110
370276847
52821012
131609371
167905841
251527948
4158522603
4077121544
4107735034
387119891
991234083
638254129
334700053
4278982150
3439193331
336209163
282398443
251576055
83300390
300677399
371392801
287324424
706084892
3709276643
4094500905
250935795
18480164
3823098858
234680029
3958306040
65928193
65664252
150388470
4062386395
235997160
723060471
4179752196
3774223618
3790935023
4143049196
116651236
4178768359
48898064
267116048
253228319
470148408
85070556
4075554066
4228254960
236849189
3776324824
570233818
4060016663
4027779305
99805442
4277006088
4242599409
17562871
50142467
334434056
301601286
4227466762
404486880
68749851
4041207551
636408835
4280027920
303430932
873066004
3875273697
4293257743
451617524
100070641
519965449
519376130
3824812809
16649987
622404372
303639117
4091933229
271384795
4077714444
3974362323
202046968
33623554
4261279288
520553728
3908368148
249159680
4278974933
4109959379
3687766602
188887550
3973067057
336127793
556205580
3960672490
388302873
4225293800
32636423
100399355
366674948
505084199
4109493505
4259178985
4212331025
134020078
50734062
31925022
320080659
3908038401
402131211
371394060
183695600
3753707533
3706189286
3958173939
1056174315
4242796033
4229630964
185932050
384948758
4092260346
3926789367
300939763
3842974962
472643849
217718039
4041273833
303222531
4177070044
4279436538
4161280762
856548139
450555903
4261676284
4096652029
185144086
3741578745
120203741
4229949923
301672449
4112973821
518057728
3874945287
3452432135
670889502
471933985
4294311189
3590186727
922538722
4093440796
3689795610
841493765
3576500232
784995900
3993758235
3805209610
3705598473
3995534042
1427296325
3809692908
4281265459
1509956610
603252503
4178505205
470882819
502197512
264204
603125795
737415166
186703854
639040279
753601524
605746453
3892061475
822086916
3657760542
1057039383
251992384
4145360868
4175825134
4025610016
4060939005
304615424
4161076734
3991013354
3520929793
4176343079
3671986947
687464469
4210088447
488175350
99416313
3772118783
151902163
3640585219
299501800
3725787402
267726324
4275972630
3722634764
451214844
504431618
4225367313
153096949
3808489718
66982425
135018260
736493826
300668458
4109367773
3390300669
505165786
118548965
302127387
4128706826
151125756
185468116
132844540
3772370943
555016445
3957911540
3725853378
4242148112
49414912
3771143202
4276748798
956825595
587395332
789848867
4059309086
4244498440
49218549
4027109120
852880911
4244314418
4293984279
3303341824
298439658
285407207
489821194
4243725069
3908548839
136044733
3774206953
4042710733
83234061
184080865
237301231
402905606
3975471292
3487441388
3688703237
4159365080
84536069
3875084027
335011576
468251671
1075969620
3189901788
718416152
69479934
4243976209
555417359
3725525004
321976286
3792168938
572196090
153940473
3857640452
301127408
788725509
4261282060
67703779
284035375
568257793
939778313
3909358636
3825074158
87428878
201130250
4195547386
4078631192
3942185187
4110414332
184216824
203691008
100472099
3891653609
4194895879
4057659659
66319105
66844149
4194505492
150796536
15591680
3858363889
4109173489
4059429365
3689221625
4294633462
569182229
4259180802
83880430
4143906563
116465432
4059232023
3891199480
367917571
4227922190
3522549993
133429720
267899153
3925992672
3925729783
4178046170
4192660712
487255533
50070769
81651941
3990871528
3638356707
3889749492
3623678953
4024375761
4060675593
4124177890
4093050885
4093244389
4145278976
3471050200
31318990
3657631741
3303672292
3723951083
4024756457
4226349553
3892374764
4228051433
218300674
17031122
4043825893
3891523311
3859021311
267777801
3874748704
4142063615
286186210
318571009
200993272
3958835725
4060026616
3691124245
3840075488
4024368625
4126014216
218755584
4143450371
4190096104
66779394
4127783176
3941400808
82243603
4245884671
453251849
4160422653
4244109330
4278391793
3926130188
4243917296
3707365885
3890277849
201069026
3993172500
118294522
33417469
65764
3890085351
3975411954
551874078
3790794984
3924878841
4007455980
4177258216
4227338493
119013929
49812228
33416970
3875925227
3958961621
4075689729
3573149685
4079086554
3755804136
4244497114
33357292
3957713678
3757702900
3973771766
33238761
4259575086
4261731025
4043439892
65934065
4177131793
4226672108
4193184497
3974558192
4108839385
3271680475
3857110474
4227133683
554113043
420345633
4211934202
3740860912
4160033521
3940809007
4009030654
3908301308
3973969147
166324466
101375224
4077588967
4111075342
367860236
17111328
4076201453
4146211815
4145877772
3976528384
4076004339
3959549424
3977505262
3924952821
3926062819
100860415
268825848
385741322
184420620
4260163592
166327543
4294636546
67372044
4126932736
4123588585
3723815699
32901851
65864438
336397297
4096916252
83163671
184939770
3957131028
3960470754
249960455
4244441119
4278778110
4210097884
3672698102
4193837309
151513859
588708349
4212000780
4093845541
15798533
4060149771
4193398533
350025772
4078962931
320143112
3925410585
402658571
250019115
269812495
303823833
1023930626
4211463701
268232966
4178448135
32907809
603189529
135202301
67634180
17888221
704776474
4276480279
4043379464
4108771563
4160553198
4112252392
3993360865
4243449084
268236249
200871960
4009949176
150797048
4196796655
34663446
403708407
67371795
118487064
3994282734
67821564
3992453875
4160812785
4159700713
655362821
3507219177
84999650
4143768840
472047609
4179301911
3771990006
32700905
387506931
352653812
4128376313
34016507
67111441
3992717059
4042265327
3806915581
3959679493
3839691236
4244504586
4091085826
184740598
4026925068
4108584430
4143242742
4242009089
4027512588
50332925
268762336
4025283576
636089571
572588581
86643227
3941598460
167115000
235408892
4262984457
388238838
153760500
4195626252
4230883804
4012907312
4177006059
3554017514
369095700
486476796
218366751
117304550
3925738767
3994216672
4159970819
17300719
4227331839
434959071
4277734173
4058579460
151975442
4043516935
3974624300
384042744
455737079
170067717
3840536050
4293656034
3740138760
216455149
3941006600
4146858782
3958912263
250017014
171643390
922626032
136786728
4143704592
416813080
4210548209
671021061
84145906
3891202289
4209504752
758381300
438576666
203494668
4278325754
387185921
3692486670
1540416515
320025658
889056775
4093186036
4275757831
4009366272
4124117281
200594935
418903330
3255899648
198571766
49666804
4177453582
148567266
3724398848
421985553
4177999371
4144831746
350428170
335748135
4176018447
4027316719
67443722
4177852499
4110082280
469180431
4024953900
4092581872
101058272
51636248
3758285773
4093644529
4279439891
369294338
352586245
200141038
3608476697
4091211746
4261999377
4125423840
3924822015
185609986
4260695792
439561500
136442132
3841976287
4261798119
2867268288
3943763197
4075230225
4093445631
321381620
3875216154
3806457071
4161014810
301208062
587524654
3961916669
4175897605
4179171359
754980356
66976001
4260154074
3710521090
4009095385
368311028
3993245441
3756656622
4125744159
98495980
4279954940
150934017
33682194
3844268764
4074835186
3890217188
520809498
4193384204
4077191145
3688815875
4026521799
4276281319
4227274736
4212331783
4244176904
4276285468
4245817340
419764740
3454596876
181193446
3960855265
535368187
84869405
285479177
3673038083
3184917753
33088251
4192942606
3840795633
673065213
4279312134
4092786971
3708417780
3907132411
518718202
4012114185
4194897651
4228841987
320934170
33223434
4176539367
4009564434
4041082126
185008883
318441742
3859341821
116912388
3759862772
3857248468
4041599997
4294574588
4076796674
402188808
3944413424
16379627
152114178
152509226
4193188106
470013707
4194625746
3776455388
49281783
4027060216
3656521750
236327424
201468181
4160943617
3756658933
4277596155
3957859825
118294812
3773824264
4195147517
385541656
571410131
540018203
4011398157
3960086763
3892445476
17427715
84157423
3623622171
3974236914
66969848
301131255
3235172604
183497445
655154930
823599360
788471097
285793044
336853247
16913958
3691579422
14999773
133559004
4276750334
4144371207
4143380241
4161078504
19338223
4076405739
69543186
3721727010
118817785
338163982
4227986948
3956995852
4195799791
4042189800
302376681
3674676768
267904746
17037574
3957847544
505611517
50932004
4192533487
4127328242
31451130
132710663
320135464
959124223
301673004
4109959694
369694478
150219821
15395338
4077526514
654697968
286326279
31779585
3992251388
336002040
321643521
4127928327
183565835
3894938369
3975931631
4294373091
4092455947
3672235258
4060674563
4075813105
49275855
3974693124
4145746202
135148273
4229701370
254213166
151324149
116252673
3556897250
4075290852
4161341683
166004973
218164758
402261013
4061198837
3691056126
3655987982
4090751474
3974287358
185870328
150990037
4007459595
16645126
3825856000
4227135980
3994022676
4109301505
3623028975
4243979284
3640662811
184806596
453503769
302116860
4210684671
84087029
32305436
4142194923
3672443165
4127191547
268629740
4143839227
3927634924
3956281890
4278719695
182522385
235002864
2363917
4277537082
253103074
102827273
16447470
3908241921
4248568822
638326305
4128114984
4108980748
101650959
4278185715
103619573
69542165
703791375
918568
4043308556
4009626641
252378613
119087102
136046843
336600570
4014282489
4092397811
4075286519
4227855354
804912635
3958494206
266757
4026201060
16183035
4211142408
4162644192
539500263
3907589636
4159167461
4279500530
4209898469
3977240824
4092792297
4061462528
4041534443
4145421569
82973962
3993826552
4277735942
4025998565
33889530
152710870
3708084203
4026659012
3809218325
4043635957
135008041
218561554
101247750
3841996295
4193125139
3925209577
4260625407
537729764
4076856571
3839750119
4077449201
83301371
133626624
521664015
186064925
149886241
319872008
202969828
168167937
369822471
268766720
135663582
4162457857
152384003
205394950
34412823
4060473339
471205885
4012310812
3875738364
4159568372
654179092
3844813870
3888975860
823853059
3709012223
3838964951
4142713883
3806462965
3991790335
4091603692
3960802291
4209188619
4093116422
183889654
303759105
86120452
3825340183
4093568455
3622439180
1142954306
3893557246
4280157165
555951113
4143916833
4026863099
50987534
3539600875
134674923
284759295
83688711
4245485552
4145024237
168763157
302454809
115870726
16249349
3977383406
334561502
4179558160
64221679
4257871636
268559113
101320721
654640385
842407982
3841393887
68029703
4211739142
466747927
4146661106
34347506
571088385
4244172023
3975152643
286916862
4127390717
351145989
3941989878
3841986302
66842112
234681874
420281357
251393573
4009421316
4278326019
4209638915
4043505399
35785712
204211705
183569401
3607764488
3402762210
3572558045
118619189
386730483
4193586180
369620474
151196934
691411464
3624607758
4024768532
3772575976
15924206
15528694
3806984981
234286334
269545961
4157672147
366271260
4008907031
64493590
4159369991
3890732262
134354154
199424514
33027588
4127590136
4178055951
4143841041
3790801654
49282323
17034732
3404584952
114815716
4294962697
283966204
536471832
186513923
3606900741
4127718163
251525360
3992919018
98827268
4110213112
3875726823
66979344
4027521550
504502504
4060547354
4143446238
551807993
218756078
4060355597
420807439
786960378
68293629
116386050
4062048746
200082691
55296
3792899057
3861577967
4179366862
3505719792
418515431
4245027069
50197775
4277333235
369424391
484254497
3993371397
4194429436
3457224197
3771912405
3556049129
1645831
4043375096
285094927
3942251005
4228642545
4142339343
3856588595
4209641723
267780634
3656910073
3974100208
268439580
4262855926
84155635
3942512616
66839786
3991409690
671615983
71173321
1312006
201653503
32764895
3892179708
4143116276
4293590507
336141077
605030172
4026653135
336592892
3995150087
4042913557
370926814
4059427859
33814986
3858759421
4193382121
4127645936
4209568515
3234070014
3959357934
4294252550
3875469785
348841949
469692917
4143579931
3941336819
4276683249
4061596436
485491715
3993633824
3975410912
3590394354
116127229
84608761
4227728135
487781361
4178184206
33693445
169807395
4158126095
286782708
589434401
3977327127
4076342541
201196293
721165
3960476925
353756911
4194892287
135140872
3893299439
401147654
4061334754
4009231851
4178380015
168757765
4193127949
4126739448
4280813562
4262457354
4160426207
115398648
4262130153
4041795836
4175166721
486735860
3893424886
135398933
33362473
535485711
4228643577
3891071480
84801520
369492491
3723040781
4076272096
4176472821
201465334
503647247
4283171091
33816567
4143574528
4293651938
83486700
80800764
3873624317
4009348060
83432171
4007124454
202033618
4177266159
3941986045
283760099
4279758348
66121987
3741324540
4226872312
301922562
270210058
66068737
3925545742
117041389
403244556
33093878
4076213249
4261339140
3541894881
115860716
4010676437
18480900
319948539
253164053
4093968889
284763917
456059146
4043635439
269938451
3873370362
4275697140
3875076579
184023782
3574526185
4091548657
3840661755
4109363961
3891204331
4178251269
4160553727
3926260988
4259448781
4196994307
4009556224
4193517048
4161599210
558098914
4193976324
167838730
16259362
4277533174
100922638
3455450613
4041800678
4293137444
4127400962
4228124965
568653047
354157587
4244700436
3927443695
4142722283
4111790570
85265923
4176084764
66653423
100591092
4109506529
3621060089
4008307967
3656642537
3335643865
220463355
403437551
4141801708
4092712927
4143458035
153561105
500419568
202956809
554632191
4076923889
68158199
3690198282
4009627108
15856871
383902491
3875990005
4109366769
4294173164
117380110
187891723
485293829
4212130306
118490884
3942000366
3691899650
4041867525
4210818042
167643141
4060868881
3823235569
3907772141
588180721
686485226
254207966
4061588726
3725135587
4091671279
218096878
68157685
67046672
99940623
151783908
4228256789
4041469164
3487620600
4244116773
4292606461
4277269265
183099385
3741182453
217839091
3858625002
3958835676
334560009
3757758686
67893972
4143847917
232711686
4079025623
3892252633
130547748
4076074737
236120562
4128841467
4010211310
66918120
217047038
151375896
4177726979
333381930
3382717703
751549188
3994547714
486680581
36055541
3976332013
4126340341
133428747
33811209
3605924349
4058647269
3926129671
233767662
4277009427
3338261487
3891062989
4075689444
182242056
4027386103
3926006017
169624603
184490773
268245758
3927181582
33423102
3993568796
4209443845
3723630580
4107204840
84011511
66125059
806623257
16317954
50721813
418639135
3909758759
4025743851
4210553861
437129749
486925332
4045868820
4192134643
889905137
3992386350
4111142190
3874356208
891353864
3924490775
3876518377
182909939
3742759655
168301297
3572559602
4127523805
4126010857
4027257106
4243255816
533977082
3959424763
3957718279
4262784479
3974499057
4060474106
4210161917
672996646
150332648
4109304062
99217680
3974817264
218296580
51781372
4207337732
99616779
989131291
403044132
401545242
3805609261
4161400097
4226414037
16579567
304947715
3791072290
4142790418
167245062
4294119947
4073977080
4278118423
183238913
3857577232
4261942019
821633537
35130401
4096724463
4210699019
435886864
3908758781
3925009621
4142400477
4059686391
68417010
3775130607
687546136
4244833044
4277995781
4263245815
4259571681
537715442
4010609391
218041106
183962121
4262071287
3657433345
150731248
4194104817
4078824707
116206355
3927773189
116063999
4212395262
17173775
3452900596
302121790
4260229889
487910641
4145159710
81922561
4060209927
4039891934
4177593611
875169563
34799908
185340442
4111667724
4180618233
587469050
68613886
17428217
4126865396
452523256
318165778
335678451
4094552336
468914715
4059630629
4277607443
3659285207
4244105723
419631359
135262962
4192140785
167305982
250404622
3873621221
3956209461
704904465
286262531
386207752
34346531
4042270241
99747339
3303013142
4110088954
301998883
4159303698
4245427713
336202514
3404523259
198907393
48037917
66192443
3923896308
4243067121
4243914510
4259827697
254152714
3975938071
15014909
3722639691
50329559
201465620
4277268500
3925020921
720370934
1291973943
4246469662
3941459437
83687135
234420473
383447850
3638947313
437192948
4192988415
3873434110
67957220
4211016708
185593581
4125420533
4244894456
100332538
3943692520
4041023710
65393417
66981098
4011394298
4242276614
3789480969
383568848
4010800133
320679922
4241879536
83748359
571876614
99676169
134019600
152114143
4213048616
4060084983
1194590518
3910073098
3823832293
3907771924
3754750191
487317485
4075560465
4025471235
4143514339
51509281
4109960437
4110216965
419103225
504363768
840517136
135862041
1245728
85129465
4263122950
35922173
4074254907
67177986
4025219066
236903383
3674939612
3907325997
4059494673
3989702126
15851003
183965708
83813656
3439591378
116981255
4027312879
4059294668
3840800760
300804582
3456697837
4008180960
235807739
3841984261
4159178487
4176073498
34140103
671603506
3609133310
3759143436
200279545
4244970764
221061910
315567411
4079823362
4092845659
3824146642
417527514
265936144
4126201581
3843092963
4007664117
1006630661
352765463
120978905
3974820322
233822486
151466496
904658185
3232878358
4041464309
4178381299
3725271048
134684415
288436230
149954338
437656818
368634409
4159833374
336392747
3641115383
4193518552
284754179
673507815
722657
4194952182
135329777
3856926204
350878702
3992326688
301137387
522662170
4227339541
66446102
202770939
4293198876
3945470452
4124779788
4110021377
501348087
184876532
3859877911
3807905003
3589209871
4141529037
117376458
3725784802
4077918926
100401951
301863168
436478224
267776486
351932460
4029209610
34750227
4040227349
202309078
4260758008
82450444
151715845
134344450
436805162
4261879837
3893702179
3993039851
3235701458
82775022
33887006
4228179191
269354218
3118195413
4059038436
236923103
4111859489
4010144761
3892701451
4122864873
252121349
4243255296
605748513
82973949
4211876601
869668884
3925926695
976027360
4196615431
4194682348
3960013529
4127982602
18684668
3791462885
587802680
3742633715
3958046963
1024715260
3894541079
4024954831
4278457866
116457472
30870526
3388992496
149490380
3977052661
654633202
252114465
68021515
4261746687
32107775
4226742526
370152451
4108315648
15602440
199545886
168036352
336198386
16002058
4212386568
4141876990
184087801
3692565274
3975018219
3959694068
3673750228
3806522853
4158113524
3905363186
4243981555
84013841
3990820362
4175431399
385610464
3758627076
3957652446
4110556923
166652413
51047684
50862326
34868723
3473873901
4008901631
134473167
335739348
487268624
201324537
4245946893
4292994290
4043900148
268825877
4260752875
65203420
82960908
421322771
4161070087
4075282444
4059366871
4096317422
3941930212
419105240
1835807
218295302
3572821757
3808354804
4025214974
4261343216
4110026254
774305027
3709344525
3791322859
319485937
3943632391
4159896564
85135617
3856858339
486990583
19136037
4024825330
4044087266
4194968060
150538769
4144887797
521602564
2298892
187103723
3822320379
435874802
756736276
3506960839
285673685
387841047
13832204
3575059459
3488217314
4043369696
185466365
184028663
3991988223
4072525031
336978415
3873899266
116003071
436528637
3603948324
366922468
4212985328
136061679
4144627437
3808882428
4076139006
4194437640
4210559490
587395309
337701126
3909615091
4092005871
284889830
268171766
4028042598
166787343
4177915384
4093317856
117370862
68091400
4210942728
487324681
118695952
4244370944
237315097
52702986
4244705292
3942780925
3959625988
67108091
164564754
3809011955
3810126607
4161472507
3992592867
4242997228
4245880818
436858637
473112540
470295815
3924887330
889654536
3893164038
4259047918
4124827907
3808749299
251597796
268959281
4259370770
135857894
3892445697
267189259
4193068301
4262997479
286066434
336523485
3726123532
4228708606
217774852
3657897195
454890533
553980932
83951104
235275763
3655082504
4143831273
4074962954
50002173
253235447
4278585363
166392578
82965490
4093574657
3993106410
434573349
133820650
3977184765
3907910125
4077186294
3606640119
3807313133
552524816
304937975
151846885
4107781890
4124897490
3857054499
4143248374
4210489840
4128241889
4077583615
4227334647
3791712237
3641367524
352000226
233371176
33746923
168822564
4159630058
4177517036
4007785961
757201426
17233896
4262855166
3908901123
4177068797
4025092599
3839683579
185466086
470152427
638524717
467327484
4246467579
4142915828
4126278420
387116784
4060347640
3505913841
3739553525
4024301037
4126280468
4275502332
4125808659
4275955702
3975287264
4294773232
267508
3975015162
81983483
270270204
4008252180
3806528729
350152450
3758219526
4125897726
101180921
18288878
4143645188
3707037431
351077121
419030542
84030256
3975998704
4243712263
3990952204
50916577
3436838944
3907193322
4176535275
203426053
51383801
4110155535
4059297040
3943368951
3857246455
202645742
201062900
487262738
4041336568
167381227
4059428882
4211800330
133168887
3876059672
3991866613
4092258302
81714452
4209572076
4041532398
67629037
4127132903
67766566
337839630
234885374
4093975024
4279892719
234753530
335482637
3973243405
3959024621
4026733357
351281669
721950257
4294373884
4260358137
4208389627
4260169994
335346211
284350240
4177193942
16314632
4043895522
15856138
3692036091
267841005
4261416180
166066709
16514070
131851522
454299923
435755297
3926258411
3906403044
50136043
4245612068
151981815
487467014
334367782
4242013959
586872607
3875602150
33294822
185930226
4243717131
285011975
4177986823
4209311222
4193250313
4109494497
4209972215
3692167146
336527109
353831202
271183345
553517830
3339913221
3857380603
601885198
133500664
4161208038
32566785
519179791
286190342
672598549
3625517092
3824280272
130300
4212461605
219619339
552934447
890447141
15531275
34074872
720372488
200861462
134468054
4093175762
419826444
4041797890
4144430607
4108581898
4244305660
4094431734
218749192
321516032
4228775944
50394860
133226748
3472546257
1492447
4160942833
4110476259
32500976
252574463
4041660152
402396407
3619619363
4192383504
4026393552
183959027
3992319251
4110019308
4009897461
304808960
66325258
3451834603
484701948
252643046
3807306498
69337360
219750384
988682543
4179037708
3587639031
3756129548
184420104
167640061
3505705947
33749735
3960007422
3922912994
318447884
253554418
252252194
3909614313
4176539636
3773622772
401079034
603906568
4243926561
251131409
4228906001
3825533981
4006871827
4230675965
169941245
4195685361
468578805
235396108
4142146048
185522928
3858233597
4159698398
3957385226
586736639
403505123
369888548
3942849538
4127067663
4179751912
4026990588
371658995
203245091
3925283584
705034523
625412127
4144761833
3975545081
454167035
4294904843
4195942395
4160489444
4243250706
3942320886
4091999480
4058777357
4211017993
3961389313
504234741
4144957183
603388167
622530575
3776310504
3975210475
3974357234
3623350779
50591734
353384444
301325592
34868475
3908885730
455943
168159527
3874490334
3556762610
3858170334
49082648
185597423
4260036100
3656775404
452925736
83428854
99474958
471796205
250348295
4127125549
4045147142
3995210003
202435821
335801821
151259414
401011973
4011519195
3992979170
4277725424
235210249
3942514166
65540830
118166046
4177586408
317978095
454761487
353106697
4125356817
420409628
4109040100
116838392
3420511749
4208791537
3908370151
217515299
4176151040
3773494538
468781051
4277267217
3791128053
48423681
4142793434
250667304
3656445952
4142660071
52101885
3638623724
80864760
655881486
4213966600
4125292018
554361857
284359686
3990752019
269083166
336593914
286062575
4178509296
4262923460
3740595962
3873239017
988675867
219667455
503431151
3425233892
3941804769
202963448
3690467594
31452163
603710453
3978031836
49088469
4194100493
973406187
3926189539
285281266
3908765439
4260551915
67685075
335805471
389940477
336591596
4211145452
3906667517
519237633
185265669
4024756213
4108909793
521145335
3590454512
3790800626
3673682644
522923510
4145160731
4246278168
4109101050
286188285
4076857832
50662404
4159702797
3960471020
4178448602
117247460
4162516229
453513491
33888782
268964627
4194365967
569380085
52624101
4161997810
32306947
34407150
266790386
300284152
183560934
3975611896
3975475188
4261412589
4277342208
503970063
403307526
33356315
537787396
3657498870
417471508
334823204
168488469
3520989918
3872584977
4126663915
637734926
320147745
84936469
368640513
1024388104
238157841
4028574731
3910531046
401341926
4179364892
266798346
3540973037
4276095495
4042846484
133563406
17893902
369501185
4076732684
4211277327
235155214
704509698
202235650
3788959464
4277340146
16516646
33944284
4160622554
3995015656
204149769
3456898838
149882134
17500161
3656710166
49475301
3790011391
586810107
284954401
3875397909
97838838
18292216
4178381052
3909884413
3708030479
4211151878
471006204
808841496
4029615896
49760772
4127526668
4058838795
3707696114
4261352183
4059431455
386999550
115934472
4127389948
4145882382
4144168965
319229684
436544817
3589670181
3857977048
434501334
82579974
4127715084
217314035
18083349
3670865393
1138748149
4193913649
4178711021
484500729
71120664
4262799890
501939722
4227794951
4057782016
15588864
135331319
3859281922
65599975
3891330033
3590194898
3975483672
1569541
3992973314
568785669
319160352
1124263463
3793553926
404160246
592390
4077444333
4161399813
4145281786
4176151541
4060605945
3960277478
501809161
18036293
4007525379
452853992
4026933010
102955778
4159826156
67432418
184096292
4227526936
4226802157
234158850
3959814648
4194759665
285473811
3858165733
485360109
100133676
4161142534
4210361594
419232767
102507544
117979917
4042123061
735900170
320007179
4126337523
4144562420
3841188045
4042120443
269618181
4144628755
234816762
620290038
4142133536
134605560
100073976
4110426640
17433339
672468226
403258641
787478
101515522
3992977664
4279565544
402459631
3608873995
284173026
4244507667
4042975489
188547810
218366750
4177003517
301072652
49993740
4227991828
4008313336
4030412548
153037073
3976588286
83296769
3992125426
301981200
3941074663
485697553
4024755749
84602885
554298881
3941597973
4245230328
536605701
470418201
4211472379
504494306
3746501877
16713477
4027647498
285676528
4093833737
4144951048
4060285683
4074834958
4278958048
4111211498
19070470
4196273643
1109851634
119881987
3876208445
4041403124
4128636387
4294045427
3940801299
4194439426
4110089742
18815994
4076139510
150930155
4125291778
4176281587
3941983750
268503783
4111334930
3690723317
488182743
3757633016
117639142
3807308817
149415402
3959622661
249745397
3943951108
100732132
4211269378
386476034
553190679
4195414500
102493451
118425595
605487875
3724737274
4060264425
319358420
4245479655
1327095273
4262456853
118817809
100336386
3975943411
4262003467
4261870605
4210424318
4210617344
190952
4261218061
4108772595
166263063
3973772051
250945551
3993759995
101256386
16444417
68482802
117708545
215866620
570299690
422182938
3958637288
519701257
4009167627
3875995623
4243257082
503580207
4142265346
4128183034
4143260412
520158216
4044821758
301592570
84612603
385356550
201652021
786957067
134098969
385872148
3942577905
4211416044
602148057
521662761
604438822
455020580
3706845705
4242541842
234750710
4043832547
773319958
4026735100
217774849
4129094903
4094962162
618786305
4126870566
132836620
69073379
536346116
4026407183
3974304527
437639156
357634575
236931129
15985145
218952978
101446164
4245555971
3873827087
183949033
4259772669
3520845787
99275480
50984424
1057425171
4227336941
3810253796
4262463514
4227995659
17564677
234619902
4129426170
589360643
3892575211
4279761693
4142788570
890968313
4011985148
386863604
3825665807
4193721128
184212228
453177082
282777357
265486580
301784822
4193840609
114812941
269546740
4244112648
4125683454
4243850495
3942197012
450302492
4210949947
86772513
4210894580
268960488
3622367013
3857833416
351407096
4110745350
521069038
135468060
4110219008
3875804418
151848205
219220721
371719676
31787278
3977641470
4177332710
3710187266
351931897
4057737204
115937794
137515077
4042264326
3960211440
33026557
3842297580
437985521
4127533079
3826381051
3940679926
218828033
388558597
556542975
3794018306
3958382847
638782993
51447305
252836114
4278846223
83625472
622199828
4260230916
251797502
3874881787
4043237877
3624851966
402583769
3572753143
234747395
369035045
386528783
4281273108
82581234
187896608
451812917
200668685
419296784
3993769475
4159106012
4245935862
402002201
472902935
168623341
3978370804
4294387749
3975149068
4110024181
4160284137
4026139116
4075424273
4110745598
4278519798
4045011728
4193575130
4242668049
3943168797
602796536
353501461
33094661
4059627529
232718070
1057296947
501619737
1193285905
154998556
3355244505
568794082
452397597
4144887542
4141215226
4045663449
85599217
4212728598
4276030496
4110810606
4142201862
4242532851
3757235947
723790321
117507357
4175751671
4145346802
3792508954
218437592
622067730
3925931769
3822842080
284751343
3457485823
4228382214
4261018364
117179427
3673097990
4010801400
4244762099
571864334
118093597
3976203250
151983112
3993431813
586620414
18349357
4175891453
4278646276
3807640849
49082342
114880498
82768883
3437295098
4260485617
4142990328
4161270513
451076835
4131601
4126405631
233958673
102429964
4042984443
4195819008
3823235303
3704941291
400422898
236259319
166593291
3689410295
3789870791
100332029
1159390954
3825140473
198893818
3909285124
4043301870
4176085497
4194033891
152569574
571872270
151512564
4145493817
3790797547
303368484
253297411
316409100
568843265
103680268
471334415
586280425
169606394
4127456500
285542162
4261281293
4293525224
298772750
100733213
453700852
3876583179
4141676005
168819475
153686545
288352756
66584575
3790404839
114749679
285867549
201985278
4010806534
84874273
4094034427
3941006337
4226082039
4176283376
17822199
3892049901
436796921
503511298
269229092
4177062360
839324406
134156294
50198016
220068867
4144042244
3607356410
4175891958
15916529
3404201972
452982755
3957459741
453848119
101318444
789579272
189023739
4009957355
283962126
4077124333
3840870669
3857511921
536078597
4057598487
521074190
3942577144
4026526208
4159904506
4126733054
503520518
151322409
4143516941
4026079776
3890871290
4210483957
4177072655
3992837604
3958633717
235271421
3928036101
4009885682
168489949
4260759545
4244962566
32373509
452723212
653918207
337170205
3654542820
4242994436
4192394983
253094924
638781416
84543238
151713826
419442957
4127585588
755562979
4177134556
458227233
3941137681
4110751461
772143831
355206148
337377025
4109843191
3740202736
49676793
4008841733
3958435822
4293589476
417868075
84470550
4025223909
3574012653
282388024
433846028
3655135749
3641511656
3975481069
334425552
336077524
3907974432
721819097
4126672173
250602237
4243786533
4294899695
3977385228
4127602440
3688957934
4243919108
369487890
3873833214
4042581965
504560874
67107595
3994158120
83353338
167518712
3876060155
4209373710
218231542
4146144754
4244372736
101904377
4040888846
453118467
3993505298
185078035
237042940
773329443
17363227
4008702460
4159435272
416865239
3823960597
200611342
4108702157
4277269991
4025218584
283563499
4280551460
287388438
183435021
4158388997
4060151775
501808902
4009553650
502669839
4094365437
4243453694
402268152
4175629359
33478898
3942053896
3823629064
183888087
199883518
3806656511
338888971
3958640083
4109626649
3823178725
402067246
302972123
68098042
4210495249
4177596662
402911765
135331839
4076725234
4111216366
3976598035
4244306964
100795112
4125945591
454030834
772542683
4246002936
554691793
538717739
150868776
318371852
469633045
204610316
285018625
4159834128
316994287
4212385229
4277667097
133758235
169151745
217837305
439955194
4043852058
4261672982
3957129227
4075939554
3219910923
372117250
403059724
4008177196
4094041851
4043827662
151185934
49221899
3840988167
569118717
571673646
433512229
286389771
4146132974
4025284128
4246338274
3637318884
737279483
872419112
268757251
3808100589
48236041
404106785
3490710251
368638956
3824225049
185130476
117121029
591077396
50983937
823069168
3959099742
520468
3923518221
4211341532
4227069664
553196295
420284188
718666242
4247382528
320208904
4226813687
453639163
3841919244
3738627559
3538477020
31114722
485545729
670885868
337841183
4108579811
487327993
217644545
3675115504
4192664038
98554612
100011009
3657760230
4276813825
83489032
305067504
369562138
49085949
3823558626
3321091808
268102149
756287521
823592726
252512756
4142928165
4243914231
3977184251
284822557
136316143
4092654612
3838180326
4093766655
68428069
251989507
4108774687
17695486
3959490033
317317117
553582101
318117893
4158521096
3690912753
34932734
590286113
4209581525
217446411
50396941
853670155
3624534001
4227860723
232906495
4177916878
3976138784
585690858
452793603
1040382516
3507160545
4261342195
18229488
351471400
4112576518
3804890085
301002968
706745108
3993891635
4008179678
4160553448
33162738
235992059
301594389
15997463
3909687565
4058245838
3841392111
203356916
4229756924
3893627353
3840404728
66120913
386136292
4146527199
4177591534
151645953
4125944557
386665734
4127391503
4125555694
437189632
4128174842
3856459997
3909287663
4027056876
4143907845
4109560319
3840412397
65535745
217845534
4027709184
167244565
3590975217
3905800450
135858973
67174139
555346937
978165
3993895403
4024695022
3992782860
82963193
3773633543
65339928
287497234
4195096068
32113164
4057455623
3960668400
470795
83557354
3826383634
3976335876
3520784871
4211878886
268893706
3959103790
202050096
3942128627
184604631
285859315
4159963909
3874032141
17555431
67440899
4095733463
85065218
3908301026
35262482
3237093888
67687143
536015858
150603012
100006634
487977216
3672171515
571734790
3706319617
450815731
3928759806
433795096
4294308107
65993958
135653380
4061210862
468261170
820452125
4278647320
4213831441
134469128
200278013
49157402
3924905515
3995471625
300947474
424616462
4027326983
352178168
3573612021
287248912
4110875387
3994353641
3621256966
116384230
436145987
607398409
4161142773
3978946795
418637281
251519177
4195024405
3640852961
552541686
3856010763
3975730937
4008234484
3860722371
3995982088
4193579745
688598248
201992197
3808428519
15799571
3405764603
67446290
4228968435
1075516122
3727028253
82780886
3908237302
4159771643
3924682232
802813712
904930336
3690211365
789521115
4230620162
134160952
3489729753
285811952
4277337103
266522873
3489002783
3217618905
4091545105
301198331
3876583912
3976788984
3606968574
181597676
234617844
3805275344
150264061
4158964731
4026131419
3992642289
100727791
268562139
3842051575
3845798379
168947696
4074971922
3926789366
3957520883
4279763185
4211733250
271253279
17164557
4194642192
3675267837
355268077
4227913463
4178707971
737479940
135462409
503046684
502274106
288354278
268559874
420534530
3771935997
4177344062
570239018
64246
4276812543
605873152
19474947
17687309
4293391077
4260105773
4009885445
4179100146
4075295713
4010602728
267116775
3892115407
3775524336
4007986916
116125698
671679740
3823697949
4091872542
488058896
435556108
337640449
4276607974
3590128632
4093833453
3691123187
85189618
4043509218
4142989530
3791389682
519635733
788214033
4112179971
3925015035
4158194674
3405171185
668790279
4095934453
4242549758
3889424887
3943031556
3824162543
419823325
422445046
3892448043
4228115447
4093775880
4229304586
67049764
4293395707
98634756
301206044
437251365
188093696
82184919
50855681
3890066421
4026983903
4160875264
4127386343
183629815
4010274037
4112785432
269301466
3927382819
200133599
420549111
3705333990
3770543590
673380352
3859416577
3973904613
101380081
116522212
4244698357
841224704
66067752
4244505098
3958511118
907144947
3891210529
4110087161
606145025
4144167438
3990215941
4159305215
352003868
1241190931
3473960
4046593802
4210099214
3910212643
286002936
67963415
4026790897
4210356701
4142797807
4277461532
4279041003
285341717
3825791216
4194951886
1093672719
68494081
288233775
4126211296
84086802
488109058
738400531
554234867
3894351629
199499033
436338713
3909681133
219154195
4093381887
3806263561
4244697606
4144165632
369816821
4061137133
3925736689
3857383157
334766073
49865217
237310967
4109244144
586344233
252840720
170067706
4243063808
4228380422
485684987
268622054
586951995
134485524
484033265
4042189542
757400068
169080582
4228389895
4142473491
83488787
317779945
386529299
3960012554
4144180489
200616972
3889685222
316605711
236786433
4161863424
4227988457
4059497708
3992707074
4093251057
1007296020
33816317
67237379
3976598768
66385927
4109566752
455147019
384892412
538573577
85665540
586024977
387380273
4126733048
4110413800
4190896882
3860988669
351475487
218500664
4076796411
4178838769
370930948
4262067696
202307349
487072009
253561343
436803599
571409702
17166340
32894219
116979452
3956213238
168166677
639692298
3976730874
4211219469
270068771
168441102
4126145017
4144166661
3875412708
316466971
52228343
4278058229
3390310906
3774141883
3958570702
3792040950
4144427491
606146305
149945837
201128193
286126590
458487
4280413430
119737844
200402181
4194499583
305735651
118958369
438701531
404359438
4060739601
4278117336
4178311648
3909089023
4210554363
218955755
99883758
435545583
503372046
920060
4142471681
4259184678
4246674920
3773831936
3975080189
100067087
4008510700
4229165821
601881116
102562577
217446919
4275113519
325108
1577968
367919648
3841197306
3337303535
66321661
690363936
488641566
234352618
370665216
4142201339
67303414
4042785529
724506
4276681483
83224544
3423002344
185280771
134674982
168101601
234092558
4225490411
4196073211
3975289632
4128306946
4278195718
3840995307
4008899810
4007452662
4176934903
3891463187
3991397344
4244036056
4092463359
3890742776
84095246
4109633048
215150871
67427558
489361142
151057159
653130738
3757311741
302053120
201920280
50919691
81908473
17689865
4161209071
83292653
17300234
4228774928
101450234
238482399
552867093
3841250363
216791518
3891785986
4093051125
267517186
4143977741
3975740694
4262199559
251598324
4009422311
16121859
856618256
807215637
3808626969
251923462
438567672
186187799
4161209104
4244435990
4127001087
3857512175
4143646701
3973248492
4074045948
3486698475
4124368841
538188552
3571184630
3686585047
3840399565
3858176494
4042057732
4093706734
891557368
3975866860
4024233210
51581913
3892644596
433378001
419224364
4060022792
117373980
469433601
4161012512
4078695392
3621642486
4126400480
437314518
522660345
222641181
4046058726
3486515233
4040755961
4110151927
3707040787
33884675
386543909
4278529806
668392936
551165005
4293643517
84278517
135928345
553846039
988795639
235616013
1041635363
419554543
3252873162
4210229975
638061330
537862443
85328115
3858685396
436081189
4110418402
3593222670
4128438006
3858165997
4145682414
3942846219
150595301
236061712
637539066
17951518
4194890505
471197191
419168792
4095748379
3977512943
4262666755
284300046
4230805735
770053345
4259639223
3687961067
4076731847
3992974824
249173468
3590579745
134351615
100597514
3906859003
368498650
3841784328
4192467981
3975147245
974536208
4209318439
687798555
372503813
3843298829
198640383
116451574
589569270
4260757757
791674339
4060801294
4125681904
3439133152
298712839
4145414122
185529837
167325169
4230683663
4092863230
219023823
922216400
504296493
234868496
117380898
955707169
202951937
4294043369
3959160566
4294121698
251072239
3320188927
4007587810
4277662443
402976282
318765835
268964105
2688255
185405672
4230088455
31271444
50463788
3790791150
3942248165
619381223
4075553019
4194034401
3942845930
3942254114
117765601
4093381916
421528827
704630536
271320079
200410343
3793609721
218303970
924981520
4092928310
3891521524
185334523
622333163
471794446
3890865881
3840546323
118027032
3575520749
503979792
3689676026
68875446
3875343411
3870154467
101846540
3960278278
84878558
4059630622
4078366442
4108656889
199955251
201203490
923935516
3641510136
4010153208
3890218479
4008038918
4060477964
4109759450
4059311388
4176741147
153693424
723129361
4263247373
3839743979
285067753
3992388581
3657173492
3474461178
587455690
439418119
4076536062
371849963
149814585
1091430125
49220642
3674544885
183236356
3990946798
3943889405
3789614835
519883474
4209966104
4227522529
3641818035
4279376897
135533062
4278391553
184614394
3503743962
284946165
4278127345
285935102
3973132531
49928423
4043182342
284739596
98434285
3957391598
286059261
187369996
602400485
3927110112
470427134
538122754
286203899
4227924734
3795453664
385285373
4143386598
285808901
3824812819
200928739
83885072
4075360511
285345558
4209973527
3939954961
4210363105
622522661
904341028
66837255
485939179
67247377
4177325348
251208718
3923964420
319687125
135199746
200487449
3722365950
236450524
3488413936
3907057633
3644009728
3924031984
487056390
3590647302
131010018
18154246
149029440
3453612789
63364873
3959028987
4093044198
4094231794
4127262222
4261292084
3755071250
469166831
218629155
4145088502
787936544
516280104
100398610
687144193
318048815
4094814740
3892124919
486016020
3873495300
135594521
84221175
286456845
4228187376
439091984
4160029464
316470248
3941929218
705960216
129558
485170978
67371256
18160137
4160678377
3824089306
34612772
4161595652
3840139994
471986178
536353294
4127078908
485887011
4227080725
4178705153
99936228
3975549442
3706189263
84278521
3757763051
4126675155
488246536
3909428773
3975674341
386794225
3589942286
3656506868
4226678547
854460439
3943825695
988822784
217528374
67829304
3874423849
3874740212
50266597
4046796278
571268637
421401827
3305968124
133099996
4175819775
151783184
4061786329
4229300739
169345810
235932449
688786697
3857445348
3756578765
4141149150
185539635
3941538299
4142653178
4144503826
4194302972
4111727378
133825263
3757439992
4075545571
4158917880
3441104376
3891999428
281928167
3657433337
4261811437
655960862
117836522
4042909420
35781643
403628809
3740922894
66774495
386206737
150084840
589434648
3958637822
404811227
4145814515
85127935
4193515737
184742367
203817465
237114661
436864280
455212785
184156210
4057265673
4275694348
3823433437
4124907536
4244502024
420747273
4178774774
218901273
4263707106
266600956
17034500
18081033
84800006
503843087
420474370
3792111855
655550965
974904878
604177895
36041984
3522358767
101111790
4110674395
3704418309
117098991
3874167257
237567702
4211943697
335088147
806021452
152375548
4277798185
4141483008
3572953358
252104125
3641123591
285611560
285217561
16048146
4029167617
3738954765
3672635608
4245422348
3974433534
3704546017
267519746
50202118
4092326129
454226683
202052884
4197456631
3926933273
66123272
4177655302
3959091957
554961420
337064458
3725723375
503316223
369814828
52431887
4094689270
4293197565
419752431
3755736327
4259968778
889069046
4179101236
4278580961
130016
522712302
285871614
3758750203
33625335
137569791
4262268192
100393735
336915940
86386683
4193980456
707127572
3473079545
183904742
270212628
218825205
4043570170
14292713
720691493
4228057096
4143051761
4227994894
4026020344
301736946
804189956
4146528516
3991864070
3993308148
101643238
586548500
4092657940
285481499
286329900
117049637
369365253
181919509
467722227
184352786
4108778984
234350064
4163239426
4192275180
4179496700
504562179
4008702214
4042909389
553710331
3992782866
3855803398
17042686
151518204
4111793143
82124523
4174567700
317580267
31195661
320013585
101518089
4294371827
3740395774
3773623799
32240364
4061849075
4061996786
3926199584
604375809
3909026324
4192732664
184949556
4211478276
3756987647
49477147
201650700
150006252
18017531
804652815
4009687568
3907910879
3927497187
251848442
553586955
3908562444
4178633943
151387643
199952605
16517138
4076008198
266129413
4209973500
84082676
82835716
4263842566
4213907705
101647869
3943168775
4142526704
4159369741
300870351
114606092
102890488
4294704100
259851
4075876595
907668775
470017580
252514073
4178968081
4059301359
3857576916
4076791539
3961855712
4212005886
302314245
3875341322
602393397
386337028
199624457
3943299841
119671274
419829263
319746043
4227271939
3842046183
150995719
236191989
3891596317
3758686191
4277470735
269683701
4244437728
184084210
236124929
119278053
4211546128
387053052
3574139874
3926780932
4260107269
3876315383
3924486876
4176417769
4141208037
3975016425
34669285
453977095
3992061995
3941073352
3186090982
4227392736
3522297825
165806320
4161201654
3993171956
4176741876
3909025553
3740397284
4259836648
3789291508
268758757
4176869906
4075089396
368631276
3775002591
3823576337
4258647531
4026130659
3823175157
219809261
3672892644
3538804425
4092723148
3755341554
3956927727
150269196
4243185388
152236541
1777149
3739940567
149882629
3991204606
4277009142
3994022650
4059563995
100336121
3739816180
99148298
4246144524
32903941
3873303297
3722111198
16505046
4246143471
132057345
520938503
690290464
3807241192
235272164
3623341832
3958180331
3873297634
4245354200
151387123
134211325
4243649279
4142923497
4209506798
4293511934
3994749168
3842568177
234094090
134543322
66650628
84670468
232979184
4195548416
4176346378
118026248
3739489282
4074757859
3757042166
3906992379
3773757158
66789390
571081485
4074827002
3943102948
116991763
3773422849
4076468735
100206606
117962490
3960205823
4091741435
16647680
3808752358
3839560186
352581101
4010475753
3991209980
3958893553
3958960611
4293657073
4211017736
184811250
3504274417
3873237226
4226936271
3555779802
4091270099
3942118888
3723488229
4227070696
132181225
352911635
4061334261
4076018709
4058569477
4209833462
3775729425
4108976366
16578565
4061331157
168370438
4263245292
117375721
4092860154
3807900402
863607121
922936453
1001090937
1072992298
86638014
1028386396
912887053
71169557
32931163
37030377
7541895
846469329
188419917
241501485
31983701
1055975498
1066530756
896200274
979273555
29062139
102267545
123376048
65497407
1002734161
103161896
165214057
1053684760
891745756
1066011820
1069612331
1001780363
47283511
4161077739
4193648388
4007718137
4092985344
4160878351
217708546
3825005287
66838548
421997823
4226148350
4126408945
167513364
286061825
4126535160
4194431964
3524521944
3789935335
3690785735
3841526240
4009611520
268238069
3976458465
3976463636
3402167289
787206
3923241191
4042583804
17634319
166401789
4261287445
536997620
3892441862
606270736
185284351
4142197508
3891126795
4026989808
67507240
587145485
1291001156
17429297
4176084489
3991730180
3894348532
186981128
98883576
3689873138
3858567694
3724008706
4061191130
688070186
4246741024
4009098486
149877784
4260893694
4109366275
4043637748
721225491
15993082
4110234364
4045802504
354030086
4227672588
3526169606
3788104438
113299676
3923435005
4024754933
34142704
4026597641
4127390716
3976657909
418777370
3571898641
4193715153
201729571
3993100538
351204583
18214644
369357076
3572499431
4041333246
4008170456
285537008
4212519921
248962545
4111331322
4226674402
3825139440
4262461176
233704678
3759011336
3841058790
4294508526
3724149001
318760693
4260425261
283187468
875367420
4176998901
16441849
133497085
101127960
3756984045
4293911290
870254333
419374617
82506481
3877572839
4279182586
672795451
585757651
3706712308
417594368
303040273
3943185148
387254053
3556900089
4194430694
4110878457
65274869
4293918966
234357287
4280162061
4293917971
133890812
4092979399
789305582
49874959
3556908020
167046912
4210611214
4110680286
4278520038
4043708920
200137720
319677425
4158058229
3842583552
4279192833
133633037
3609730304
4039899357
3235444733
170469356
4026931727
3792176654
4260105728
52229639
336335858
3875933437
33417196
4210027747
3875469286
3439249874
201590984
3960077059
4125875709
83887340
183758053
4145146352
3992256983
3877181912
4127908090
100868815
52097052
4277936114
4176739880
570237979
3893162498
3926396898
452792856
99029004
149946114
4210357976
3841985545
133962735
4043319850
4028432631
4095147267
334882034
115668216
317792747
4011206409
4213311489
837816594
502266893
3723232013
133169898
50190362
3655595249
387589057
4026066679
68404944
117313275
3805668370
453897956
249431320
3489991636
3823505630
4058245646
352185878
3859548478
4024370153
4148492026
4025997595
584967176
3624134898
181984528
553447418
4260043007
16126713
3723820286
3641042155
66712536
3706715874
3859538153
251196669
50919939
4245495019
4159440677
3957979646
4177792003
168224257
471277566
3825276651
350424342
4261211673
636085760
4144367129
4062914034
3439207451
4093570765
537997056
4043970543
3992924147
4111655426
3673882361
4176611048
4177271035
3976864244
4008384282
4041929722
104020476
3925084437
353967864
3994015252
4126790633
334885608
621811153
4193839094
3975345883
524310
4228244460
4075607554
185069050
3959232485
218041571
202506989
49483279
4044420603
134621428
4212399100
4109175080
168423153
17042731
4007527681
4160552468
4058182125
4044157424
4211021090
3940545255
368902388
4194443260
185272603
4143974661
502389517
4094361106
4261356005
203030556
67698948
4142076693
386593297
32371688
4245155837
153170416
4144033271
805882121
3806251472
3993758197
3840594929
3422558690
420422143
707594783
4243587816
4213571033
201330709
3975156978
4194629136
3958958352
735702279
4245228569
3724350966
3807838218
234684660
806096649
4211342060
4110086895
4059629333
352196911
4076725503
3807439886
403181026
4111004155
3942250730
3960012275
4227405328
319353066
151591152
136117501
486541825
4146405638
655164400
4162529024
166389756
4077783812
588911102
403771124
4276631057
356187905
302524688
4027450119
4091347187
4129502968
200342547
4043367452
4043504383
4110287075
4042450663
133758728
4210491123
4194238206
3740995315
4008445677
4025476376
319026389
36422363
184026107
551554577
169347892
84611609
191484
435745026
149945359
167642621
50321668
15860217
3892309996
149822241
99154954
303826176
4194700022
16374778
4145222375
4044753427
3958243071
435089399
4059889689
84213494
4076598274
4075353059
3876396760
3775066869
4161282309
100535268
4284422658
4176668905
4260421594
85927462
184158229
4194434070
4261741836
4025549316
4060148483
4277993982
168290028
3992584707
31451373
4260354799
3995938292
333049887
871883761
4094297873
403436814
4009293554
3974958329
3858818269
3790079236
992352768
184814576
4243779821
99413004
3405050061
3909340096
4208985336
218366715
468582652
302186254
4094689005
675280625
4098043665
587998246
3422684948
4024494065
3992193254
3876057841
4058705392
301268738
4110222599
82966269
83031786
4277469953
4058973178
285474313
67836694
353828107
185272560
4277938208
3975407603
4241423357
4126407162
338232579
423178749
68156727
3889832194
4094880005
4076874261
4225953019
4178844667
114425602
4095802095
3991666682
3891980805
3992582388
149825024
34787587
4279371519
260616
4227988471
32505622
4229497063
3875924971
3356044805
4177071385
4211406577
4129032210
3974374929
4094557946
202242575
201655036
4227203072
49606668
4060415202
4194375186
32960238
4095089389
252320260
4026409202
4043367942
4010208988
369827280
3960008427
4161275903
4176021502
3858963772
15407868
100923177
4277801225
4059958043
437514479
3992781312
218495997
4162712574
199160297
672401428
133101831
522265824
3843886339
167050228
4027186692
3975356149
3857978867
236184818
3689809388
4142320885
3806848481
18807015
4109562374
4194828029
3960866818
435024113
4210683899
85267505
372641288
4245877261
50657787
539037453
468782359
169929481
201398762
57337
4224384290
3874877423
3758039525
4294636306
4127979256
569245434
218559727
218442263
4126739189
3842502119
553261278
166127623
3891851261
67504348
3959035125
185525495
3857182957
4043376891
670760975
167580433
202438172
184679172
185003526
4094032112
456968
1182473
420297493
4261415682
4177528825
4126534885
3353406183
319022061
66125304
4194430973
4209444606
3959292939
235928569
469431557
4143373317
468446453
4227130884
386751
82832624
3874943238
4274516994
32700450
4127393288
807807243
520817717
3842570985
66059001
117374989
185858312
4026339830
4076922622
134484965
200472576
67770896
622665214
4294510874
150410741
4043107580
3942777588
386400495
437257254
664603
303759108
50917651
84674039
702941958
4227196169
4143050982
4060089582
267914008
4160747253
4227532571
906441194
34730261
1193661930
450045
4011720206
148498451
218365173
4128306443
721095956
3991540258
1107499066
3353145868
133895898
3895009520
4057869837
3491423236
18935843
149039099
4076137241
234028556
4178645507
4227665151
167708910
335809025
437986068
33365982
3874418950
134478333
4142583786
4009828586
3992977155
888475137
305134358
101256979
4228190972
82641928
4126670340
4209437941
4210746614
49144545
270931949
100990479
4193583596
268901372
85652242
32764428
50724859
183831287
152310523
17370927
4058904040
4126993403
152249876
3944220153
3856330243
753670424
3456629776
51055347
3624602644
3721786608
4040684777
3721970898
4009489643
3519411714
47181571
4213440765
3571319310
48948978
101055461
120135673
4110881287
3822974963
3756915147
3436569072
3387490776
4242341890
3912116496
33220085
353244393
4176345899
3858498805
149807900
202699009
3623620335
4176470811
115864827
4111863304
3806394114
3725787885
437391369
4261021951
4142661135
4160682728
82962952
4194431221
520943877
336856604
33886474
3958118676
4260815846
100661760
4025414904
3589723879
403107852
824309204
118489325
301588746
4211669247
335481570
117634296
4128572425
183438871
1371900
252701199
4261674487
403631331
469831182
370016224
3823567343
3806849770
64557290
4012903668
4177737256
117431042
250612224
3469616953
402782166
64491
436458483
3792316394
3622234679
4108582140
204281823
3891789326
4125353464
4176743664
4124174565
4244631547
4243718374
17563894
117242111
84414199
1341581829
689381920
3756659212
4141481721
68346354
416080961
3571904237
4091934678
4193447668
4159037416
167771643
553518319
4027908593
4175957002
370608905
286660869
975568669
522391336
133688053
3992394965
4226207497
3839298521
4025933060
3638233298
4130486565
3940940275
4041141219
3842139652
4092259050
4225100785
4096399629
16773602
4242476835
3941654817
437252061
790638888
689446161
1313084208
3894479626
79097046
774426647
3992318987
132904667
3353352704
100328970
4194693642
4025872894
4074701568
4228841458
187166973
438895126
32235498
3452628207
3771069160
4244636179
3790529807
4139776512
232847639
387376371
484112951
202774524
502983957
3289255405
216657151
4109892594
3925274864
68230936
536675083
4159500328
3875601431
132907759
185010448
317979134
335215875
502530268
53019134
4244109077
4277142570
3639871245
3452425691
4292727278
301071867
151327755
622608910
3643336733
98380778
4229886204
754128664
4211278079
3992003082
319358495
3825264643
4093323771
4043630584
3640076013
4210548724
687082221
184548114
4008704262
704315168
83683080
438183155
3792307721
402390778
453774893
4213638656
4194766078
3674286855
4041931265
152428309
4277731323
302306271
436939265
604711971
671876102
185855255
35268590
450881285
18148100
185340918
4109894919
17163498
4294897658
4160555007
4194504199
4245967357
4227131418
4159625170
4025543171
167251467
4196989171
334561788
401995511
3521447173
4243983088
603781357
3793958641
638644734
4125949947
3692435698
201263589
1160845375
756613715
65400842
503967269
47711467
183493887
49874215
3506049043
66062048
3825992434
403572484
320739074
4195936760
554501636
783347
3823032299
4145866205
319689755
4061131781
4041796833
437124872
469572376
587727655
166852875
4245356000
873325863
990705955
4141538552
3706520046
3909094117
3976602656
233824257
4091341296
3791520260
4226810876
3490447116
50859252
3941784064
3823698166
570295831
3875339501
3824750061
4176276986
4263308545
4025941475
401801488
3640325395
4074242052
4276409571
3911176650
185140477
4143312877
4293192193
4143247075
333383972
1543697967
252839208
369558798
135787784
85201914
134745376
3908774407
33026072
4226346516
3923442422
3956924926
84022529
150930693
4043180050
200538109
67634690
4042059525
3472548849
4226230016
3775262702
235725059
1279460591
4177785651
4075950581
653523226
182639650
284871917
101452027
4145875971
4243054327
4008244232
4193976851
4194433781
34539009
16251652
3843229188
4092719348
151583228
132376311
3959095535
116460296
4142983708
3893751788
4125881331
3993633534
18215924
320069152
3858874587
17165267
3709341214
3824086012
4042451156
3826381582
4246600961
134213839
4159242734
3809611250
17697773
4075741173
417785844
4143117826
721228548
50401009
203222802
4190243856
4077320174
3791452921
32113146
4228707092
4245029375
184745716
4193379836
285342719
67962373
184549374
170129634
184157455
33552878
254798333
236787703
4277403127
14156541
589564435
4078760479
553772541
15332350
68418827
3706988804
3924686083
333702126
4246659866
200408297
84544527
4076862469
3991148539
469565233
3875734793
150602217
3926456068
4043033874
4211144666
3976130829
3874813420
116716550
4226875126
83366655
658708
4242997243
537268994
352968979
4176150255
99357701
4191746335
4227454179
274067426
370023180
587597076
4044421639
4108904193
4277140000
252182270
3824942567
4192861436
65204748
4177527551
151848706
4175236612
269812775
485562376
49999374
4278056962
51058448
605095180
4144302111
49550594
51116044
4246158583
586998262
3420649183
50467295
234283527
3876519916
4110684155
384111605
555542515
115866860
3742576633
4109171682
4041138673
285541610
82249982
487124240
3521837046
4109566711
4228587260
568319999
371588581
890623271
4142777825
4192134871
4110153977
3944097010
738132194
505354016
3857249532
3772580335
3741650440
4277863437
368051716
166656279
152503824
169214754
4211744770
3942844416
636562445
3522754299
4293921012
3909478397
3908637674
4074761277
4160423177
4208852202
16581359
285864699
301989148
4210885618
3690138149
3908361963
14473972
3891396090
4192464383
184419847
4294443004
84411377
888748591
4011847975
4109371131
3825736470
3806008573
319152383
4093908477
4160030209
4074691850
35848927
2983917317
151651793
67569440
4145486095
4093647868
4110872824
100205309
4226618625
351140384
336000263
4279436276
3522629651
49352185
3992907276
49216246
287179269
17304866
4227070446
4278460678
186787840
236131104
18478593
4009233162
150470906
33223183
318108911
286914285
3841453052
4109568001
4278322421
4076010768
4294965229
117509641
4093114359
3993761505
332329201
82569452
3525116416
81465099
3403743480
518847472
68949299
876231741
4078691365
3775013641
4293861390
3843558375
350100503
4210622454
83167214
4260757249
4243585785
4244308233
2169362
4110164506
4076135188
3941789183
51116549
3943307273
4126335264
265808368
603058183
4196791550
4190509029
217643004
4244045805
4210696223
353107681
4129690339
4093914625
4142592043
3958365147
587000302
4044562456
4245162484
4094495989
67308284
4245290467
16247307
184154095
269351697
67773451
4142137078
3890806511
4278192386
4009292036
15593458
774232582
4042381323
49939189
4196204269
318376424
3862174179
3960211968
3924166168
32760841
4161666548
521398501
4078964993
134166528
587793407
4264102666
3923834342
570284074
418449136
4143909904
317731366
521138168
17641478
4026330342
3923832308
4259439093
3622509536
4278451717
979974
3976786151
4229620698
3924361712
3805933869
3907447286
15522027
3993635055
33230327
4278190069
51649265
4042850055
151649265
4211669747
4042784015
4009422072
3992718563
401482565
32825867
452522741
100070902
4176013547
639309041
4094568184
4024703246
369488918
4059622376
4142990316
4126796541
34075145
267780096
4211143160
3741908209
4179353567
4109044209
185723361
4244900861
3809147136
150138348
4176938999
656022268
3993834216
3994685183
85662932
4227928569
69853158
49214175
3908764916
788400093
534822665
235796153
3792178434
3856068587
169473814
4094039313
4075811092
4025475819
233633256
136117267
588717581
84152614
470155272
3740594424
251856630
269677576
3186616561
67109086
285659152
203228904
285150489
3741839877
836567829
202511137
437062402
3959304986
4111071727
4210823421
250806800
3993045524
3923899635
4076662246
4275830253
3440716541
4275769095
4247322088
3723834821
134011142
506198016
3961128446
3805410043
3858760697
521072878
4227656685
3974887168
3824019991
1240464114
3876323329
115470609
3705268461
3018923497
1373195
3992003297
50968060
49348330
4125746633
486934015
321123341
66517004
4158580968
267053564
3691570665
4059690734
100405002
1005259049
805385786
974186316
487256824
99676165
4247128289
3875867901
3724594646
16253191
3389058324
4008188927
4159568892
4226813171
1313038
437205500
101320458
4026134775
3842111978
34674696
4194301689
4076663796
4294250258
218359536
3739934936
4095671256
268699371
4143117326
300209894
3555850725
30994918
82972673
452919795
131595519
1023406896
657717280
100871132
202318869
233499918
638386976
250550557
183762684
3840536346
3489727974
3724991175
3956084707
4175689977
3387348973
453900519
520681228
4262269190
3873109244
49806305
554568199
50851603
3840279269
185995019
4060544787
4160813295
4294709504
4143578886
167770345
84274944
33163013
4159890181
334365690
34078999
4143315973
4060603364
4260626914
4110217975
4193518845
3908235259
16046574
67959556
4277593846
4227526394
4026865149
3876069650
4294698232
3589207299
4176739556
737937647
889916723
4211079173
3873895155
4043760621
3806862603
3940807168
837807827
1027734110
4076547043
4125376023
4059882769
488509445
4159963929
4010348564
3775398626
4077720058
4058642169
99484415
83178243
4023710963
420669671
119143179
117312769
301140996
101636366
4007267558
4178047516
4242667262
4192528137
164757257
4211340804
3992845034
4176807167
117635571
4076598538
4211674608
268818935
50136306
4076993787
3473404137
185072350
4026736367
32569568
251981085
150473989
4026660614
32046591
4144034828
85194762
4210033946
4126536191
4093251049
3689149942
351142668
4060149244
4211547131
371201034
923981618
117833961
4226407699
3825783776
1713445390
623646476
371212593
3723356955
4010875943
619182872
3910331163
3673028861
3841909216
117570551
4093964839
334763758
4197128466
200874004
183892490
4261731850
4010674688
3808893956
4127851252
469234174
4211143949
3909416683
4026796277
267445263
4195162371
4076341253
217968906
100855806
4244889832
252171253
136249326
4261409527
4160751619
4209766128
217444091
4227010063
335083011
3960140040
251921633
353176332
219814140
369173539
385610039
3556630765
67965145
4293651206
4095083013
3873507832
3741315056
3473020656
4007197161
81971717
4073777118
791599094
66331684
3490575094
266667534
538775099
302187508
520025636
4125551350
4178311651
271186684
4193448713
4126931723
100929771
688462603
386526451
4243065859
17432830
268633868
33162483
436863476
3925806865
4211015162
4125619201
33298725
251539227
4042319874
4293919992
267256602
135662356
4091279375
183622898
790624523
217774589
4009761250
3287482123
4226149867
370604059
102629634
3874290194
3873583097
15853061
118106346
370471970
535490564
85259756
268827648
184153597
504821250
606137878
170860785
336922130
287305997
4177784824
167700981
200479746
201853935
4242479630
4178376165
804979725
253496302
4060290839
4260359146
336521964
4210439184
166977783
4011662563
268108017
288291846
251599622
120656931
4261154062
3525183491
184480718
4075094269
184809963
3960339943
285674762
148242968
4079945713
4160094461
3539209451
3839692539
4161138971
101313268
3691836660
334954745
50131671
4077386219
232848680
4243450876
4194235370
3973581051
4193771271
3874550781
4262911980
4176406512
4127322346
250409467
118810098
4227003900
4193251326
4077320170
182841099
4278513665
938154573
99474707
4227922958
67495670
334228728
4126141763
116321763
3857705716
3739410650
151582718
251991807
519634949
4196531208
4259787292
4061009909
4127128297
167964660
185599732
252442884
32561144
200148473
436202990
484118771
394260
503640555
4076205043
369292326
4128183797
66256415
133951757
32896493
4127393023
369956612
4160417022
4159960307
4043376905
4260760039
4243521279
69076231
4226874359
4028046341
4143779318
486404084
4091947545
81975315
4210162697
4025745900
369806396
51713508
4142867997
3641964285
4126811144
4042778390
3924946697
320227095
49094714
4108446707
118029573
453832682
50594316
604378380
1109592901
286591497
167637237
150016002
183563514
98883298
915977
3875400434
4094037489
4279756532
4110686968
4161339383
303364376
4258527471
4294364661
4093317097
4111007708
49015790
4260956655
402521625
419108126
4262593338
4176209403
4275032552
4158644987
4245213431
83097063
4225248571
334815301
420615709
3573080063
4026598085
4097382682
3991614976
35055101
369898736
4243389957
4062645234
184348925
235853566
487789548
503058439
303310116
3824356356
3959091452
4126608403
4211540971
4177657358
4193316380
823330526
4008246254
889451509
3908627747
3990216444
4007792872
84539652
4060016403
15136219
4245101331
671279100
85002220
102628606
437457934
235671838
16647418
4228186360
135663368
354157824
317912840
201523452
4043571711
167900919
604771069
3806336006
4110613480
3958902267
4076744171
4258855959
3941260791
101447932
52102655
285277945
201787939
3757965032
687286252
3809670184
4229039599
321078300
4028904449
370539011
572599057
4061930018
1707684672
621539626
557913885
572064291
855297
4245427195
4178181908
3974817280
4025536768
303762462
439095295
4213113873
4245624056
691607318
86057988
3858823418
3672770052
503776266
772081682
302308084
4228442895
3843493658
4178108904
656603
68161766
3993823710
132905468
4012836067
452471803
386140920
3844214055
4280026868
4158785784
4041277682
4093315303
319555091
50863127
4227724794
49346815
3958299895
99284987
218297069
4179689973
3959878922
3842180081
3976209131
468723728
318637097
18278914
639898390
4194502400
133697036
3773186594
722535425
355272216
3858240012
236266271
4177787394
4109580836
539035155
487341336
321385465
4227920647
4060092444
4276414962
50527746
4076864757
4209772286
153615330
487008779
169348653
250150152
4179692774
387332902
301859094
4197846547
15471636
4027126549
3826188060
3925737975
98039824
4264891939
3789178894
16838898
4294313995
319288560
268958197
268375277
4145358627
402452473
3823567587
3337085411
4229105875
4008251125
706140126
1475608115
841276373
4143982095
4146330879
4193975803
3824484856
4143249923
4095808243
65549873
757077517
216338442
453510648
3877689841
3639600356
4092730625
17968132
3708881168
3858815436
31783679
33019884
3890144755
3470462461
183039209
3790726913
3993180453
219807987
3470790635
3890472151
3976786422
4175886312
252575212
3609074956
3891138795
4078044708
3890210057
3757370107
3637702620
4075413055
453260051
183106860
66646780
250809589
4143252992
4144105484
33360640
264708
136514830
151127570
789971716
183506668
570557194
200536064
16702947
15468784
3808896749
368113473
3723825914
4109964792
3808489952
3941329135
788659184
454564129
4093053742
217509128
3624016134
4092657407
672597758
4158451710
3859081715
215017933
268165087
4194104838
4244572924
17432796
3708806150
15348683
186255114
590348825
3993041906
234948624
4126214123
4026137339
635234824
453968406
4294312720
4126272775
303038970
4126005005
84479227
3998975
4275959033
184352752
3823697658
83623669
99017969
487057420
4245288179
3808626694
17503472
116920052
1007223805
4145220093
202111746
4007929309
233634278
16328728
652602893
234493445
4059363855
3875859687
3892907005
336651492
3640188379
3842582274
84413936
4179426846
353826539
216460836
4176609303
467409153
3907049994
739509537
4145873145
4028439057
4077196265
4075549454
336344067
16841254
32236537
4077190671
971578411
354423081
3822587921
187109696
4197062925
4278783232
619709684
371655954
118690808
3993049623
402783995
4091936322
4128175126
100982264
4194302205
4259245543
4010083835
370022128
3858093547
3723099119
840366824
730379
4094562044
4208599036
469697303
587803408
1076299550
3789616622
4242870526
49411573
387515880
151585284
4043184633
267517686
4245619687
4110747356
4211467003
4143726845
321257217
3774611964
3893300221
4060678890
434695162
3557751551
216000015
4060804062
3941204745
740886243
4112318211
3724279805
4093438165
218040294
3975935991
3624211459
4210028291
202576644
4243579660
4043048943
3857774857
67764717
4195613956
3857779204
4043240197
4109300718
3840473840
4026009327
588913162
4243527152
3957583108
252960468
4161080581
3940618718
4160419818
100596215
14744319
98887176
1045484
4058910712
116914437
16124682
3875066093
4009954803
553449744
924516852
4229892065
4144430343
117902302
184810741
4294182918
505675501
3642352119
434116094
3839951090
99812095
4096848618
4009779680
4041551664
3840937189
4243848690
604969774
337638964
924649974
54653710
3976802551
4225490147
269084895
520889118
554313239
3825335798
3875668210
4110285032
352390150
51380745
4127657982
3978240006
369294843
3893172214
4127527678
4294111485
67175423
604904448
336327192
4008581140
4110682921
286521339
3891197429
131919889
3860855800
3841779963
586344955
4193781528
434499354
3724734450
4043305485
3974695680
100272392
4043312394
134346246
102171128
4177534466
352384502
167243771
17501456
320143362
117305582
4159699956
4143776996
151920658
3944288249
3792630259
66717659
68020469
401806598
4210553863
4161073380
3808818934
4127913451
67389995
66778898
4209442047
65533190
133822220
16907790
4277266696
306773764
4093633516
4194898914
3974883828
3993427661
4043176439
236256768
3958702334
4277853147
587524364
150333186
203225332
4111206112
15527665
333912583
3755270953
4126204184
3791196142
4242067182
68741628
82966520
48617485
3908439053
34866164
4107798283
4260493046
217770499
4008443376
4226544384
68480760
4042853634
519898364
35778041
234624277
538056982
554835250
4010866426
3975018459
3622237421
3840207581
4026992673
4109102330
4025219078
135657460
4244569590
4280421622
220345628
86504492
4294640654
332717562
285609226
218629120
215874035
152166414
4041469942
3875412960
3808300050
877070078
373169649
202900728
3589477423
3759077121
591091
4008243452
232984077
184228394
4144163051
4143379205
4177133308
67237880
3908030180
83557869
4195154683
3875996919
269088224
404483854
4179953391
435160067
4011397385
254813721
4226483714
386468082
320337680
3909354748
589427958
4081524214
451997683
3942832619
4127324927
4027118834
99940580
720958714
4195486502
4243130367
66320161
4177796621
4294438914
4129163260
4142930699
85650178
671162891
285799202
3707639313
166070290
403371519
287703816
4262272754
134875412
4142658814
4278054119
135984115
4244108798
300680719
387774975
3908111864
724955377
290077194
3773632010
4225357562
4060015647
3637837561
4193974547
3455711969
187315198
118160132
236463897
283435053
1124727825
18350140
166133261
118227175
3823578665
147577357
4128374547
3790011631
4026604262
49211890
1053164
353243166
167643649
4077781238
4126272253
3924691190
4010602232
4277269242
553781265
3756389653
4177716448
319289325
386267409
82380061
3926265617
3976860144
3857123833
570484991
235790344
253176107
4178119468
4110752528
66976275
236128505
4159637510
4079355369
99424758
4175163396
3942380814
200598996
4245881117
3824487156
183428875
337321471
167906835
118232584
3861577999
4279508467
522653454
337502431
335546875
4126409977
3840342534
4229764091
134685985
203096313
66069478
232658480
3825076466
3758428907
3977975313
168623102
4008838668
202184700
303829808
3589286634
4276487966
4010218720
49026827
368309216
16058103
3992916983
81326105
3923632613
34092025
739125269
252772092
4210827310
4044089333
16908022
4107656473
352318184
4259711746
234678536
83562482
4279307535
4227529992
4059757820
4094290157
4062907099
740573215
338366758
335548464
334821879
3844089088
201325841
3877240300
335284248
18353665
4125946119
4060673270
150211343
4058900998
81392627
17298929
687728960
369500690
48767529
185728814
399579422
338496272
4076559433
485486297
4093700622
3537170922
4026066154
4210024697
233167308
119210012
203551727
4110818286
48759297
3959283415
149677568
3775003916
4294839022
4158914298
4211274988
804315435
4244960487
4160157939
4159893747
217260055
3861440522
4043836654
368048904
302248443
3975684639
215936535
134609677
522133223
3924613615
116325354
4076076797
116720128
4226089242
33031408
100333589
4008244485
3522747093
33682940
168419324
4142134241
4209906946
170060554
452329224
3825924847
3842047236
335869
4226353143
4060932104
586939126
786957594
4010672901
83693320
4161524198
3790993922
236322797
3941009193
66974432
4242865121
3841843448
4262045623
3689616146
84275468
3655466503
4109959904
4160817415
3942782228
4027444723
451426349
3873784619
4260227863
233440028
704835108
805307147
401472028
788994404
3925339432
4225361116
3956607196
81652491
4245031158
318303202
1198850305
15987687
4228770543
4279430123
4277076985
573106935
17372690
4028563444
4194958834
4176674030
152177415
133238284
4261147947
3874878752
368958703
403301623
268570348
285473286
4058639604
3893102620
319229688
3726174753
285018124
1077679110
4280030749
638319094
4025870864
3657827550
369554677
4093641978
537918198
4194891504
570879996
84809740
103219778
17495018
116915719
3842966782
133959668
588902669
4262205413
4294377718
4193252074
150077440
3858635009
3859086072
351335187
857603824
3977973555
49212150
47378944
4160482819
3709538529
250232356
133824251
117506824
3875341813
4260753918
3707633920
4059104519
4293977858
4126272755
67568406
4058707210
4226082571
3855483648
603919126
607797280
606597712
4158526174
287307552
453115638
638059765
618985709
875829541
4177453860
3720603102
4228049905
3706858479
3994548296
134808585
4144177121
735045134
17756911
3925605110
4162183421
4125426656
370337028
420412681
1180303105
455286272
3942704385
3893038839
4024962816
4277132798
118954242
4227994356
201580261
84149006
3992984824
4146270970
327168
504171241
3910397678
4076986826
50856935
455738850
537455125
317914352
99619087
3841135901
3841716734
3741261555
4143710723
3604610541
218427412
4143650597
4025875204
4078038767
3808233937
352582665
520098841
487717635
67238926
101580281
4211151875
4193385745
4210749956
786096356
4209307155
821176054
691207985
3453156865
334498337
4143056386
352584708
183300362
4060284667
252444934
687012889
4211405049
84674079
4076928264
4177528336
3975611148
4160291338
3839167981
221517826
134483731
4075752189
4110286336
50197764
4094490357
101062653
688523557
102497837
4243445731
4144819444
237110774
4094050059
220017680
201131020
4276873468
48883691
623245570
4127848991
4245365248
234162704
4227862517
656137
33752331
286261249
32769303
249957872
34868222
17830648
34541852
4226283302
4092856849
15459058
269350389
119474682
420285705
3943900446
4027778320
3689610504
4111205099
4210889766
1039689005
337054055
195320
3439399448
67762666
603520529
623043313
622992964
3974106372
4261929443
3755923656
4160425463
4140896765
133361397
4027316761
268632817
4262860040
3758819866
4260887805
4194568195
4126473202
569634833
203356426
234093077
3992456192
4158846463
3772841202
51062752
3724417277
438107146
4244897544
306255068
739585577
4145747447
4293601291
4059490304
371795255
4161081869
503844907
4076461053
354029061
4077718265
4110420994
220800018
117052185
4277924347
4278320125
3607301353
3858430959
168232195
418644232
16258079
270732048
4264628794
4194500872
3738958324
3706321392
318172934
4090880263
286120712
1249264
4193384426
250678775
268443678
4195616537
166850526
3874881524
32772114
184678910
1142559996
755377694
4111590911
4125291277
101643512
4093839606
186191854
4195688211
286002439
4126280722
3974620663
4226212588
134296609
4143708411
320142070
502795294
4194500613
4144885519
350554874
35131131
4159636307
48886759
120726027
152043511
3925864704
4142590682
250674929
4294579206
235872772
552533265
4160219672
3857778177
4226879266
267704833
720895461
3606508754
84796670
100798755
318698466
671160854
603713826
4041929970
452198133
370805514
3977050604
236198130
4293923083
4044496176
135262434
4209835268
234759414
3790204694
286596533
4160419549
33750800
4160095001
3940938741
3840163553
4111203848
4144035059
66782470
4042577409
4193975791
603063032
201322527
85857790
4228839918
301990659
3860796679
4075289326
4277664752
84542213
34142967
3741712111
3990944249
3925536733
52236008
4245682930
214769953
637077543
621672958
3908308488
4076535046
3840869612
351531515
4192656371
17696774
4294380039
4010147849
3739218427
4026727417
4278584824
284560386
3910270956
351664881
33092868
102369788
4127727626
468120325
317653494
472317690
436009429
4280484599
4093507568
4143643652
535641350
116594773
3975738874
68488439
4045471733
251461390
116721662
470548483
668205585
4112253973
3623095082
166072556
255471913
53019380
17895912
3860136703
519175380
384296481
84272880
3641111541
4176736761
4178105305
165670957
4208588809
170721795
3524407078
4143904508
117240044
4008640273
3673426948
67314952
4277672955
4143775261
184153070
3992389361
17837102
302444280
3960209148
49084973
538037234
4210696699
3942508062
455026700
50590505
3557486341
3941268970
4260560110
168035591
253028599
3974888949
65007331
350295573
909380391
672078888
621620035
49346072
3908829688
4210950649
757854736
251668493
319429146
3906270970
217509847
522248957
4110087474
504690426
673447173
4109892114
533916397
1310468
4144567579
4092914175
184419813
4127126823
3841587969
351142871
4162066725
4111674178
3942838018
4212194554
388495839
3908173576
367185908
33416927
659867907
271531790
840039953
203098406
235862535
236194079
4279829257
570490612
520026910
708769262
4042190587
33024739
3858237455
4212454407
4262653195
4026339580
368707577
402582543
217250837
235929612
4194303005
319681780
4162060539
3674806780
3977183214
4196020463
4228846113
201264644
134020368
3890803952
4260625124
34339604
4093511679
50067451
217840890
99548686
184936937
135078647
100532495
33428992
3907577095
568845567
4079211004
3978828505
215351578
116901374
3925861376
15928820
4075623677
4079356922
218828557
3908301554
1074985477
4262993425
608356074
4244644633
422044941
4262666778
4161075954
232646157
2169614
319282956
3907971848
4226213872
4194631678
3572891405
4228846585
3673810927
3910983660
167971307
4178906089
4226289137
253697794
4279257366
3991201326
65667886
99281937
824043216
102043926
351991047
523296767
707866884
268832763
4110875632
4225818109
116648413
3824864263
4176030969
3489200150
117053982
33946356
169675274
305805572
520222463
3609390846
184680730
4243982353
960618767
4192526869
454745578
368046609
4112712961
4059295756
4264752114
839714580
4209443329
3957914896
53734148
68229402
122504959
586029842
4293325581
4226736397
115997186
351535121
185863457
4159052048
185596662
152837357
4111538720
4243322369
3989770487
3891599601
368311848
3707033609
316862978
4076994824
3705867516
635832542
471660556
4293726450
3993434893
101319930
4159172089
3925274097
252312819
4192927984
4277070826
101251072
201257238
536689666
1529027382
17241142
3572369458
1060043495
4143579913
487712754
3723888137
4294505204
4126654932
504632854
436142883
3707894791
203624686
3975470097
3856859622
168553210
453439215
3926658305
184686329
705231629
3864995568
622401752
3977976071
265350154
84806651
621549588
285675300
4110678522
134673639
318045443
4261610730
4213644281
703600635
4042785069
4197060595
33031164
4261275895
4177660392
4193318666
4095143673
134938357
871374627
1298075695
3690397964
4127198701
234489364
66452483
4211278590
4060811511
185207295
4026660347
4243328245
4093514721
50530304
4178447636
3825867029
3891593968
725081594
235686918
3758759670
116055511
300355076
3774216728
3791376355
333968351
304553730
3908970816
3572627979
149947123
3322148864
3789873623
4227196153
3873435120
136320747
4277998069
4161667610
150003730
4245030381
3790470146
636882949
4180543998
269286383
4294640374
3975409902
821685243
1078980901
521536230
3976721649
3755800310
133302809
266805002
4279701525
4261548276
504825317
3638955254
4143639553
17692396
455482391
186849797
3891523052
251332843
4007587581
32445209
385874715
33159972
3941596409
3891322091
268965648
4111075310
387719446
4077913580
386788094
151196164
50595583
284880895
471270144
3843362806
4294503408
485807340
4081191149
3858254827
3755996897
3809017348
3469928679
3890805706
3707833597
4142741009
4061462552
3892447216
1141110515
587332102
4261469939
3741065721
654047486
300871667
4229237489
4294115849
4262466316
4211934978
4194508261
4111398921
4210619139
4009824754
317912068
4178633204
3874552091
4244311297
4144496137
202050551
3990755086
201656837
4077261584
133957892
100528909
3925737204
150536431
539496485
386602535
4244309256
132643319
3926327523
253952286
34679821
3874485266
688269365
4260368159
352316153
86505202
3759015422
336472588
18032886
150865144
101522133
688858179
101464116
4192659976
488374528
755955460
1176038674
3909609950
351017706
959705625
4229636848
268118324
4010154483
3791319038
15467505
506210554
135792382
571018742
4142461215
4193649144
17697273
4126602753
4226352376
101380849
4210881804
4092657131
4059556351
170464499
218301948
152370432
117572104
4211864048
183826700
33357357
3926462438
3824938489
4243717367
4227662340
4162199293
3959620355
3741584644
1176956416
4160754438
4277074686
252704525
133558541
4126597867
134931165
235213801
4127982080
4277993219
68029964
539562754
4027324684
4076531991
3841650941
200684512
1709553
19468516
3892249581
4208986098
52172571
4044943336
469360388
4096130826
135783625
151785469
4210426077
4293597693
4294837261
83633164
218627837
4262080259
387190043
4260498442
3975999240
303101941
184484610
487984116
49870315
385219063
4009435111
3957645823
4047953132
521150738
3859337234
3958302706
3957321195
16253960
168040708
3806387732
722998524
283776298
4179300860
4226878218
52034807
455094252
268180225
269814808
386135574
32704767
83296527
4026729982
267912194
299834406
202835994
67506201
4244833289
3624267260
83228430
4044485102
3792377556
3239644421
4060539615
3927974383
84610297
136710400
3942841089
83833861
119020084
15794928
132389140
389631
4093833981
538058013
504176951
4177721101
317326098
4160565035
421394705
185867584
1904620
3826257648
183498260
369362961
3957191688
150271755
4294767094
202246378
118100762
4195286513
36514806
50137309
135332108
4128181778
3909684468
4244571379
3960606193
101195532
251402763
4026466051
299430122
1009977109
485291031
4194230002
133747179
3908639490
149024273
4178967285
418911779
182322965
4228379393
4193975287
4009950711
4260818430
4060409853
3840801276
4142593772
4278384389
4194892541
284821265
4095214834
4176476417
3907057645
721497072
4045141244
217975281
119734277
286579684
4177468414
3925864205
4142857960
4040551671
83028737
4227202545
183045622
4277660180
198963449
873793553
167171378
17953542
368956863
4161276166
3857647398
3724605669
4174573805
117828863
387059443
32044819
4043755778
218423830
619438320
4249815022
4244960481
4110418926
84541692
99029251
99876353
102229004
2496520
182126327
135400465
151984415
4277405193
4194758644
3623818763
436932337
437516523
958201626
170792707
3891656705
72429
556206857
3893230851
353888739
201259284
368703239
4093640973
4243452184
167969532
4191295500
434632246
4178770424
3604678928
150339814
4243977467
455669524
4212466449
167907866
150470386
4193251589
605166105
3759340572
284101848
4095538150
858529812
4279045371
4145090043
4060534507
219945460
3875798770
4057787895
4110282764
134809318
33294607
4212464391
238692406
4043965439
569842941
83104987
907340064
4210097167
99881708
3640192248
4059952577
3893236235
3791713289
3857577746
3892053262
4244307453
151387387
327202
269809119
4227854376
182184436
17169642
185531631
3841657056
353566961
4010799368
4109046776
233834003
4261806853
570103311
4178314775
16118803
4024952323
4276873223
4143770610
405870573
3857972983
3824360183
3890739703
3875331780
4025554684
4026204191
4278391802
17101306
4094955008
17307886
436725510
4127394804
4242742785
4260620036
4042116384
101585653
3758228515
3537236205
537065981
266929662
3722045417
349114396
3960471814
4008044789
119401430
3843222523
4158720238
3540580361
519659
4158916343
3404454396
3957322709
4096587290
4244048119
4178309355
3843621117
3925936382
99546379
149677541
4228315128
33426678
238366739
4195036973
1008456708
254214890
302650361
4209246729
216332555
3809141224
520167694
337979148
3690993629
1278016499
216859917
4077392663
4093243918
3792308985
99091202
4294246652
3339326713
99214572
1410274281
539040528
3973514999
233510638
824834601
4243856402
3791255817
49608434
184939535
3789944070
386011150
183238937
3524855038
82246697
4194038526
3775267840
4229305110
875772183
1110502967
777861319
4024769810
487252289
704184809
776333845
238299645
3993766375
4061332223
4076995568
31841009
504302034
4076138506
687404527
924130083
4127459359
316658991
739575855
3809151273
336856101
4010538223
3622513915
453055487
4261143812
3859283955
4058706434
32244474
84410621
4194963456
419892226
4094227722
267317501
4026007310
4093310701
98956020
3926783486
3554931425
48552930
351073006
165998363
4094093313
4142078456
3923701494
3859475186
3268609230
3691053280
3959612664
4190510080
3977987825
3521518420
4227127794
3706970353
552139028
286065188
50990866
185725446
4278326779
3757834469
82895861
269422575
773467939
321136109
387454476
201458711
4010150917
4142659312
3891395314
4279040236
4059698184
637204466
3875013645
521202664
4193189116
4176409081
217313532
68155390
4026666506
437516042
3992531953
454430772
4190965246
4243000095
3942969586
4209575147
4010013167
268824314
285991410
4210885358
3776250863
4260827881
3908434924
16908553
3910079498
4075883751
620037917
3590196011
98567935
3842251022
32313862
4226742555
3773165553
4226214625
725152225
504237003
102822914
172441049
4263257627
150072078
300022770
34409474
15461398
3892371190
737209563
4160358422
101648623
200212210
4280944641
338220034
3557162221
3722581223
3772507117
201856521
53351480
3857326303
4094161656
890250496
808260379
32573733
4227327215
3691313659
98237160
3808355567
4093111514
119475192
590095890
71895076
120335336
3822996519
3857377769
84277516
623457564
354229773
235996949
4228188166
301199107
219349507
135138326
318961425
401930251
538118916
4127196416
4092914417
233627363
3808756219
4007397881
4125092331
390402
488109822
4127121658
4027448285
540096795
4210885942
201720538
4028178187
202576895
3824878827
838275570
4194430207
32898558
233240048
15470109
4293920796
4008838379
4125881068
4092334331
267251494
236581648
4025479923
351474438
4210683120
4194903344
605823001
4228389632
50602505
4011392772
234355721
68100603
4163448856
369296136
4293588487
200995318
4161531148
4159832561
3943822847
65799164
33489415
3807830511
125159
537003517
4127387143
268167916
4128244219
771559187
3672039678
435951825
4163117840
470942486
4127327262
3673360630
4261543701
16580861
4228510182
148176921
150729993
3955349743
4209374180
83163120
437521901
34150179
101189432
253501994
4194767087
4093046793
4092390377
589034483
235010585
4143839235
236455423
49805837
4229163768
4025940727
66257161
183307769
285211410
69599227
3926196737
4162452988
4194574329
4278642673
15997188
4125748728
50524911
4075160848
19276790
4227470619
4093703920
4259318012
4195747094
4009358833
268436969
369035802
3958838279
4144303345
3841849352
99152375
4227137006
3976658447
252770302
33092855
4228115459
3706387206
132518134
250803716
4096136162
150607602
4109695980
4043963616
471599860
3942252557
4175824622
4126011133
4060146413
4093837843
3943369212
654051814
4092665620
402317585
4278718742
4278393363
890834929
168498727
3990680600
384038142
4060474621
4010217983
4057656806
353764898
1094200075
4294310682
3892517620
4159505650
4160144105
3991405818
655104277
4293393197
4142137365
3857971956
371919602
4076400147
4261208049
3756525044
3688948751
114822355
3689417215
48096754
4243325193
4078238197
52372253
1310192
151258105
268891393
436737067
4160485374
269616164
3907194592
528120
4281801730
16730386
16578305
101901804
3840606965
3405047780
3941069039
4176671227
4127588851
3840407032
200867058
4229302501
4027053583
3924556772
4127715819
4177791488
4244440336
36507393
3875999734
3992004393
740102921
540760658
4010341644
4227136480
420811786
4077722918
3993167891
100079127
100658923
4212134377
4213643275
4160352494
4059105539
4209443062
100140546
169536264
351528185
17633815
840507404
4096145679
4193783557
4196012271
657860646
453902885
417459430
47901938
166264568
3991270090
4181113832
3823304690
3623940078
303301899
150795553
32833002
4093906170
100397579
4193316609
4191545078
4161149688
84016378
569173742
52502560
3810006777
4093382642
3906864640
4109695471
102365446
4262200332
4126998529
4144292602
318303478
3926013683
81725716
738651670
3791713241
304026099
3641580816
4276222463
169341959
4294183439
3672632817
3555918345
4008190967
214616882
4261947649
3843302396
3371305751
4242405625
4294241518
4025549311
889060395
4144555518
268635142
366609444
3706771211
3587908079
384759811
302975259
32638975
4126275309
218100459
436734982
3993834769
4225557501
554758412
4143258394
184936426
187045866
4225953012
4173001983
250734599
554956531
4177915929
4143048183
4293119441
3858300633
269101058
82898185
218760439
821041662
3910206731
3959415269
4143907043
302184709
3810255850
66450159
4244434941
4126733047
3757048303
284487415
3992257281
33028371
4040017880
4075095555
4110286341
4248569363
4060351997
50004706
234878487
3775134975
4227920364
351794171
873585158
3624141566
3957914099
184274913
167378675
4193775852
4225306371
401920531
67051527
49743404
32433707
66061040
14815227
3808818945
67432406
200817166
83947506
3808231432
50141955
402662170
523060516
3992717851
4110094557
116521491
4110683456
16324620
203687446
16913166
3606834716
133887981
4145083143
182775302
4242800384
3791063316
418836479
200144896
151379443
468911871
4009294072
3471961853
3875277282
436078611
4060538105
4110679803
387578096
3824549870
4261608432
235612946
202049059
4111135732
4262201606
285088022
34602525
198958591
3942643445
618798323
3927574533
3910456058
4060422120
135341592
49016572
620426769
185082893
4229361679
4008712688
957088291
17903151
4142915577
302574324
300420373
3420524086
116126194
4093376259
4278718210
4194370315
32439557
3957645032
4161075956
4210889719
4260294639
4278249456
352778508
3806789381
4024491489
4009893130
4109557255
66586350
4261675025
4091540214
67240436
4092459273
3790856443
3855870177
4294364889
4192793849
51377627
4278523661
3739938039
4025211086
202701802
99874561
3338726860
3858622714
215864839
70584561
3975541002
83228119
183492349
3335777490
4158514667
4175745741
4245414330
4043510782
218363882
568127012
3973252875
3928347366
4057397747
4114155547
135405587
3739487478
4145420033
3992394531
3639736038
569900282
3958955512
3962368485
285810939
3321435674
236267041
3959949806
217316342
4093047294
3654285038
603194142
4245748729
4041863919
4259910426
3840281646
671020286
291114488
3925607156
3591042807
4110680839
4126276089
117833717
351205610
4078049817
15196409
4277604866
4177720565
234158330
68156665
388689905
221710621
875048494
3824488230
14673384
3957327861
4177663008
47583008
3973645516
4126861059
689112291
3909423359
4277868790
200734711
4226010878
216725005
4008439324
3891118838
99676879
4025674474
568200433
181663025
370274323
4066392048
3641566703
4276619234
3858302216
3555910358
4041672948
722211881
236394251
3842052101
584970760
504426250
420877054
150599395
4076143097
3993043442
4008969222
3875722235
65564
3792885992
3622107637
66321628
99344889
17368319
134618112
4159825157
183698913
454033203
4044100371
4043371004
151386900
183302387
69148651
4158385921
337851407
4076927272
4126667520
68413715
4025278974
567147274
4226930166
168487130
876415747
35330312
4158715416
3187340254
3604548376
4175347903
4261859043
133760485
790365998
4246404870
4027448817
4276814342
35126757
4194893293
250473205
4211547649
4292018700
253753350
149022959
4195413255
17760214
353569794
4212258302
351014415
4226150659
736560935
4176342538
36702946
3692171518
4163960840
4211209981
67044846
3977187552
3909233392
198841854
3941661679
421602291
3959895605
4160998888
3890741756
116387333
48902414
3808681275
234611184
3857639656
4176151776
185528087
4127266306
4210163718
4246598658
4043510014
32172792
83298849
4194757374
135010257
4263190586
636165923
3489258499
229708005
52028195
4177919710
3909553656
4160288764
3976462564
369235199
536622401
4210759700
3893560568
3943160290
587533802
3941785605
234357222
4125417710
586339297
453318138
202115585
200929257
318571805
16915229
500831756
49411348
300674052
336600091
4293528901
32110861
32706066
4093243673
4008050671
4128057890
3941461763
253631219
3942381300
50661364
4261282826
100991512
4211475440
605225476
3656579317
3623616230
98104307
3857830618
486992883
3791179018
4059102192
3959494404
3926003697
166268906
4278653452
403503879
86379011
3941792477
753928450
402973434
3843411727
3925149680
3991393815
4094621139
3959620870
3218002926
117041365
16579342
3775134711
4278455799
3708478965
118093031
3857970948
67306483
3958314757
4177197561
4278708983
84873457
3892573936
133827581
4229959197
3991665957
3991343581
19328503
55058450
4161075684
3892776674
4144569603
83960841
4127063545
572919811
4075283206
4076398581
3741523201
300806370
385416954
4194112262
66723085
202369785
689370623
150074903
4060215030
4009362677
83096081
3977374973
419041288
302117920
132706308
3908827095
537658601
3844019688
3825137936
819594273
369957125
4127592935
4027180033
221187600
320210457
33806081
4278321397
402522376
4294577652
537786108
169940988
317648395
201456629
4076858352
34273512
216602135
539554808
218237970
287052775
4244311577
4011397106
3741517588
31786235
100197100
286855149
571272956
253364512
334688779
4161206005
167643135
3759468003
3623288549
4194042374
65477123
4161197620
15920144
306181339
3776312053
3354655172
572320012
3792379113
4144233455
4143855120
4211994642
4076598270
4244500975
202174438
4278715375
3708088827
4042378703
4229433066
3775196419
571270887
3775001096
151381991
167447537
32174586
3992979950
33816576
4127649790
1021587495
3757639446
82837001
4279498487
4278520043
251726841
568585740
4009294311
4196726536
68878316
219543285
13556493
4144433177
3772914700
150338073
317524483
4227530781
4294440456
4227730440
4194691062
151060231
82895085
4243914486
3858039031
3741055960
3875074262
3824088297
4060350466
33886706
99216394
4161995767
3840928745
3940806361
83358969
3352165367
471599593
285414172
4159700731
4196342786
4174579956
150988547
3708028385
68164863
434963483
83165426
286191626
3991859719
166912761
167967996
4193317615
150792956
485490420
118102038
151132661
134013397
83305218
4108515834
4043961066
607507412
603520290
4195424508
184818702
4042721544
419631119
16845596
336661762
66518782
519436306
184941046
4262928399
470813677
353233654
4029283548
3891217179
4212066017
4013311248
3807703785
872414208
4276692510
4042452496
153500677
4262079331
4209261607
3675266026
4227476720
4111530489
823202080
17177847
201718006
4043121944
150597637
4245292536
150928131
18100745
217381121
4211603711
3775342369
65602039
184025618
4077254400
169675517
3842383101
4261283576
50735606
824118028
3790666492
3674144239
4060486376
216939263
771753994
1058199339
3791710442
216595429
4258980338
4176076526
3890940181
337318906
4260822513
4260293371
3960999935
116394997
436016126
150400516
4092659450
4127586312
756230644
16714019
3990095885
3724016108
3774416636
4026468083
471668485
370803456
3959295233
319817694
4279443951
3723439386
555283175
254354677
335946280
368707372
4078499060
3591178214
874378984
14090248
604246795
419301143
350607824
3588951041
151190277
64238382
101709825
4111077911
4060478987
873595648
418249242
3909998068
4110419959
267968516
353375017
150208803
33552883
166723066
66783755
4260629738
4227267072
4075814916
4041996772
3676623614
3940878301
4262070273
3876396014
4227990793
3825137169
3741529052
3992852482
152573983
4162653187
3992189679
4043112183
33625116
3741185799
4159698435
3928033290
4228115446
4176801035
3991333633
3570327012
4280485143
168490986
116456461
1378156778
3927573229
16314632
85066209
3554538761
1528038868
99219008
3857244127
217831100
639247338
37024011
266796049
3824017148
33166839
4093374222
167771130
604374281
335612179
470284822
17170422
3975547669
117507573
3908628222
4009162700
4126149337
822224909
3053711879
387449570
4064224523
3603430923
3775722204
4259176699
4278127107
521202669
704183304
4026854927
32633312
1140189663
4144440068
385348896
403830531
4212387596
3975540212
518246666
4196458735
87371502
386285106
4165216551
503450624
48944567
1447236381
98431016
3675130110
3892705500
789780965
4095084286
4042130936
335875314
3889236472
318432270
3738567942
401679111
3875540802
504362729
3864084249
4276608491
638314701
17891070
4108448728
536082435
3859094280
4195095050
4261879291
676536857
840431868
1176697387
4260436259
4225367826
269548084
386138095
4143389226
301850640
153092814
133034237
1040963845
4278129168
152101379
217376757
4194171405
69340416
4059494142
4144031224
4159635454
250930936
4244373252
268828136
3926392120
3707111173
3908511723
132316918
4145347326
186071326
269094699
3793349595
252765165
1275336441
839513624
66835422
232118776
770890225
3977637871
871765765
4275502101
673771276
136127732
251271169
285347326
203688239
4177857514
3873112073
4041210620
269287417
456591397
49214715
351865593
352709632
220270580
4044169497
4244432628
3758100464
4229823212
52097809
169022205
267912967
133889292
133880343
4160618485
755561462
4061594658
68289033
4259709186
168626697
593685
4060745194
4143387378
4293851909
219606019
352522224
3824876299
3975421168
3975216362
4227669752
269874692
3908911128
4107930687
887552792
4177324313
4077773529
416674796
66718246
3656643825
4108772325
19601606
3995150645
3994612265
606540485
452128533
4178453514
4159969305
554040636
3639406861
167901176
67630066
251391740
3841455868
4059045640
3520460291
1378031
417065203
3304985599
4057989091
3975938579
135202300
3911127555
4025286923
4278249445
167051564
3674138357
3959284721
200672486
87109663
301993477
4007061770
4158249209
3977369835
3991527661
4092663026
435622671
4261736969
114482165
87298796
424151590
4025219853
236648439
201724687
184878838
470747920
236193811
4044495662
3740143098
99548181
4128177645
3505911786
404948723
4278578190
3740867570
387849188
254745081
4279436571
3942775550
4141934604
1192749817
153746948
4262141724
4059964918
187571976
4095678994
4276681987
188612337
400881412
639243807
4079419659
186462980
202122548
3976659720
4075751960
3823238406
452984086
435162896
4144096776
3974947810
335800311
4092917747
4059623945
4245363431
4178110450
622655493
4126730235
16914153
101118995
101186290
17762064
4261086222
4261478661
133625610
3925736946
4177196291
66577648
422250729
488177926
4027051781
4159366639
4125416174
154074358
369563408
3992911082
352252670
4024697850
18884099
317988361
285025101
4193647395
334828560
738259266
4142451430
4196203466
741863436
4144757981
302444251
117121591
3907575555
505284074
235868182
150600980
3959820806
50069761
202117392
49677047
32966655
4110287361
4160488203
4127517435
518969373
152308999
4226875440
4292806150
3589206262
386268113
3943364102
4293531123
3924096547
4110407944
201781707
355534853
3757707763
190189563
805035243
354219795
3909550822
118759674
83753475
67561714
184219627
402522877
319096584
150006045
4210160621
3959023351
300746736
195056
1762582
4261998817
418777095
3925931271
738593794
134550293
318498304
135590393
4092264187
34144516
4278515178
351610375
536220193
167701295
319353097
4144629490
3639803380
4227137800
556000763
3704481555
3723815411
4212062940
4294375929
186196477
285153272
268755742
352059653
286198536
4196270581
300809202
455419935
3925805795
4277466611
255583244
115931400
267713787
403700994
135532062
151392294
3842508304
4075877638
368899289
50394627
99022334
185145650
251845391
4261486058
50200328
66781183
50594818
4125819386
4022675941
4008765442
385149947
4211407845
4293520918
117190649
3976075850
3758624526
15400172
4211285244
332596504
3725265936
4126543603
134607369
3808433395
4108718570
421263354
3910150174
4210361595
366809619
250935515
1093740079
4126470957
68088033
185669364
888993290
354945781
82852130
421207130
4043697393
4193652970
3941591555
66582262
3992717041
4244635389
4111263998
4261279985
4244634882
3893825527
4126475523
840110611
4263049471
4041873413
4210746867
401995017
505941789
336861475
33885453
3656839921
824447701
1293369936
3807118373
4026080513
3927833090
737481459
320877598
485750521
4262590979
369232367
4196073740
4177658884
469364491
102037254
4092530951
4193912571
299563006
101574416
4194363153
3876856061
4176412414
4177260046
335547649
317462808
304482065
287246358
4110353915
3892709362
318438174
754377478
4013689821
4230091518
4111266042
4260694270
267256056
3604336149
217909021
4043634166
52431099
3888972831
217701614
402651667
385544189
3890677766
4294699777
4259834850
4211023125
253352202
4010742261
4191814897
3689358835
3874943466
3924947202
200539110
4142919657
4228446216
3876389623
3942444290
183957740
4178912525
4242991331
402723348
521412405
4263510272
4093901553
4075621137
118425852
3641915681
4092462083
100596243
4010927088
150278406
384821043
4044485878
652737002
166656568
402569959
4176803590
69348348
4262459871
84155403
3758423032
3993628918
1092222196
4044820724
418049796
3958707968
4210093848
169361960
50665228
4126537994
587014188
3521382425
4109630990
4008380672
269154269
3976063255
4230683368
3739821064
50328789
3941200371
49075681
472772329
18485780
873798685
3860271870
3591374333
4262070501
4259244538
753856266
775349798
3892117489
367657981
4108975367
4277730562
3958045154
4008042487
103693297
553385806
4211798029
4210102794
3941721595
4211148787
16254189
3506505710
3841322476
4211083490
48751601
4093312550
3909755626
4042123744
3858433034
300616437
4142341649
354105376
4108716099
101384427
4092529189
370147335
217650967
4162313955
117707756
4111665925
485622017
3926070562
317254130
61708
4211417078
3992778239
4228913648
3924878075
320071659
555552256
4128180503
133103090
4159964424
236847065
252259594
4109175822
133946637
3342277355
151274767
4277797118
54201871
670514512
201058076
3388731380
4007921173
3992785385
16243699
353230308
4209704954
3993241328
3487438871
4058777062
435877891
251198190
118557184
3691783432
81785395
4025680356
722471433
772805372
457318397
451080717
286260749
85862659
199423756
303502341
638453503
437132821
3977442311
4076667383
419760894
68025114
1258884631
804450309
740491537
3973969167
184603647
3791779531
4043504372
4144772659
198965500
71568887
169219555
118823710
4094361388
3791020804
84015920
4173656034
4075013607
3925144827
3874881246
3793222893
4107666954
4161402374
657066754
337661524
1011482419
3707179748
3656508091
1244270344
3974556650
3875726032
505614568
587469074
17502724
4192728315
418438882
3673043194
4043099915
487199751
424541935
133357296
4110084856
3725718221
366403571
51760874
4024642599
403304430
4244762599
4127652607
4076405244
117246727
3891136266
4226281202
4109954798
3873697260
4092583923
3912709673
4041731316
4263111641
3944880134
4277216229
642002666
17903355
4044237094
133102317
215869421
167114496
283841012
3759150054
4243784955
116582158
3942120152
4242540015
4192733421
703060729
4278771204
3908629244
4143510745
3421238251
3605592802
267067449
33939974
116852184
4144171785
234415634
4091799277
184348455
4093121299
233639949
3858890241
133628925
4175624455
3994750994
3907252721
4244172259
384169206
486269456
4110025712
4279364594
571150847
301200962
4210489850
252966130
4294441743
4041731569
4143383283
304028151
4247257852
99751666
4061066248
319026944
4242865156
49738218
167837203
3892324607
4261863450
99804165
66853622
4025286407
284763421
3872782575
66453212
536412723
3773962986
3808169458
3571133993
216791008
4242727654
736037906
3941270033
1344934130
4010087446
4097703146
50731297
115994886
335539475
4259438841
271325219
133035793
4209903870
3791184865
4110746637
4144241899
4009159922
4281079288
101259507
150008066
537914637
51246615
3775795425
572187141
4230224891
501939703
116402735
4211795946
404552199
4178579730
4058444247
17755648
3959355150
83954434
368636664
875619860
4027784190
484763913
4009361918
235410698
4243387894
3755401449
351133442
167447014
3975669736
4060016132
51193357
453052154
3823767344
738325507
49608919
99745302
4111409389
82646777
19533856
216921346
318695936
403308044
34734335
3825534456
4058314766
4276615150
4043037936
471204869
4110486518
4262394623
4278387937
385352212
435946499
4262787862
4058313200
4144623863
4144891125
3958892262
83884782
4294375692
4210158057
285086188
3941469170
133565208
118167307
3976528615
65466111
318697473
4228120831
4277732348
3941001480
82833401
4245221124
4093971190
17036036
50927616
4058914063
115142894
4093699847
4291628776
452982818
3675193842
17101286
421475817
587395394
117636858
99540997
4040940009
3824872413
4225819614
4094362112
420478945
4179109122
4293012998
334839380
3841845820
216990712
637601546
823323673
251265524
403769875
270799835
4194235675
101244395
4227267828
152042238
67374338
4127264498
3891330028
3925073404
3891982840
120977680
4009618660
84217315
352773130
166459377
942931240
302253849
788592152
4243851005
3942845930
4244825045
4110873856
82574315
50260468
151989739
4143511564
4293001484
421070342
134683660
4177464318
218167032
4210620916
117700603
4058839537
4293719554
351867643
217378078
855429083
119140857
4075812866
116979469
49477363
271114495
301603329
4210758639
3909883388
3694272773
3336824819
84145618
3927052040
149556219
134409198
487326200
3908633881
267977980
4026990033
49353723
252180788
3926461158
32380920
4042910774
134220798
4059634980
185529311
4209569270
3975730922
4210946254
520030432
3857644312
217584379
101444882
4161474036
52758808
3943096297
3758819045
4143843558
4209641471
4108644077
4277595894
82898203
3773764115
65923087
49480181
115997190
991037449
68154104
3940282614
4279168787
4158780682
4043569410
285542905
4110611208
117054742
4176544762
4075545840
4294450442
321453059
4281473307
4293465614
264454
3943103723
333841153
4126208522
3925801981
4009563143
4091537625
299894045
4159971639
4159632386
4259443435
3691443181
19269323
4147187704
3826713071
4209902085
3538546671
3723025915
4156223444
4209574394
68356598
318702106
3944085492
4126603244
151386094
4044686829
4177071610
16252154
4179101217
3941670168
4195154931
368896766
135400442
270604539
4061991186
4092918772
4160095212
3589399541
3907443669
4058179846
4111524589
3304650730
116518615
4228252157
4057466090
4143895017
201326851
32966148
267384073
285476864
4093776659
4160545779
3974105857
15209992
4059038499
4125423876
570031351
205266189
234946032
16052214
4263307792
200803606
3805614336
3958431444
48232209
4058769911
3959883514
4039570178
3958629392
4179172596
101774646
183697670
336060690
65858023
4042457357
3790604005
3975016450
3975539377
569829365
905509860
3541170474
232597480
4163779391
15354681
3940079370
4175820766
3927176939
520031197
3875275000
3876255474
855837206
3724143599
354747368
4277082171
4075222032
184678145
3875928832
4260761343
4024693763
4243975933
4194169850
4061134065
537524193
3909281559
3587041501
419364595
4013441561
3840338916
4092592610
586486531
3776709380
4226616068
17565428
34342670
50984963
4179167251
468854555
352712748
4092531695
4079294203
3841591046
98695929
370998016
68029459
30149383
33418474
3942381062
149882847
622464814
3674992374
3824354538
4028694533
3890871808
3910598130
4008181257
218821359
250931469
705439242
50268457
351467010
3925011214
788270355
119406334
554700553
539094524
154085675
4159505676
4024495089
3959626784
452531485
3991791106
637394654
221173286
3539134927
4192991473
4127913210
298705615
3909411843
4194375930
3722764532
502590434
1011416871
33882405
98828793
4159504937
418509300
3976327148
808912356
167385859
417724383
389483550
3773370112
200541432
4263696890
3673148934
4060278230
3825327086
3922787586
638129159
406184717
4161535229
4277077756
4111335644
217637359
4193841650
184094464
4125950221
184151531
49215501
4109362680
4212981215
3606506983
352382959
3676241400
181796845
49076515
4212397060
368113948
421463042
737543151
4127774486
3388469202
3990942430
638321659
807672110
4246276357
3438216710
4259251698
4208718065
4009885679
4075554820
401594077
4294576637
4227067648
4179890949
4211019244
3724013311
585420283
186518518
3839353107
4260755965
169601269
439807225
705309205
773451754
425011972
3490639842
4293129199
3808297206
621746469
4243323932
4127589622
3523738618
115205604
4276813842
366804715
519769364
4278260965
3555387638
83810018
519229714
84339702
4194699012
3741575153
1057225725
3486646812
117706484
4026144259
102364371
607004190
4227404777
3539342079
3722908915
3655662332
3638226898
266861044
3824543492
204136438
4161276142
319362286
421467901
1263601657
285413127
3738829568
3791786004
3674796013
3925863133
3470200062
80988915
369431854
53087273
3722829277
199479777
300743704
30210818
3738944734
114873354
584773629
638122036
3790862084
16249064
4195679499
4193191162
485619450
4128506385
133829876
4262525451
201588743
352255761
3555850472
234030828
4057853719
148960468
4196520431
4194506484
4060544520
4094487786
284157434
3491683088
284821992
370470174
4243515589
3384860681
4209374686
3860464397
303687167
859151
335071481
653915358
101187322
4057007611
3842235419
386869774
2294021
317987059
133623322
184092160
4175885576
4242993651
4162446330
3573289722
4057722118
4043112928
485958658
268300085
202245110
134347534
4026862593
301851399
4025819659
4192986336
418897343
403506217
170197236
150800107
166857758
823324710
102496011
134012366
4059823370
150997010
4042123515
4076800739
418837531
770511874
3674801437
81857254
3856148217
115996182
821888019
271188993
3993243625
149290227
793117718
3539393284
654176490
4280495872
3957964811
4008582912
4262650110
182777348
4110878191
4243847161
3957782022
150071307
4280348653
135330294
4094818796
337641450
150863905
536547829
321462055
3975345449
167973635
403706898
3525643745
3923101961
521672445
4246933791
16706560
4211988228
3370583775
82696704
486343183
4294898186
4265023745
4244303856
136577520
4095209741
4174777100
3708417542
4176875754
4193782592
3773495551
4042318583
319226405
4192272910
4026521843
149817856
4159836189
333383458
3722181383
4074962406
83361811
167769356
4111270643
36175849
18749188
3991866342
3790851316
4244507139
4108378625
81648899
166858497
86051096
383906859
184216306
4228248343
83488524
3872785917
49082367
687866886
20183281
4162528778
385348597
4076076304
402524140
134546188
706672129
470683174
4212127985
4227927060
3908173545
67365618
3823694818
3841846259
3958702100
4043500520
117181942
267919636
84285460
68161037
217715206
3908758002
284878856
3925336833
4092918224
4160553713
4111927304
3959158779
16450042
4093313536
4210097120
587527924
622396433
251660052
35455784
4162137358
4041544439
4093313278
4028298502
3808963331
3503487262
80527568
116980942
3909092374
4294111774
303107336
68953336
117190171
4278055399
574637035
202779672
303228675
66519535
4127064039
167441137
15069970
67238900
4059892733
4260037371
4043767315
33362698
352852727
117894405
4126472445
4193581560
4277929995
3858500364
4076732150
3976074509
50851563
4110481394
132837917
4228186883
99941376
100267544
471995406
115791894
4075938303
4023845348
4042005743
149685785
101133364
4193969187
419561734
168168449
253425166
4111600628
3874748401
4177130486
4078965259
116918015
3942316294
704515102
4210227979
4008967937
371327786
4212538917
421208086
4111469337
3992588534
4091730189
184281065
4282973651
4109828592
1120031
3841133073
184427227
473120535
3759538442
4159437054
3826185205
335937519
33096743
303232284
823208973
4162269984
252845340
4107404009
569501204
956765210
504104474
3976458013
199948271
3993101055
132572143
184481784
151052549
4194366760
4260758528
520492298
285010232
3591633622
4277202675
3625124593
4209575405
522918145
369294609
4276807660
4260884980
151655923
4277857741
4011130620
3993372645
4177591281
100334087
4211141364
4109691388
3959226856
4197519628
3807044059
755887108
134557444
4277995793
3405047773
14934783
4076536077
237570537
4278184461
151575511
437714678
4043962623
437915887
3907448580
33156335
334097651
3924616921
4212200173
31912434
657846279
34933296
334690532
3809411812
3621789642
3926133012
49088259
438501121
4178781689
4093445637
83159808
49673972
235075580
268831988
4143973376
15271679
4228187419
335682840
3958508312
4160222707
3924427010
83884791
84541948
4195869157
4124521988
3792830235
4043310871
3437157103
3958175198
4227079915
4044031466
69593348
219217909
4210821385
436993272
218823418
4228249339
100794358
4194237699
16905476
4042065662
232786692
3857842427
4091347944
4280745243
369950951
4077386771
1255946
4212190186
4143848428
269949468
622001695
4011125792
4159177955
16320769
4008835321
4145345531
50398695
4094426356
3841914332
4129217251
386405347
4044356344
354348786
3993906404
149873920
456663041
100797436
3857373401
67557856
772206592
84930295
553906700
168418853
149220591
3892381178
50015224
3975216633
184875785
4026397949
216727544
4176869348
150337072
4194897143
3993762282
3959094242
535953378
404096024
34019102
4246084587
4112455947
3957455830
3789424898
34594256
4263643378
66711564
3941332216
3857380117
4074169823
3588289003
3888899074
183626732
4094705437
3808098303
236191245
235800348
116973566
3991467744
4229695758
4059890426
3958834424
336333290
4144554479
3843619075
33172472
3756130303
3809087778
470684158
1063409426
4096004868
4060417279
3604809227
100592880
4092789500
387192044
4144562187
674161636
4277536538
16635118
149938413
3705986289
4210292724
3606180076
4198571789
4209835214
4076865268
4092515845
3942446653
217247467
4247453440
3724806395
4227402750
3840468758
168564739
132905474
3859347450
3643809302
3838894567
3924421597
4108715219
4292801273
49082120
3521639658
4247914486
3925998854
3908179462
4109702627
4078376450
217903371
32768263
150606853
3944810485
4126147855
3673220587
3706722351
202437884
4176934356
504949746
4195880711
4042324996
84083201
100799247
4146995972
168430353
4260952352
4143714298
3875931134
3655271132
3588037660
3942832655
3841532698
4159501565
1373632518
3995989016
3942054868
955913768
269727241
387385345
4078504447
66386142
49600703
4041477870
218167574
570624016
4209573396
4110545410
3605399549
250672132
4212197625
876024340
739579177
4229622302
234624508
235205372
418240736
4159903472
3940342522
3824408284
4277922310
4159503614
3960219933
4042259232
4265463285
165875966
3892840730
267914501
4144366860
588659925
254148621
3958502614
4008891363
468709896
4125484270
4178113811
4207080642
4212587035
369302776
4093577454
4247068657
135750412
386597399
4230331862
97971951
285795572
4160289548
352383179
4157668379
654302
4075683801
3807838206
283527458
3943100742
4109161238
135457763
121509108
3892583679
586172446
3506630410
4094621181
187828762
201656586
3808495600
49943606
301788418
400879874
4010612726
3893290988
3975080171
4226863594
4041939690
4092456684
1895418
3874296308
4178374914
923153919
4092722200
100465659
50392572
101648636
3974560252
4127198982
4209965051
132355
119074542
152034799
249761522
605027829
4227074856
3992460296
4160624188
3990676243
4091870707
3049846485
117241584
66183902
50978533
402973170
4262911499
33164041
435413009
3674468546
3957723122
370608898
4279763424
738328049
252250376
4026203896
4191547135
4145150727
4293127954
1041034509
203561743
4243980839
4294190553
4244185665
4144495610
3959158786
4193255655
453509109
151582982
4076136439
3959297529
32175110
436208127
469566212
266918918
251396111
418838773
388092693
405473801
183437805
791085348
3960347667
48432162
134734867
4159044092
117244171
1006561277
4177794295
4244965887
185275629
35386895
3873704177
4228573188
48486409
98761711
3656383230
3840012798
4208984360
4058508530
3874163469
4246069723
235150884
14811639
437976792
839657746
288816380
3710521088
4177724168
4178187251
3824020490
287699976
3640461574
3336233721
132903136
101902583
3674471653
4141615343
790903540
687671861
34152968
417592334
134287086
84214496
3640191747
69278725
335740192
4193773032
4193974769
4094638100
3792240620
82451456
4161144563
469634548
132085
1044732
924595455
1578825797
4075243071
4278124812
48414972
49085929
4227915512
3825466101
134156019
367721475
4228643579
252517908
4260956925
4177335529
4277993479
4227918352
169612546
4143779612
66322686
3824420347
4160687870
3856728839
4193571844
703344148
4063085576
33488420
3941589483
4026734339
67506141
82575644
4076401437
469564655
754834953
4263376124
552602901
185131269
4160029690
49413131
3907056900
67498728
4175294457
84405750
4093311994
86438903
470682914
4243650052
3760263677
4259832049
48039446
32964329
202508581
788725006
4193585691
4160289280
385819884
4194828043
4128967692
3976667883
4226671649
3926920454
4176081913
150277123
4126731248
3570853869
3909415688
99093489
4142525950
4043433201
201912314
4210691852
534306828
3725257976
4061262836
486413557
4228379132
3991791601
83288768
3605988881
3656648917
3560506603
269027321
4140421381
653519873
3825728530
3788104940
101648634
3910539768
3976394224
218236412
3958174196
51182573
117308936
235139075
4093902080
3958374395
523258
235402499
98362324
51241979
4276814111
385219358
4294243308
4073980390
3524126710
4193511644
32898282
3708358851
4142597897
4142787826
3959034884
4211080710
3638298618
284751118
3658410422
168103690
3892642807
84213728
4211342877
86378764
588909324
4045675533
4192274196
4177328886
437524716
4247059736
3977390069
50001146
368573451
4227789567
3894215672
3989960430
4024507655
302510352
385026062
505811732
707073540
568132104
3858881804
3825593838
4277334499
3909349884
3855868907
134873082
337313280
4142800660
250807552
232784131
4025611509
164295653
4027449079
4243789566
4177979629
4142531564
658248236
960304922
120461629
4279383560
370601200
301009937
402711300
83884031
14286336
453899253
66391061
4090556145
82567427
4159364870
4228710382
487069202
355209472
4025748262
3806726119
4277199615
4077519856
566951930
3202807
3958902006
4160682753
1253613
4292811799
4026209268
454097659
33624578
468834053
3605519869
3841185484
82972417
4009755654
4294576641
4041142051
4176737764
134081553
3992647189
3672434447
3723038952
266860821
4110355206
3959030266
3672699870
165016613
4209962732
385355516
4026396680
4042263540
534700296
3874413541
4244110325
16711672
420028191
4144624128
4279170572
135915
3775854595
266752
4278453248
4278051824
4009886707
299031542
1833444
4162589696
437384454
4211215875
4076269035
3974434809
4160613849
4042921011
4008243712
4076993283
3674345951
334093804
419952383
857540607
4007917544
16391418
115929638
4109953798
437390338
4245886491
4161213696
4244308985
4093903095
17165554
251862546
537861929
889196031
4143119894
4193714178
48096760
4109700344
4144175101
269944836
3823302408
3892371714
4294049499
320466675
3878157314
284830966
101459477
4176402704
4244561353
117775118
34333427
4044167405
3840078342
31788816
356061532
33807879
369811212
337509635
4244248573
301208314
3207595515
4057603304
36302839
3992320758
4207999233
4076138759
18028285
469187127
167049230
319481868
101118183
4225956346
252439283
403903231
303955213
66381050
4244698604
167903284
100980215
471533305
3993903137
184019697
3757450531
319030258
419691032
3860003326
3909807102
232916206
4262655244
3742572800
33025525
4177851880
521665813
4093841666
4127785714
152175600
32833030
16250383
286129674
671542530
319690515
220266511
4245949956
4262271994
4278973180
4225633536
4076471024
4293651688
1293411303
3572893481
318174716
788265219
4126736657
773066982
3996591122
3978433301
3995938544
370749989
4009415172
536014337
118621206
502396418
405346827
401282861
54331925
4179702552
4043836956
4125494765
4125615107
4243266322
235403798
351667477
3993234944
185073134
3992914935
4195157485
3992580588
218569202
1576718
67364840
4263184909
117576717
3707895821
49682682
4093181182
4226676221
4243719168
3472879558
3891067639
4125286892
4210153207
16642048
485886983
786884116
504375861
3642308623
317848324
301467668
570163184
4211015419
201786110
84543746
4261357826
3858298876
4243842302
4009622795
4260496651
4260353523
4058636761
285344747
4160227871
3554793694
4029142542
4243337761
68088582
3923381255
3673226993
103288071
406329373
438967814
3910852603
3841387254
4228455902
353505545
4127130124
4042591000
4244900097
4193057270
3892244472
82899962
4195292676
4178115312
4076280829
537857792
455411193
4192924683
3723950034
234760438
167251724
3840342000
922872324
987493395
235021353
185274394
888862977
4108198453
536086550
4228706840
336264193
3976721654
4094362864
771551709
671683611
705433617
251061000
184880888
4294512649
317777397
167641383
3775921402
400887564
3941862115
384358620
704973057
450883333
271129112
3876969196
4091872515
4244249110
4128779281
4109365261
4177931773
4076788726
4109365486
4112970232
4093970705
4091612130
3926329886
3992194275
3535531282
4242526732
301785263
183042057
4192590557
202376178
4212663814
83427834
84017971
33614872
3606908412
285477397
86575092
2986615824
4277868752
151729398
85595675
3890940933
4160618991
484836103
4244573459
151980531
67048180
369094140
270668285
201387763
3940476655
3759407598
3806654422
352196840
336201018
621730822
237424618
151846891
1092167483
386338343
153620786
466225940
4245339396
4227470101
571207389
236784417
82780701
3977248752
3725975523
3874943446
3777901315
556527625
4277007366
349358828
788852490
270524150
351076849
4093123107
118754564
3992521733
268366312
3909285650
150858219
3991796725
167378164
3572500720
350747620
99874842
4126138091
133432021
4059755999
3742362095
4227067125
4111664383
1441528
251669260
4212536865
118621970
50403599
458750
4178186254
402463226
3975080728
135069938
218176271
3655647265
3810003413
4194766580
217840655
134544368
3592353493
80741646
317060373
571680023
3894878226
4011137299
4244038141
83363567
4159433966
284681937
942406393
4145022733
254216173
402980613
4092592121
370671875
4010339073
4160159485
268946928
3991201523
517274871
4125551896
1044126469
788791855
4194182199
3995149321
48834372
16252951
3823893499
4229495811
4243321856
253362681
4142126287
169147379
4243725808
404893473
4212584714
3823438095
317513711
4229225218
286397646
385550081
1123827747
254549064
3709006837
838996454
54856984
4076473089
4026204924
83815920
302127879
336069913
150273809
234878745
33939706
3723354141
32110093
4126144237
334551596
3944292861
3991203590
4059947511
132186098
218561284
1445669410
234287897
4262076918
4192858408
4227200503
202697181
3722637066
368438529
251071024
401660417
102370326
4059696899
4278329584
285864992
67894020
402857232
4011009076
31661057
267974668
4244042251
3926530057
4024037129
3586900950
4176931275
3689743083
99804409
218038277
102433558
187108113
4229304038
4160029200
587855629
301536261
117639180
318307064
4077850109
4277796856
824846357
189070614
420491519
4177194748
4077779693
4193447668
3489660142
3536711156
4241819377
4261218060
3808497407
4160296182
4127123935
705497345
889323833
287312628
202718731
469833742
3907180521
4244495846
285091103
133486056
3606108398
4075477485
233300714
3793213404
220661170
403766522
4212726006
83686400
135137272
4227465746
4260162293
201913354
117895419
184215300
373627385
4177989627
418646289
369884956
722667767
4277406997
3960147470
787873544
3925601033
4279784194
4143196965
4242662406
3639336679
939651774
67238662
4262067182
1257844233
3707316514
916472
3992450306
100206050
118419464
334959097
4194629362
4211079922
183961369
4210748680
382727688
67757328
150862077
4127978980
402713576
3857905642
3858691071
4026011371
4275829250
115931129
267715083
356132117
219022354
706615309
4195754002
3859024379
4043243249
4277273058
501932546
3926849270
16646367
50530821
335479584
4043438340
3942713583
3725658085
3638947053
219543553
339402217
4057726438
673977119
4179118636
47831804
101052150
66773230
218301157
117507585
3791124684
98367992
4110414569
4194570234
3554547191
4293916432
4162189064
704447236
4109433105
166850791
286392324
4278916615
3958245387
33556990
318307838
386670857
3941270310
3823496669
553454101
4180809761
4127327227
4111527895
640544003
654179840
489028343
402917650
3993368059
3990815734
4178322195
3942515972
1049850
67504369
4026333397
252186109
271449353
4178440184
353040137
4110088464
19797763
4193914659
4275895069
117111851
469297407
404877832
4010347787
16776209
3925668837
4194499063
166854898
335018012
50525146
4277460725
252381934
186383847
4195753719
216865760
267838206
4244049647
4260295398
3807049965
85124341
4095215357
1077014572
53349608
269095685
3791460865
220591093
3977323014
167632089
51507460
3925140952
100730385
4094434584
4242659300
81263340
4092724738
4226479336
4245228287
285270525
184746490
4160881167
4126343671
117313280
235015439
4027056913
4060670993
3991199215
4212790004
233836313
168167428
4245362478
640485372
622527503
4112645628
4009753589
4159049736
4263121155
234224907
452785135
572709139
118102485
887810554
219016468
1097029397
3960086076
586865377
355464908
3711446046
181405687
1143733027
3931116284
4247013925
152505337
3942191619
14483724
3909284072
3824353769
403832329
116917799
269480198
4176216075
133427218
4026662378
3857643242
3808362482
169019629
304744688
319873763
4027650309
4009163535
420411887
4060284164
250419974
4077781517
50000647
336524291
3857770500
3758227933
183634186
120328201
3976071700
3758222849
4077592306
150607626
4178111994
4161669623
4145358599
3941921529
251984141
4277865459
4245227260
537136399
302971701
183247406
3875011859
4160228600
3658412025
486344751
34273508
335149056
756941359
739568903
4045928447
4244960801
3959550213
50388455
3789678073
4226413838
4041605891
4192455170
15782641
386608649
3923436829
4277134334
47440584
4092591104
82825435
49155857
99750658
4127397398
4279303926
4127193845
4276418807
136383009
385094677
51109853
436604680
68813830
4261483280
3840999164
83296743
100989717
253293832
150209279
335082483
4195155739
50203885
552531683
4263311861
4159569666
3891522044
3957590254
4008901068
184615697
3828555798
438703346
15335691
4244440069
300611056
3707634700
201525487
3927506417
4228384804
4261543421
4294636781
856813828
3927576561
3672043255
3608475378
119464153
4209690374
3990155472
163903760
85329404
82303731
3959817448
4091803376
233956378
152173296
4163182835
1005527826
4143780131
1106573088
201786144
4110419439
4261145854
3910271210
4192529658
4093048606
168167679
134804974
4043178749
300612096
116853511
283890963
3924090335
3942316267
4143116280
4107469334
4195481612
3673942523
722008324
504229372
4024898328
3841919496
4262195195
236260099
3473080877
4261346031
318375911
589375798
4130268653
254541771
3993233416
4242489343
4127249680
153684978
3353540831
4058770684
452396031
4243978233
4158854376
50916086
36703216
4194640886
17689075
470354668
52754231
401152482
1431120433
4191545878
3823951850
3723225837
334226936
4174770709
4195492887
3991339803
503121167
84218110
3372226799
4026268436
16194308
3959024357
67061512
4091731439
3823502854
3674019096
267249930
302445270
150471972
14480893
288434670
3877785707
3893421294
52434682
4243968995
267843834
4277204717
115798255
4244500747
4161799663
4179367972
4176282371
51574771
102893111
942599675
537588771
468516358
3775856664
3590715896
185341961
4227468310
3488023551
4179314463
51769577
4179173644
437062175
233764337
269617710
186453218
184890683
16055577
31320542
268372231
3707834884
3877196837
4042520594
117373724
3609384163
3723556822
151574241
4026072806
236714997
4160091643
16447490
505404417
201194785
4294442996
4175623169
83428086
33952793
4056878116
4111337961
4009686234
368906981
3791060235
387446527
100530662
251986458
201322759
118752763
3976933127
4042979071
336787185
4176737050
4228778732
33423848
318770933
3859482109
3873047542
86575343
134155039
4160289517
4042918876
149152298
4077190366
4059234300
4143842539
4059307777
436335898
3755927525
573110519
4041932052
364692498
454562630
388048425
453183004
183956739
4177518869
4226548477
13830163
83939838
282786562
3891991070
49150969
4093434839
438045218
3488677115
80734436
66177227
3974951679
149023735
3993378814
152695557
334431464
200602916
4193575177
84146156
4058780400
4175751149
4212323598
4044554224
4143382772
69538561
3909567262
3789416186
3974751976
220269074
67768062
3692038369
13231619
4108318707
50462734
3942183409
168698079
250742794
167241472
4193971968
3743218665
3739481081
15530468
166782957
353241626
98361655
168685288
4008961767
202568953
335607261
653525285
572656454
369160717
169408232
3925799406
4142660551
4292806642
3859018002
386531855
51710963
335416322
3625322004
133105129
537139442
201518099
4278248931
201002748
3959885592
3924621548
48031489
4107273216
472188173
235403529
4195548687
16908549
285803518
81915127
32374789
3790398973
351989762
3977908219
4278914286
519961362
33101566
4178052094
3841458170
149947379
269747720
4213306418
184480754
3975810293
4244571641
86831368
101524755
4010482214
216335885
134340876
4258059504
19912951
3891390200
149749763
1802108401
3723042618
230347756
488560366
369823012
570434384
4144229906
4211990766
4074235080
4143185165
586808087
4209506318
3892054768
3725924312
4209242600
134744058
318374395
4044488698
4278578406
67236607
335480317
3690718962
83622390
4261151747
4026273545
4075617526
824188178
68368943
267287
3941269769
470423840
100466203
3724873460
385414913
4261085958
369497356
15861258
3774149899
3959946494
4093704651
353623574
68488446
4244180224
4127588349
32247278
203420148
4043050989
49610995
4160358925
33159422
4193255681
3523679984
805103101
52558072
150997511
3976132353
404549129
235009308
4142526704
4009687566
504294407
4058901506
83294464
4176937991
3874153242
4143837941
4227461361
4128248057
4126867462
300293902
3890806804
484428281
118104083
857152024
4061079854
268961020
4092851972
221782787
3994234887
270267146
51383809
436401150
186250236
4110546656
369170953
1768465
3774084858
4093178613
68878
724381974
252833818
4143447294
4026066658
183638265
552203275
100659194
50005994
33680138
4211539965
184881663
4177789469
17693195
4143706082
4261673461
686490114
84999447
889259517
3876455668
165806071
134215933
3976455411
4227530490
4191940615
847851
82902257
253105218
100924404
4110685185
3505981926
4227855868
503841301
4260697329
606806511
2851019021
3841396960
502278139
4226109957
3738691569
637271064
405536745
572068109
3958303481
4144689910
84148472
4209573124
17169142
17699580
3992443652
4025807614
4025741807
3893692166
4242009362
66980084
100074758
4194564329
4261544948
50599694
135267312
51119627
568783150
1372906
4158521358
3876835872
4093305077
3957587738
988015641
68547833
4028227578
4212390900
4143382540
4043564010
452202753
4244432650
200602100
4143119114
3791584743
4126998492
4129033988
3958906115
283966975
3876913140
4042060278
49671167
303232764
420349975
285410827
4142992645
50526194
3759342603
202574075
166853868
4092327168
49934867
4094025448
196066
3966202424
3928036365
3874936574
50261732
4108723942
100207645
3841668086
421136413
4057408510
451737061
571535623
434512121
3740854262
1108873463
153815055
3940475367
66059261
485677076
151318304
3978556899
4177718513
469831152
233640708
16706846
369756895
3975343599
4211668708
4244319269
4092722689
4143375347
136710391
3926459391
4160951817
3941329913
266280493
352589864
4227266837
3926643676
4281338609
57419016
604842490
368770283
336658670
536467223
118617814
4294246666
839973894
3858823450
167181039
4159959041
184294906
3842705935
3739354864
4277276929
4125557464
352904693
133825062
83421168
3774406898
619579940
4009750030
3822577386
3908108006
520483048
470871823
83627561
3996521459
118372614
483975709
69271761
33492738
402385657
456915775
3974178857
812655072
4263383784
3789026820
370404391
4243981557
806550560
470614305
84922854
3336507848
4212201991
4246410227
4059955452
16976884
100987380
3469932018
4063099104
537532707
4211936756
132443888
4145544943
3790146290
67763714
4042849283
4009031668
470349552
4061928464
49026340
404229121
4194446069
4209700879
806093082
707004442
132843796
4242399487
4180085785
4024906004
271188715
4044029939
85073935
4260563964
49732578
284815597
286393880
367449344
3960732942
137251059
486617423
117961210
4211869180
636221945
170847504
349818612
4013373442
384446231
269150947
82786069
4227728117
353898757
3570605332
4125500655
518250747
3909092619
4277399274
3908757496
4194104566
639371009
3742634228
4194506775
83749116
4042256634
486463479
119673849
68816140
18353680
887230717
772397823
3811309271
66903793
3959219194
3586965486
234881009
284293130
3790996469
4160218344
3808219410
3823497943
4110086373
3907712531
402533917
4177919531
4160230125
3874164205
3470910704
286321133
50655990
403832582
186066923
3978041625
4229043452
3725396753
485692679
98898959
3926455323
4108512776
33692154
251915053
4058763522
3338529480
1381610
32831738
4292737766
621992699
4027709153
3925336288
3739804631
302253573
704773142
3305383520
50400011
353306348
4228185874
4159636985
3976011257
3489335805
457995296
183315233
63425526
1342041364
4193964292
4230938347
3757829847
135526944
4191687676
3892574188
252047082
150079509
385549822
4178449441
4143575265
4011785714
4144491491
4007855612
150079478
1058414130
35585305
4195480340
135001333
3589400556
4141866475
3941074433
33496325
1259877414
4076405798
3925278715
13685784
3691116759
4209970170
3456629516
4024689376
270534389
622925861
1578900529
452783144
3975679195
185796389
66254372
49796874
167705345
218895653
4177782520
3624005599
4127530182
3976599048
4076264676
268887802
4128246802
4157276680
4075616249
3875012871
1208869914
3658345770
3925212645
4228248034
3572880633
468718561
202439187
166526480
4226484482
3707103731
118500076
3775725803
4211343339
4177127912
167379190
14483969
3892444409
4144628448
1328025398
117042688
4009760520
452464640
133350431
603709697
4179560740
116385246
252585203
538384128
336597783
3826851038
789915907
1106905403
220060423
3538880032
100860651
3958633212
789967845
3891002633
167048453
368182527
455281934
3958117642
14875683
101772025
53025313
233765388
537581289
5179396
103168255
115729684
4011202026
3973837836
556133095
4212911108
4210299899
4244442376
251919374
183644177
4091533049
3808162285
65995510
66385914
4278457629
4124835851
4211283198
454112764
4175829842
66377711
167235516
201788685
4243116808
116787516
554829085
4077118739
4245094372
4095144431
15403000
234881794
219799827
136056063
31056103
554639339
267326229
3942843148
3841721605
638840050
70454258
436279041
386464820
4143639811
83619335
3706777587
3674271207
4111003107
269101039
3826387446
283120378
134078974
4293585160
118620656
4294576663
537006349
4228123163
3976196104
202964983
34151438
184287249
3774747119
415955465
4244773669
4177068304
32500960
3992387335
138741252
3925470686
4108120317
4029159168
1046266
67569153
4025153546
4242274545
4227855370
4228382722
83293164
185855276
4262456312
300878328
790234352
4211219476
318501384
167965213
3876257549
4262459385
3421044451
3773365494
3521506270
255600586
3776781313
487916288
3939881719
602594778
3557744389
687673290
1026035249
150740255
689510650
4229822966
4835
3789552370
3977899773
3973184780
4228387035
182575085
16647151
67039466
4280618489
4260172290
4262856442
4042654214
4059165666
15337978
4092466178
3553756153
201720046
199432207
99802378
588510981
303236591
637273360
925570594
66655506
48761325
284890880
386854915
434315250
220863726
116919825
4193653559
134486009
3824615933
4176870637
4127000312
116982013
4261476865
4160026107
3859156460
16248302
587333154
4028696810
4043570992
466878441
4279437825
3991538954
3841064914
403775233
3875731719
4279755264
3945330410
3993307637
422128882
3841458677
100208676
4294837017
102835450
4043439878
603976205
484960773
591593506
4194508004
4210157823
956754924
3723950344
4176353259
167048973
757011479
4229564656
3672962282
4024690957
17697020
100455664
4294640628
3706510824
199160583
4026394355
51841543
1042489613
4244177669
4211933419
3740534810
3944214762
4195290089
4094089449
4126488332
17695753
235608841
268301835
4093968371
301924610
4094302976
50460928
3858684400
4262066410
150205708
4008116467
620368345
116391941
3571125551
3640520645
755766763
4213450773
371602924
636560115
185658657
3858954247
4095872738
337122552
202638587
370477829
3822917898
183887899
403233778
605294343
303368983
4177918693
4126995676
3707500014
184290304
4293919476
4142657802
4178246402
4211409415
4260699139
150140950
4059237646
3940671487
233566944
236326125
4244306183
250212623
4161468916
3908104678
4211542523
4227268126
4058641913
232716007
672795425
4277796627
988477682
85404927
4227723571
4074696174
755366392
687015441
3826384900
4127391980
4126141166
100204796
168691978
168429321
335477007
4227725820
4209512717
686421733
186325507
284621091
167190043
4160026627
286001922
100008968
33811456
3808428530
4259909106
370408448
4091083794
68418304
3975353089
4227592987
32107762
4160552438
151257865
4243845372
134480127
32767462
3843224818
4243651825
4178316278
385295383
3959538183
266003747
4109559062
184022271
4127063815
4040488953
4209172477
14478850
270082018
4194426144
185797356
4042461716
4093123302
235403012
66778883
4043766763
3991803892
4277598739
3860460025
3840932863
4077259768
4226549755
487196402
183568899
4144427001
4276356360
4095210996
3841061640
35060724
185925883
3923832607
133890289
117111041
4127973616
286134503
150604273
4210692618
4060623065
487983649
34207506
3992914907
4128306183
201981688
66644477
4093441288
34140920
4110742784
4294702316
268040421
51964420
4093240810
151777264
585435375
4261480733
4044488209
669642259
3995012845
655863
436800762
17704461
134023694
3891918820
1158289691
4214361116
370355197
4110625600
3891862773
3806064622
4195544058
167439620
3978637816
3658156287
505476586
4044286696
3809221893
184471243
236320776
266787096
4178437869
4008179722
217180118
235413495
554175976
722987280
150999356
4059359725
149420306
4059955197
386266349
285018625
285538064
4294767917
3974758653
4246335446
385945607
4095148046
4058912769
4259116267
4228906762
4276103943
454358281
4143706851
67498270
3858101985
4177465109
4194497779
4143123458
554243632
4142345245
3909611742
4293658621
16129784
386861848
83426047
250745628
100663294
4044755452
185807362
4143002327
184090690
3891266281
16318213
3994486779
737738256
304352760
269083
4109105905
115593733
149287669
786763007
874636066
4142590949
150214158
554762015
50527481
4227396855
3909087500
401077495
4026544138
4261930486
3874622498
4161795063
336335863
4160351761
289537483
102112022
688917237
3960210173
4275169291
3791529005
4077715454
435672329
305405205
888865305
68021809
248570597
403040538
352577059
353318968
4192267294
4107586816
350213148
840886020
103291888
268628492
3874815216
284608522
4126613243
4179559935
3992979213
4196730099
486020886
201181927
3807310343
283382803
232457209
3121301515
3255822053
3993702087
3642699528
70113024
957945666
1107164381
4261938410
353895921
451010068
151052257
4228054258
3756913117
4175234319
1358283803
290004720
82908419
4090821174
586430772
4210160915
287838968
3630431453
3789891536
354212076
602930668
472127006
3941529114
48822517
268431858
4026335732
4294574853
4195354120
168227064
553645553
17504287
268634891
4212193802
204544513
151188744
3925525690
4193121225
4143770879
687405824
4283570710
4094172945
81912302
52753657
4211745542
4177985279
85602798
3942654204
3874816232
68802015
420284409
3925735677
3789623530
3857322257
301533439
402321156
3709207797
250944489
304619290
388103954
4262597116
385675016
285412094
4244964092
4245682163
16579337
4294768371
219808503
4211214856
419759359
388633107
200597757
169012996
82901521
134931988
270800404
4128109321
334426874
16450823
3655537405
4125362689
4178053117
49686294
4177856499
33488875
4226881812
16772638
183170807
201124335
201588745
3807253513
4230148333
4264374003
651947775
486411062
4008437215
772863710
338033918
3992978420
418301955
3707437578
4060147447
3860658670
3604278003
234414332
4195875067
3974955251
3874743024
4195086575
116657659
268889876
486736143
4212264208
317126142
3824348153
182453260
4025548291
538120239
808124421
82042675
299357178
3993907964
3823625216
3907911957
3790203629
4162720769
4025557791
4194047496
49481996
535164417
723588373
388242207
284753129
3711047390
4293389584
1041567745
49759526
201654019
84672803
4075228922
4243654362
4093179914
4209050088
4227138834
520296481
3891985669
216004071
51845646
4244850474
4244772862
117367518
605032482
4278057234
402198803
637473576
116193333
4282845154
317787408
3539539955
3706575862
83557367
3672767507
65529319
3555267311
503905807
4044226328
118170647
4127853057
3841981698
4294768647
101125389
151125761
4194102764
84739558
3422424050
3974502382
454488590
4008380147
3789162732
303569413
538585901
99288567
68746531
234087931
83886847
708117497
4262660092
4042720743
4076735458
3823500260
4193781984
118099969
3993042690
4143178206
418904551
4076930016
270467325
4026334979
3993237239
3960933615
3994025703
17238529
169216993
4212398332
3792180729
3707635930
856817923
4162504193
386661330
3992915686
283698973
3790079250
618593246
134153724
3976584437
136190681
624103429
169085475
4227932136
3673873668
4260753351
3773297412
4261081586
4245616893
4078110209
217844229
4293657861
152247551
199951126
4244046084
84216571
1308428
354811892
83430126
34020619
4211074813
3957851377
3742302486
4143646480
33358329
4010866701
136062190
4177787364
486616090
487584515
639494699
3758885348
4093311471
3924619501
4009554682
3924627426
521208580
4229632514
335937021
4279901440
168958214
319678725
4078117363
4175688954
4278576120
3808622328
4028038894
4174778887
4194630143
4145084659
3672174880
3724998620
4161138171
637795848
4177728255
4025477392
150407417
4058646284
519175450
4193453570
435547136
3909553911
100138483
3925017843
400023788
65931796
3841903351
199028225
594199
369237768
551999997
170448604
4143188222
4212262923
3974510094
32372965
3774555945
4160356842
4143780596
83821060
234486239
4058769703
854587636
436085284
101780493
485943281
4228912631
4181077512
4108385797
3925462761
67890690
118426907
3690796804
65931534
3827042836
98563296
3942710257
4076593103
4210359023
82043138
4193779179
3907834620
385612525
4178323188
3875277558
3856328704
4243256315
34403553
149096190
3991793917
3926386129
4024956906
84536318
84346130
286008066
170774772
4093062888
3168396016
201444879
4178907383
4007666464
4210098497
4276943116
3708611317
4076140544
4109824253
184881664
4162594300
16187625
4293849583
4227398404
4043235058
4262202855
3924105499
115473165
4140365320
707592223
3860608038
4194182147
33620218
3941007857
268233493
4160549640
3792047319
3943368687
4245164571
4247266311
434246636
420538365
3941927198
4094362099
133438738
3840604927
572063723
4212918784
4193978873
3924169224
33291569
3977316857
84678146
4127915770
4243918600
4077126659
133101057
234610409
4177392404
151713524
3992714240
3606445545
911244430
939978314
1070621249
964063192
1007279838
39485395
1026357964
1023834964
1073348615
958423146
1025081896
926155647
1070859262
940077192
908227236
1019933495
985199760
939812954
959176513
927003227
1021736645
1046214354
891650577
788892156
844688223
948305569
836038523
45189510
1026853295
1065087428
25950034
853599249
120122626
4293392880
4109826804
4092129531
150423282
4025218785
4261080560
4027140082
3976143862
4226345743
4011858654
65594637
3959877114
652416984
3991084282
3860534516
3976393201
4161998301
552331238
519367652
3789432282
3930385894
4025089529
4092651003
4210295882
3844278317
3941787630
3894670571
4125947899
200208163
3759399402
83238703
3927432671
3923970060
4127986417
4008896999
503199986
3857771759
116192331
3807374609
32503285
3992721909
4197705769
3974816740
4142592054
4292949487
3790399967
1358168613
3774020071
3992449775
104724460
4076402160
4249808881
3991861222
4093634792
3974427896
4008111192
4210422772
4158778860
4210642154
687798514
4093386467
4059361525
4210419276
4126408164
4025022952
3990820335
4143856633
4058531821
4093308663
3760582417
4276347395
3977116178
3893884907
3876069352
200476408
4143181545
3874552365
4114088192
4159171853
3857578731
3890831070
4045925367
3691903234
4009621245
3958237935
3996842490
3977899554
4058647068
3590455800
3940685035
4159960557
4227391822
3775278580
4127521531
3857315563
4008458278
3760059118
4178901739
519891429
4264029939
4245475848
4247717368
184159210
4158584294
4261605634
4227390450
468720401
3974635998
434827006
3689542895
1508964861
81456108
502675415
3740264205
452851714
4043573724
4024502255
3692494099
4211477240
4108841471
167308596
3992715245
637398771
459761
788787432
3908436230
4042914553
3741319951
4010143523
906752239
4075812343
4126995460
3941135605
373417452
1022028019
200408567
69727979
99157234
4175293954
4158909412
132509013
4140494574
637472792
4124962061
3927196660
3806915305
4276746718
15731168
569781199
4226163438
736296153
3992324329
4059427306
1291382763
4075418620
4126474252
4111398445
4294431761
1895411
349525
