4227793150
66519302
4227991803
4194692866
50265580
34276351
16582660
0
0
4194632196
4227009790
270534666
133162239
4229495536
3824421627
132638479
4161602555
4294575870
4261415689
4093316605
16971532
4244569846
4194369533
4159502081
17241353
256
16777472
3907434743
1008591440
201715484
4096842236
3908705516
3944412175
4213108194
1224808742
4159303418
49806844
201262606
4294836738
4144754426
83953647
84542212
16516096
0
0
4177590527
4260760569
253690640
99937022
50659576
119013890
116913921
4078106870
4177269745
4194305028
4060086769
17169157
4278190842
4194107905
4226938623
17832713
4278190080
256
3641833753
3689996084
4244047600
287033112
234819560
3678940924
16587785
32701647
366546654
50070526
150866449
4244964610
4228774657
16648184
4261609215
16186877
0
0
4160944641
4277341945
68352785
49672442
4142334977
539357179
1511154
4228776188
4194242299
4160618496
4093574640
457729
50530558
4161013256
4126013695
725511
4278190080
0
3977448478
3656250174
4160884211
403427875
3842243305
3573284126
4245414654
806222821
167777524
88537712
4294703573
42074490
34800125
8520334
4281008928
4291626433
42467767
4244767747
4227201794
351205623
3960138226
4245159401
167969293
234747646
3925870590
4260233217
301466883
4177526014
4279304965
4110945015
4160681976
183959814
4194630656
4227728131
100467203
134869768
4161275634
99614213
251721215
4160030733
4194304753
4229042190
50069513
4193842431
4210819582
67044605
17431311
4211151366
251591940
135134214
50200055
66321412
4110678781
100794616
17302536
4279237629
4076212475
201062916
4261155078
3943103239
217055985
4145150978
184807424
167508478
4141547773
451737617
149752596
118418958
83757556
234156554
67631876
3942710258
201455872
3842043387
4194374651
201265429
135003401
4294507514
4194955499
471736570
50532611
3992849932
150605035
101250825
185467387
4177461253
318699764
151778306
67635942
4244897790
33620478
4243322625
4194364659
4126933234
32502272
4245288176
118293503
252121615
16711668
151258885
134875657
4043506430
4228054005
50399484
83820803
394754
33358084
84540938
4161405685
184290051
151450373
4143516415
4042520049
4211147521
16513021
4177394166
4143974400
117438458
16841990
4278125824
4277992451
4294835706
100990973
117440262
4261213953
65793
0
16842496
4261478655
16711936
0
4278190080
65535
4278255360
16777217
0
16843007
65535
65535
0
0
65280
0
0
0
0
16711680
65280
0
0
0
16777217
0
16711936
257
0
0
0
65535
65536
16843008
4277924862
16776438
101842431
3874814176
4109953020
150537479
3707824638
217057271
168432905
4227261699
235205902
326137
4227665145
4209109002
335799305
34013414
335085848
519690
4159698421
582377
1176051
3993831916
100536095
4262064135
133958655
135726584
49089297
285078786
3958571267
4126280454
183168266
520874224
4228974871
3890672636
50519522
4074898689
117636101
4043242487
3909164281
49281313
33424636
4026408438
4258848004
33422831
4026138362
17037313
352518912
4209313743
4027255841
217713406
4094621938
50791169
586280702
4176406539
134084094
236261379
4143250154
4210756884
16516370
4059559669
4193710819
4042452986
4212531708
923197413
3402833984
217317336
4144560900
49279214
4228317690
84807677
49931806
587129074
285216791
4211015944
4059758585
851969
71634705
3353555406
64542494
4159048717
334950430
4261152517
4092781322
3570926871
249961776
99540226
368766991
86244082
4126998789
3925351683
150208268
4227985148
3909682685
4260629016
471521011
4060152572
4193510105
4076407804
201720826
3875015946
353040862
4093639695
133566207
4261803784
152174324
4293264136
4294242277
503182614
4278123003
4261020156
50198016
4294242291
4293392118
4212983539
4208793369
234150146
3960992222
4195352312
34277639
201912298
419295235
218235129
3591572962
115414020
353626356
4177656046
318115841
403504161
3909614327
4175694577
118287126
4177787901
4261413367
4193979647
15595016
33025284
16978943
435810551
3995663593
4141883638
33615620
284425228
4044291313
16572398
16974586
4294836740
34542334
15859971
4075748096
16383735
17432318
672073486
4212785937
151451910
4211078398
167246081
82503145
132579834
269347347
4177398269
83493632
4059627266
4077585400
285478409
4093244432
4143906290
4125887495
4144101876
33226490
4127194354
151455482
151323651
3958574348
4210099690
268038664
84345601
4278520064
3842378501
4294443254
116914676
201261318
118030085
117506559
4228972799
4127462662
201196548
65286
4026922481
4260628471
4294313237
83622662
3908834564
350948373
4160555036
99941122
4127519739
33028098
117243907
118291207
4144368121
235470091
1180932
117642243
393982
33293053
16970750
4294902010
4261082870
50267649
4126537225
4277467898
134085117
17760512
4127066617
4260492278
84210939
50199553
4261150972
84478977
4244768782
982787
4261475818
4059364853
4059625201
235607782
3807904776
4076873443
135922438
99088897
4194895636
201191944
4077259511
168817371
4262000880
4176677126
4294508534
135265809
3959822091
3925011184
370806502
4160818686
3604937972
3925674728
383898331
3723635520
4110945779
115797763
4277405172
4044691717
4209898240
116132586
4262527760
65793
16777473
16843265
0
16776960
66047
4278124801
50462463
4261609983
4278255871
16777472
33685504
4261478141
4294901501
196607
512
16777471
16908032
4278190080
33488897
256
16711679
4278190081
4294967295
4294967038
255
33620225
50331647
4294902274
16777215
65535
4294902016
16777215
16777216
4261543423
4261282045
4194962180
4277470212
4242081274
4247180590
3455520009
1040894997
4244512263
4229885972
165277701
4109896435
3154561842
4291944515
802676221
4211603724
30355452
4027113244
3238207748
3975946268
318959099
3860665571
3773432587
320198158
4059496745
4008639224
4280632853
167314938
352844279
4244117261
385159633
4043830767
4110622708
4128508928
570419434
336332789
219277573
3926592479
4194173438
4244895226
4226812407
3605780689
98037203
168759043
3791521047
3554997488
67770090
386787066
417927164
183232751
251721739
3857381885
4228378355
49942008
251979251
4294503927
83688193
4127643618
48164068
4059224280
150211837
50851856
4294710795
68027642
35130116
284622326
4025355799
166985463
4194236164
353235443
118756348
49276671
688917256
4177983736
4243715327
34594023
773198323
3626364441
335998420
4193845510
318050287
3994032387
4175826913
3875663629
3190087478
742065942
35514546
34076358
3672974847
3773624349
3475313647
4129494006
4261345788
3859030006
4160746233
3844398333
31925778
4227136526
235215116
402784755
4277993473
873143007
266984918
16839965
4112255464
83756285
64545011
2853701876
4203762414
1023656310
34211831
318118678
4075481368
523557883
3994366979
517268738
3710393048
4262392295
136588256
3976785916
3507540033
3726640161
3977783793
268047843
3741131502
3824217894
3874688531
4227600401
385019131
3893950711
4128310784
4278707469
301788416
3941073417
32961285
202377458
134151159
150874615
653060807
32965906
51445487
201064697
66253822
1138951439
3831617276
3036564134
4287495378
460589486
301468633
170984474
362485777
165347763
177015776
198313039
134218235
201528596
184744977
3794010855
49948930
116059141
183952624
4279568647
269753085
4162196482
15470602
3809154311
4026075652
201131011
84671739
83886076
4294514707
335013895
4245689336
48760337
606213628
3725791753
351727856
4045804061
3875073508
4241546725
575533331
117637886
286262284
4261412350
4263383282
250542085
3956460297
4243441887
370274561
4178049275
4244239882
4193453048
285330700
656617689
859234796
86969611
3085174513
873799960
231937735
4145092632
3823107319
4228120048
4193584910
4110223089
3958568947
183041796
4144433139
556275438
4210621443
4042717940
4194369526
4294703870
4143320332
353042938
169878294
3841651961
3840999638
3943695072
216736787
17231127
4125949433
572651521
2166787
133954804
4210228227
436267028
4161271803
3623417831
14871263
956100642
4061511695
4060220385
3456960750
3771806970
112907292
249949696
4246333430
4142058985
151907306
487262720
118363140
773067527
4096061951
4195424473
216592377
287305982
183895037
150924796
4210887683
16315130
100532481
4244960772
100074236
3642238997
3906535931
66897894
903275516
3809014303
3101887958
3991210270
941050159
3286168371
150798327
4211276040
4279834085
3724286194
3941850101
3420452598
348119052
691131629
152239591
4228579846
65410059
3977707021
3252513458
4278514771
352256754
4194693351
1356649003
4247184597
286920468
67963912
4275758859
166915812
3924954898
3975541765
4109169653
166396672
336457750
183171335
4193973507
4228382194
3990024432
4145209562
4262069756
284357873
317855788
4042453507
201330965
286261002
50597626
100598528
3723623683
4024234991
100135939
4261475333
50594546
386594051
622208292
84673050
4278124794
4194892798
4127132387
133822717
4076799987
4160028657
2430191318
3452883862
520806664
3891791873
3388014580
3464995012
4280996051
2629758984
2812925092
3236621797
3858753451
236000479
520683540
4225763576
3150696965
64554226
168106002
203104011
467080449
3975474163
4125489949
3640976895
282464224
3325228056
103292199
2916873459
3822373851
4160223990
4042776308
32699128
4279567862
4075491605
34475769
4026599699
3907909884
184483087
235471865
100928271
370146816
4129427715
17040892
33750523
4026730496
66256375
4260622088
3957910497
3504260823
253625041
334506004
167894528
369628695
669377023
842666010
3776131826
4144492294
367661112
3321100807
4042203920
3974500688
33815801
470420999
1593970732
1346241832
3034497725
3319390881
368640001
267183080
320339703
489366564
3963243308
3655471850
202378499
4127064305
4008442104
4042715890
335021072
386007305
50267660
4159958774
403703291
202180609
250141661
370407191
3654213884
306193946
2900108318
404820394
609630004
4261143521
522115849
740966407
504966180
102634256
740500504
403305727
169608960
201853946
823262251
352450309
232192732
4043566314
167960847
3994094066
3941796087
4045931002
4109439226
567677451
3792237805
4278324990
4261286132
3706059269
385742330
16518921
3909155838
67310599
151251710
469756927
184815104
269880820
100665602
4127191281
33423116
3959229193
4244176402
4243977958
385544962
3640521958
4278048725
4160818939
722677
50662663
4176608510
351135990
201518086
655031049
688655132
52687866
369812213
4245358061
4009362181
201786609
4260762900
33552380
16842755
939071939
4115405898
652263325
3743819259
170195187
4227863079
285091111
3989636357
286530839
400304149
117294607
4126668781
153292022
84155929
386079269
655559708
3760259327
4192862701
4277086982
4228224500
4124574682
1074469079
1493762
4127469798
687990789
3589923606
3656110548
389096
421264637
4160883977
4110882063
555742461
354490384
4077521671
1057951253
353172551
984331
84344314
33811715
353047304
4244441109
487917824
4212004881
4176875777
4160093191
3995333851
3992656882
4293392382
4294372358
4293918202
4127059210
4294311159
387122964
3471959286
404280819
50845934
4159834299
4141417001
3705784054
3874030599
3939439117
297470497
786871592
32961008
4042716144
4210887936
83490814
3068262655
3972202203
640613931
3909753113
4245822947
4261611535
66980357
84871178
184286718
301987065
4194830359
4076077070
84799983
269687300
3674819124
3721325046
68289532
31383805
1410921202
338626868
3439580369
245731251
4245879814
4159901697
83485441
51447029
4211474155
470224121
404555786
16512778
4143839740
4143051508
3201517023
1190509169
321514726
3236065734
4293781346
4278774006
536743927
3340371398
267259151
67838235
455085846
437129238
500827159
101436909
4044235023
49412617
3923971073
84079615
135797772
32971542
4210292483
4160357619
4144107013
33027065
4277925608
4195616768
3892249073
587531528
119274770
66783742
3941984502
235865072
67178768
234813464
51117826
185670143
16578552
51644150
4193317620
4058641894
134081275
100992522
17304061
286854144
3909296906
554632972
607264546
890443551
3391546879
4279229905
3822980878
370469608
4027775242
232449525
4227260917
3773752306
4109958910
4126200028
218626285
4227524883
4126079495
4110291720
3958439671
4196261375
3556704054
48046841
3539922426
2421021
536738354
4275755511
436275965
4279832074
473049631
555361835
219288361
4177198083
4161531648
4060354539
4226675972
4143972598
4211214072
4177591550
4210362880
83619844
352519682
117771284
50922744
3825402630
49484806
3724019185
84350472
4075880198
319752703
3825073916
168421114
403900443
455085327
924464697
4027252005
4292928755
184932592
4091226898
282388773
4007001379
4260681477
3807906552
4277600249
49412619
3523202817
3320754318
540086765
35269657
3807845407
4194239728
4027845405
3976201695
419041033
538844691
825700158
4244243243
84609032
16454408
151059727
3975214582
4093244397
4076540912
622131750
3874689039
3467954129
838268159
3472827210
4194500330
4262141953
268032514
924060407
4076595704
4209508601
185339384
33815041
4228387082
317713947
453965054
133892893
48881431
168034313
286195473
4277660406
202570284
115474680
4042917854
334550008
3826580207
451611418
4060475639
4244501230
51445763
436798214
269486850
68290827
503645947
135658778
4126671351
50463729
4278522645
51116814
4043764460
16645876
4278122759
3573876227
4040554726
4278772990
4242872531
879172108
3892061975
352059722
772154471
100268080
4120042409
155777768
319162127
4228517130
4244371203
4059821811
252573682
4196538864
116133130
4126930688
4093053686
4227532805
4025416189
3688492012
318241026
4294182413
4126799100
4093970431
4126537207
4160157941
4145284866
4277273600
738387464
4193575132
4294494429
67370497
83557623
200998920
4094294008
4093048063
135010042
66192128
370018338
4059622385
4009756397
4210363657
4025874174
3975149035
167174646
4109308936
4008907012
4259834881
3757505009
4076344806
4211217197
3976457480
4024822491
353374992
135995664
68227609
3909485553
4277539853
4228586253
4075088657
4109698039
4260754433
251662860
218696469
4109691919
185143299
4261153301
150992393
4128111084
168359676
4279240455
4095541483
67507964
169613334
3992720652
150924014
134938374
134152957
168553979
50462978
3809151981
116787452
3974754317
66318587
3959161089
3974427131
4243317747
4294766835
134611972
4293716729
4227595257
134083329
135070969
4278453515
4077194227
218105617
437588241
505617433
150141194
3873698030
185072377
4110742262
17762285
4227599101
3992122368
49092108
16708621
34535140
118168334
3925867756
182253835
4177129466
4210755066
4176740864
117179908
4277659137
132902631
84933894
3722505726
4041598955
82768110
4227264011
4161207540
4176476656
404359692
4042515179
4093965543
4277925361
3959818249
301073634
4027518494
4277991938
4278451196
4194634493
1381641
4277997582
4076339456
167576321
14615816
739308572
153488631
4060279284
16384502
66650884
201980164
4176481282
99877131
4244567814
4076270843
4042782715
4143124732
4294770684
520750090
18160639
134414097
67830788
135202314
4261613312
394757
33298457
319753993
4178051323
100599296
4143711739
4294639364
4228054528
4042324457
4226478334
4261150208
33816831
318378261
287438606
82702070
150004979
4177393142
4193776126
3623547891
130494229
754631731
553392917
3806979574
486400270
4279635170
4159968529
4042524935
4125947921
4227003377
4211080709
4262985738
3873770488
3907908328
4293324023
16249077
301199630
4143772407
200999156
4075880711
4009032190
4042387439
235801067
4211275252
3843226349
267183588
135596767
4178373626
3891466215
3976196591
3908758763
4193645544
4262070790
101522454
50929656
4278456350
33684223
50002674
4128571382
66917379
3789945345
4278055681
4228251128
4126603259
33092340
4176808714
4109564411
486146046
151525655
4143510280
4245160695
4143777545
3957982200
4159564800
4059036404
4176211708
150797569
268241936
303830285
4128117776
4245619452
3639084004
4141541388
4294966012
151849986
4259577359
3824998120
419885559
101646825
50460150
117765383
3708025069
49355501
285863195
3842036726
168631561
166649343
1507809
4193461785
66581522
66255613
67696383
4227465215
4214761751
3299880470
4126472164
200733697
471264506
134744076
402125555
3556501504
99278554
754453266
270665239
470752769
3992314849
233573637
4111338516
4293452016
4194563575
3975283183
4043567082
17694968
4244570879
117245963
4009295631
3654940146
181986046
4177459210
284815351
3926129907
82838269
3772964615
401736946
4261613092
4177593588
3959358466
4160222191
4261478653
3925604334
117313015
67438105
234884370
3892119307
3942515943
402064129
151913742
50462215
217445891
34077437
4227136251
4076992496
4025419514
268368117
102170099
67371011
117570562
68419048
437459214
4159632390
165598454
235332326
85004551
453451287
220460037
4093973998
3793742562
772875034
100136427
4278714353
4075949578
3991005699
116588033
66261262
167246358
165664496
4179216587
4076140262
66713858
301727738
233957135
201783023
4177922835
251723274
437718792
555557919
3605928728
3957919501
603326451
3995873049
15132457
184286980
302777097
3858888429
3824742873
4278255853
3858167010
3991801075
403505406
136390427
286265101
387254295
4277730557
4194106881
3655666678
3974426366
4110548712
66977279
33490175
4194041861
4143053062
4228053254
4194369535
4278388986
218565649
118685698
4145158647
83692297
67437579
3974361579
253566223
4176614689
15135730
4075411177
4194103513
50330878
16254212
235143430
168295435
4178574307
66655490
621600525
3894802145
4211012062
4008770563
3957712618
4291634952
804176949
317856002
4128693523
3724414433
4226020109
3942056951
3538290700
147456296
50006293
4260096515
586550293
403899156
4261151225
167505408
3822915070
351398907
4077911293
150215164
337515541
4226416133
184090631
271058969
3890677523
4262712045
4209316076
1370118
4211342337
4227860475
33487349
217777407
3671449366
1056110869
4261231680
4261872893
4127394309
4294507754
4093704711
4076925159
151128057
219815702
184356115
4277989386
4126865147
4194367477
4025550596
3957847035
4076668412
65473538
3906789139
3924286172
202175462
34212080
50532876
253299722
4228652033
368901374
302716694
4159436818
4211143668
4057072895
318827021
170202113
4261408769
4143641331
668340542
3606630367
4126605577
4160291847
4059034370
49345027
202573823
4161338109
167377151
4244045822
33292278
3791588354
4260757024
4112780271
3590528231
4158925340
4091937811
3654341108
100010269
4127189499
3974952674
3975211497
4210621170
34015486
3960873255
201465343
101782287
4026135275
4210163442
521407240
3809804542
4175168736
252637458
4175958805
4210952699
4226741258
4143841267
4211146240
218828782
4293654770
184283651
4261806847
3976795403
4143184106
587660307
4244375036
100268549
134879240
4127588090
336913642
135204868
4044034572
4125626369
4160221440
4278977269
184747015
4294901759
33553663
200606214
588316696
4212328950
4227725555
50526463
201590788
16843782
17038344
50726142
3942058760
84152824
66913032
151780612
84281856
32438532
4278320379
4278256897
4194761714
4226810108
15921160
67829250
52027631
4261944049
33624315
49739791
488310773
955648303
101967603
184418552
201981427
33754900
4193778939
3874351091
218556124
4007914757
3974292719
4260884969
4244439025
168623364
4043570425
235208183
3774477818
4024893416
3619799053
540549878
4162075987
4243323609
4263049719
4227270144
83753477
234158083
52029431
302313210
16838378
285209856
302843151
4211148784
4243781105
369752324
3992649205
3973904895
4178052085
4008505855
33350101
16974336
335610377
4278128402
219481863
4195618302
4228057596
50530303
67634182
3941467653
4193383155
3976396787
3857240801
4041403363
66977292
4059825148
185337078
503384846
4243915027
50002686
67635197
151453183
67964420
4227987188
4244964610
370739457
4162064643
4177396478
4193908225
201064957
4228311813
4042393838
67503367
4160028417
4061994754
4108312605
371720160
353642750
169480717
4176679446
3739679729
4242595550
454233854
4026074901
267649551
4144626447
3824092393
216986114
4126536443
4294505980
84674319
50596112
536994066
35004674
50065670
66512907
84410869
185533710
169416461
234882827
268964371
185142792
4192991495
185857268
4143908857
4227529710
4278257407
66979088
3824745466
4024955379
251655933
218756861
16705528
4294311169
3992779267
3991724772
4026532323
4160092404
201385988
4109632742
4193712636
4278580472
67308284
4111012110
133170432
588576790
4126603246
4261279996
35267070
924178
4193128465
252641523
4246148103
84147196
4261479430
4093574135
4260367103
33551119
84013807
4193582335
4294636288
251462396
4264746227
3473488849
82378004
183565539
4176935949
4160352497
4041935102
3925279999
334299415
4177198604
3991728633
167046619
488442375
4228255770
151524630
319553810
4161928978
98697219
84278540
3975808489
319554557
4212129794
4160291325
3894079494
3941850337
117235967
4144239102
133760004
134675728
4193642981
4077517045
824908780
3607625460
4292468449
452715539
18085361
4110480119
4159898356
3488342489
4041861347
3907642871
351798013
4261481489
4160421116
4042650617
4210494720
4160487162
4262529533
4260237833
16645384
116980480
183761147
68351742
453972468
4094746601
3873961183
34736123
4277404932
4208779776
3891914468
4244697831
353243404
4146204933
117832957
84147204
250479627
3707560184
3624346099
4176812041
3925739284
4160029417
3320834544
4123930611
704501290
3725187568
317070077
3861590788
668537657
133484284
503966740
185400554
319360275
151647757
3909551614
4277536241
269094660
135268368
505482504
236197633
101452295
3807439342
200470255
4177328140
4192603634
49142813
4144232164
232517905
3960402680
99028488
4211733498
50332154
4294573815
4260691724
3639735548
4261612794
151909384
4043702513
234425074
185862672
185531659
269155075
101582079
116850188
3150821323
4211066029
4009296118
166656000
83757061
33752591
117897469
4278389504
286198535
118689295
4143058187
4244305141
134215156
4211670020
32830206
1312253
66981386
134348296
4161404668
3757247752
3756715488
4260623847
16580866
84016392
4109894392
16252668
3992719096
17104642
3773498628
3857051362
4042651387
115808001
335144734
4244304141
134419196
3857184507
3874352363
99875822
4093573107
4261217287
4160880636
4261742333
251660306
217713680
4243386622
3891324391
4177652972
4160026859
201261061
4093441782
33158392
16976129
4261410571
287115759
3891136248
4294373871
4177724176
16186895
33752323
4278582784
4261149943
4244502266
4177594877
235141382
151586565
135398160
185472508
320145941
269883151
3941459174
4042254823
334817528
4042449903
4260749028
67306495
4227992330
84281085
151061770
4094425339
4042987509
319225615
4128241137
50660851
4127457013
4077326079
3773951985
65990895
4110282473
4244437750
150666751
135137796
3722839822
4293390073
4245548268
50203140
16776716
84807669
287244826
4211739627
34079474
3975811849
4159570923
590602
4178310634
4294837761
4244175112
65506
1508883
434376728
4124695786
4157795361
4275433248
4210952683
68160256
4194106368
185665517
318632715
4278973683
3992126975
4026140891
17571620
3992973559
150011638
4228842488
4244637688
166322188
3858557663
4027182834
4260032768
4278915059
167771397
4245093122
333707539
603591194
49932587
133034494
4244833031
68879333
168301829
4177729290
4142723066
50330091
83887887
471469827
3760781547
133365474
419953683
521672461
402791714
116450593
3185820646
2982459824
4261216201
150930178
134873865
202704137
17438736
4193844741
4294508282
201128701
302512643
17040395
4042520574
4294507244
134742791
84215561
4177591811
4227332602
4060017398
184353009
4227726343
4278120690
235534842
253366022
151657491
286521860
85135359
4178117885
4043501566
101253100
4142986761
4110410718
4126406899
166852861
4244697345
4209899258
4126333398
976350188
66321943
4126601463
4244699122
4109564668
4177327867
4109433328
4076075257
3976002037
4194041338
67040512
69348122
4278190853
4009032434
100526843
521080851
236192793
4277665537
4109894138
506470651
3993110276
3958307055
4041466870
4194035938
16513273
4228780544
84151052
4261348362
84085251
4194634249
4278125313
118359810
185141765
4210817795
134019321
33029375
4227860477
4193973255
169152265
4209710093
150729216
525555
3975018489
233496568
4060084703
84278782
4245096703
4261673984
4160488702
4195291115
3873502982
3672372448
3940741352
855716103
3842892059
3841262281
284230938
116916487
185532418
17304063
4261675521
167771907
368711416
4077575170
4040219140
336980457
236134663
436200955
236647401
4127456521
3840138738
4060484866
3755412482
117636336
4177393668
4194563823
470416399
68028919
100402938
84279324
3891520738
4194232806
624173818
300086538
4113090518
416548066
53215719
33422331
4194435068
50791178
83885561
4161214200
4211409929
4109759466
302644722
102504713
4143839737
4243914231
4126865384
166987010
235663379
17828611
3840864508
4008507634
4226412544
4244767232
219550971
352382726
4195354870
83953921
49739267
4227593719
520156933
4245288954
286850572
4277668612
4229896709
3823568129
4126866145
184153081
3538421258
3922712544
4162249701
83884548
185665285
3523068108
703348725
4125167433
385217820
4261477891
4278318328
4262529534
4261480455
4110422009
637411316
3606633220
3774030583
3841581046
470094075
723312135
3860786385
3403669973
268565985
166851827
51575298
4061072885
234817285
151785239
4228119300
4026986207
369891841
4010354958
3825266675
4059951581
151774190
4011666982
152498670
4125427197
4262071794
4177134076
4244700662
4294239991
4244568304
4261283061
83293947
84548102
33357571
3977317630
201854454
3875214601
66915066
301599764
67502869
4229103106
101514999
235343359
4027451918
304018413
118887943
648086340
1020982422
646709334
397361878
761075962
4278860105
140317750
1209999163
1276387131
447932429
26613481
476059614
4219609975
4241617166
1195059398
4161479646
200065983
318241551
335134202
100987144
4226743277
3824284427
15389960
3605270102
34019342
4093713204
3791266329
4195681547
367726024
117239829
4026011116
3944349678
4210951390
3523147821
202491
51317520
66975742
18469646
4261341947
4128304398
284835068
3322280210
3808828926
69660908
135054825
16441638
4245947920
185342460
3960082175
167837970
66778623
4261286164
4210760967
4245031407
84017663
32966394
4027043262
4243519470
336466194
97253124
17562059
4229302536
3977056733
4144145646
4277455100
419297454
470209239
4229041416
49811987
385346810
69093106
671284830
98559448
4263051057
4244564746
99481860
4161469409
252305418
4111404275
4176024569
318630379
436011510
369288205
4263176692
100072226
117373198
83751425
4126928122
4011319035
4160875529
216995328
4162318855
4227985375
68408813
267777543
3858236709
4277801980
4243452109
587513357
82241770
4092913708
237566995
4208256252
100413941
4278390016
217903874
234613792
166461945
49804042
4194760198
117704174
34279179
202499312
637141813
553709833
31719669
4126799891
4209576942
84346091
4092139527
16313091
184747513
32632836
83032315
151320834
4094754046
4278190082
4243914505
50712313
4211083783
671491048
234947864
4227460573
47839984
68431864
3337756915
4009809374
16704800
653922583
3840410090
4245099743
4011329786
4279352572
4093381926
446438560
122223912
301330909
106695677
163644867
3728279972
215024617
253493548
170069843
217061502
412939615
4233363578
89526682
221052126
4010009258
417860155
3791451621
4246798832
213445649
3624590838
4061256419
855775982
3891657213
673580793
573185322
3943440409
3738299393
200799928
3843160809
4244760042
352847373
4244572182
4228515324
4127066887
3339518166
585833484
4212660001
588129584
185401136
4059227149
603846129
4059828244
3940939518
216716828
3860191443
168098003
4195289331
3827633415
3905165042
3860075046
3974952933
217840125
4125096180
84141054
4244633338
537138973
4091413023
655161350
3708947725
955452417
371922970
688126206
302786846
84012821
4178644221
4278844932
4294374399
3825200660
654640133
268107538
3861256462
17308669
590277904
4111865848
4142989320
82840573
4210028792
184092678
151975447
536350254
4244495428
3457090002
3990161690
4160749280
3657045728
64227624
202568707
18027264
134529525
1044059651
232520480
285869308
3993502738
1108751337
288824110
3992780016
4227654671
3958960622
151063286
4228318246
4227988477
3939896833
3992509417
4177790713
100074242
3639278060
101714434
821433383
3941852434
4092066531
3891330824
4176668667
4277402872
4226159107
453046289
3974759154
14151692
4227597543
4211543055
3624594433
202192610
201194517
3878804224
3589877460
619780119
3976988691
118358505
335215372
16186630
4225951516
4008303313
4293327874
3958306809
168688899
4110353403
3958185236
486079528
4209444864
117895937
4008967416
15336173
33878031
33228795
719132457
1046546
234559228
4260429329
3907841783
1054727
436801045
420412704
285872627
31203623
83040995
4026134776
1044218
4026468593
4093512970
3637839346
4039956975
3924159717
4126145521
4178117144
4191812113
218826741
4110747130
4209374437
486336258
3958770177
250596566
4294642417
3488816390
366806570
4193783570
4110289403
3773432823
3773169383
4008967154
386992673
3823049464
4262271451
3976204041
4126335743
3975212269
133099763
4043174132
4176867301
34607373
50270215
3958764556
403049728
4211150108
268241153
152439301
3925870831
31916542
4276350968
4142986236
67833073
50463489
118816514
251002886
655588
84549660
66645235
4076404237
3858557425
4042850274
4278323974
384893180
319028224
303826664
3758942205
4259510487
149951235
67432967
3892189182
3857977341
3941334269
4227593450
368903926
504955938
4245430554
4042909923
433722409
3707896591
249945122
16785932
67563270
3858890219
4075157242
3975605988
3925154314
3453476574
736873186
386134515
132896273
4279502585
4023968007
521606663
538450467
149880059
4177982458
3992916724
4243060236
3488610797
3940869853
48223216
4193842690
3993172450
81460990
3943496167
401857563
3997757636
4109632746
4260036609
4177918986
4177920502
4024956661
102112283
236587017
202112792
4195027459
369954075
621674530
271187161
3910328321
81991427
4160685580
167636722
151386626
201652493
470747136
4077065736
81523211
66718721
18611490
4044886004
4277804309
4009103882
4278514935
4294513916
285868280
3758622205
3974168045
100463617
486933226
302454559
4178385916
304089112
4261487664
101056000
83557874
4091873014
403836916
115008497
4077186029
639435528
4094953720
4193511897
32179185
134150404
67173126
151911683
3673296358
3689479648
4026064133
50734596
4260357900
253370872
251000320
167445511
4228704268
4044105455
4141538847
3838039500
925956108
4126420252
100465671
4194172415
234296334
739048215
4262399484
621216763
200726801
3995284487
101115383
4244438525
32830475
301532692
33878275
619507982
4061131777
217176808
3609462251
75037
503379991
487389433
3891984373
150211071
469633287
269883162
4177853958
117312773
3876518655
3689814515
3823622891
49754365
19143171
301266954
219352827
4277989384
4126408970
3975801323
4161998056
453121785
3873905184
3855872747
3842773508
66460158
4278324992
218306590
4261620009
218107645
35063293
50587382
17041673
3926588935
453896948
3775791077
4209785616
4026326024
4294573831
118160642
4260563985
3823162611
4093700607
453642264
115077632
4261601018
118095901
4093176551
905509379
4278843409
333298905
67764736
100603394
4058840603
99744516
4143967987
4210427112
4127000071
4093106416
3875206879
4244633596
251000855
3992261853
434821944
4277135294
4177261060
4092980199
4143832021
4024365810
84743700
135867910
4160418581
4277535974
232983575
51562229
4229239504
4144819687
4060814829
67703563
4178185994
4262794782
201264910
168094214
219354615
4128320785
3824417259
571670518
4094951413
251995137
17238063
555027993
4127006468
3806917621
4291354620
133567266
4227787273
3941337063
200476165
202058231
151256589
3838711316
3823620562
722205420
4061131010
1904095
115279352
404022784
840503013
3826451197
639760337
34082321
4027452921
4125492720
167374083
31973633
235470585
738133250
121043979
4028236255
3958048212
636613345
4145415956
3353341669
4278845697
4008761311
387452154
4211547169
4227712749
4211210234
4244046068
4143515911
3991863802
183568643
15340314
724620821
4249048829
150213665
33350416
4194372075
4027121659
234097403
351729914
4278260487
168888311
4194304777
4277722604
4144169964
4176543497
4125293308
168688134
4142064096
4243651332
219288565
304025367
3861587219
552399085
34933225
4245430031
199753476
83031802
68680440
252446728
3876782591
4128113135
3740733671
97443056
302249702
3908096510
267780602
318378775
4060153362
202572554
49747719
4262133511
33554420
83817729
100269320
3992185352
521801522
3960726002
3757971679
4142398723
386730745
3844215562
3873635304
149675266
4025480464
150795239
117577234
3874822654
125450
3757907415
3976457486
216926985
3892708351
132771835
4143511542
4109302009
201326082
3939765517
4261282297
151587847
503909919
438437912
4110094352
4244766991
4093573119
3961655309
3959497492
4126806239
201458205
4060279289
4244507878
3960344341
4243845109
84871933
4092986379
152162534
4009692922
2901872131
665731862
1291764052
4078109984
438300397
387716897
3875144451
268037863
504499210
4195291648
3253585104
235211201
4243517427
4077388792
4093570542
3541305863
3992200165
4126671601
4245161740
4110277865
3689410791
4059758062
4041599995
3991397355
3926591713
4160814851
4110686455
4176278024
3722043643
4094359236
184483060
167313668
4076471301
85328378
4176870407
4059629038
4193583369
518118
588715021
3905551393
3518815708
119746032
538252572
270660599
4162530055
3789546525
4261150457
269550582
786831893
4160286752
16247004
186649813
4059496222
3923500280
317644272
420611847
740432922
519775999
705237549
65531709
3554990814
68410026
4177334781
17895169
268310794
218039813
202052374
4227332870
453639136
4177268467
402194177
118557705
3975938070
151324668
169350668
4210751484
101188096
219155199
4262003458
521929723
133697036
3506896369
300808916
135202819
4060019456
3873370603
236197096
152115229
370019587
236458507
235799282
3858499570
4058713087
83761157
4211217691
149025298
672395521
386267150
605488668
4044558869
4008636918
4042255587
3606308379
938291181
688768844
4143900094
200660160
486798362
4245816310
4194105344
4244171773
49344739
117434112
1251845
3323726612
266141927
4265023780
785188902
4042788144
201059328
235936020
4193975560
218501626
285410577
184354055
51047930
3908963333
3992050911
3773953244
3693539051
149377295
4142278679
299500081
236386577
4144371213
66974474
151325694
102300946
4259313418
4260690433
3772507116
3739020003
251055055
4026662132
4277987050
321655055
4147124239
18087934
4093173998
3739481588
3469533407
4244427476
4109826812
4026066168
4261286137
4227921404
50129667
4092001546
486993889
4162654210
3840803075
4092464107
335284746
84345369
100792068
217516301
4144691712
4260493817
167249943
4244901371
4294117895
4196139525
17692421
4211272693
166655740
119138799
3640595709
4127597570
3857585676
4008896241
185269492
67243013
4059824638
418388979
201326628
84476918
69537552
4260891927
85855488
4194107405
3705924850
3302084571
533058029
53280529
4178444555
385880850
33225453
268235799
219678980
67826178
234944762
720502277
3772384290
3909160141
3907778805
4076269291
201787645
4129099510
4244826341
217775878
3960213722
282863137
521338124
4045673473
201921561
34079485
4174437366
4092459241
4210821641
4009492212
66059263
3941723648
4210620403
3958307574
4092592618
33813238
3858888966
4007722484
4193909994
4108578055
4192990183
3589268698
4041532131
4110812655
3774149384
4075946231
4107730432
384369919
402325801
4262330396
4212000787
369160176
202962174
3860149028
4243325415
984316
334939917
369760744
4178643721
133689609
4277529571
4126933251
65599479
49746432
184347657
4195489512
372510195
100530965
4146073350
133502980
203557685
132770276
66917390
3269513735
4142856696
4093373681
370348010
287184659
118955285
386598667
4259377916
4277597699
3454005749
3841909785
4161796523
150408203
199164962
84272387
269558007
67896603
4059819767
4143186681
3910004725
4260496363
100999675
656675075
4228257305
3555470829
80538150
3993559802
3840866534
354620955
4244379414
51185640
34606081
4176026902
84276473
168560378
4194761217
134676723
83756295
33750271
4143577563
4211473910
4276291069
588314136
4046395628
33480424
60403
3975081734
4193835753
218234627
351468789
4076995065
4261154832
4158915081
4229034250
4277668094
4129558278
3589989350
201848302
1208164635
217059125
4211404048
4108842728
4210095100
16511494
4194634528
4142400256
3943102232
3856589302
386535949
67043592
4262002162
4231067916
252182263
317135894
15720722
3942252536
3738894098
3756447929
3939750650
4242529521
4143839996
4128048628
4244238336
3891194348
4025221112
4244568828
17223913
528381
51123468
269550081
118888192
4277012229
4294703094
170137836
351537678
385543935
217908243
4061136907
4109832693
99808239
34081025
251988743
4261280000
50264584
4294309361
4244177659
756746469
336737314
4262072582
4127723784
4143382273
4160556799
3976463882
4226609392
4227992828
4227664125
102955000
640419341
336009737
3842574112
135724532
150803718
201788675
319821587
4027190550
419564803
4244962583
4057259517
350548452
3557684754
4143190010
67239913
167507205
100202749
4176808201
4110677004
51057417
3841650446
756475090
4129760504
4158651680
622788383
4127793957
503651588
438506267
117770765
4160485886
4161147382
319491864
4058846734
3891197147
4109563636
4278382069
3873964524
3558661862
167394049
233759503
134410976
202043888
84084734
418902519
3943558911
4075355367
3855082990
3386623948
4244244667
316927251
133818609
419949041
3844074466
317067513
838254418
3824545254
3874091235
3992972016
3942581238
101250826
100667905
4177195272
67304180
3907974903
4142326777
3656313335
3806848230
3621443539
4009943246
50991621
4160753690
17564906
4143191794
4160881676
3874686740
202377221
135068177
132715006
134541310
721812459
3910272028
4143054586
384697082
102364939
4243653368
386136579
117374471
16843521
4210622973
4177784305
336135412
4160476136
3958893779
67892445
4210481903
3891005942
16313311
369629432
51322119
505617684
3508537553
32713723
623974141
3756131574
353492194
521670406
4230356231
49219847
4144037637
688390404
739236912
168621564
3758759932
16053504
201196304
116254718
18219009
396026
203429633
101780747
3773756942
4242336498
66705901
252968952
4160814319
4210685683
83024636
4277203950
134871287
51380742
50466048
3774743303
3992056283
150795798
3705988868
4075611082
101449997
4244111088
83888388
16445442
3892049142
16054784
268309537
34734320
3976259859
4226867427
1025833483
3993168154
83103720
3907330569
3705137371
99345119
100991489
100600312
3675137760
3439528952
603260402
922425626
4294642739
285009675
15917274
654856
67370506
3857319693
3737520126
151458032
185337611
336918831
3873106188
3741447140
3992382202
3824943087
50923015
4178314239
4211276025
4043242476
4008118010
3824087778
66253569
4261604864
302780668
903682090
3488081921
4093831125
3859097831
4195678494
33621756
49875978
4176938243
117832950
4174440948
4143965408
118424049
4110548212
4110610172
436733718
185994219
535889916
1227545376
133366284
286322162
4277796351
82960888
4177390080
4077520139
4194498291
4279107591
319358734
167831809
117445398
4124763886
4160876025
67566310
100337667
4093706757
717566
4009233393
536934379
4261543703
3906916879
3909286113
403635423
33952794
84412422
4245161232
4160614151
17231858
451810822
3941659934
31919109
117956098
118490638
117374466
4244378629
4176999939
4262264535
133956583
167119355
84346876
4211402513
168759830
3171352558
334816725
4228186660
4214179341
299434783
3788499443
639110172
4228524852
218959110
4228249601
4262328560
4246145779
3640195832
437053169
34209319
3220375796
304398007
639835928
118691103
3959353853
3773492453
215873265
3792492776
4043899373
4210297334
267191065
4009426184
4210228731
33222915
3640789730
184289034
67299321
84084974
4027256837
3774547712
4158653939
4194757120
386393606
3976993029
285999616
252643605
4160747267
3992786179
18875395
303699976
18097407
387513345
150731026
3826581232
4242801142
117308931
4228775951
4126936065
134150909
16444666
16906503
4260889604
740356628
570285298
453964785
4179430903
4261283074
100006668
3926259445
4058444516
4243316992
4009950961
4278066437
3520985612
217579774
66001173
4008042460
101189631
217838608
16252910
4228121088
352720389
201981974
235607035
301536542
269747972
4177526775
85196019
185410565
586612766
521794302
4093118720
385475871
4092539625
3923633396
149874670
353043197
336593687
286524424
185805321
100859143
3775464939
4275112432
973856250
51444468
4162779137
3859028460
4210883574
284954372
756951574
304026378
4294906633
3974033401
4008309749
4009033218
3923835635
4210753020
84274167
4193713899
4076799488
454095867
118889480
4110947080
4144039421
420350989
352782866
185009667
133427451
3857373684
353561050
4228976147
4230028556
4161013751
3687971323
117634565
135861009
554837004
3859413008
101445594
101910265
151978760
4126407437
3723490271
4177059581
402128118
3810141442
3942251525
303114479
250270970
454230265
4193189906
972159749
455154174
4276424203
3692235486
3621004047
4210094853
16510207
3741647095
3285383913
3420255190
485166582
285612568
4076007203
4194158567
4059173378
184811258
251596817
202175996
68225789
367192842
4011059954
3959815921
98633478
4043366658
4276220162
67957231
101255690
4294771959
3740401914
4142198001
4244304615
16778230
4280877062
116003335
134876924
4212396564
369358369
385943305
4211741182
67586
4093769460
656865781
487202347
3924421619
520423670
4179228676
469040138
370544391
4128245521
4211087873
4143247083
4093309947
469043721
286462478
588523048
351981544
808309242
3688959226
4263373035
4193262372
4060410863
4276879861
4091937280
3991202812
4109235962
67504896
252838157
3937929230
114801639
3959355895
3689938180
840509683
4011997220
4127260670
4127259122
168957176
235213070
3941074963
4092655073
4009165064
31912445
4161664253
4127003890
419893797
567924452
4080534236
4043635945
3924690157
284428555
285608981
4243846927
4293525008
4059690485
3806918912
3739943162
4026195669
3857444851
4027382007
349895467
603645212
17302267
319817981
151514647
3925343726
50854638
100271349
252704250
201521158
3623355378
4278383094
251459567
386930437
87162382
269230088
186060295
4094760965
4195288557
4060813059
4027380706
66785274
4210554138
4211462386
285534419
68490280
3911981324
4024165358
385348107
217111540
589623053
1440779
569181217
32895995
84544003
168300302
252839951
218561032
200340722
119474208
102364405
3976397037
199623649
521010967
201199864
4161011721
4126865639
452911348
4059102450
975043817
3842910470
234679529
34015734
4245293592
4059366399
4075881722
4163176736
3756061404
3892768995
4276168695
3891460894
3974953455
350287378
421270804
370154515
34278137
486411295
4127524359
4176411892
4244627937
3906928895
4177389313
185137425
4061070581
233696764
167507715
118357769
84409595
590545925
267972837
4177332452
3958699765
217443306
3992714234
67891949
4194108936
4261475073
807532286
4245225239
4093049084
4212394473
774639103
233763070
653394708
4126862606
3858431979
32441345
4244897276
201989149
268368900
301855761
3438478849
4040957164
4127391469
100855283
4142922269
4245025011
4195157738
4260630279
66778388
3789874454
3452032993
4059228647
7404
554962442
286206500
4245807380
4160746736
66260204
16517136
184548610
251921410
118292999
3604681224
3521241815
148892139
252054030
67832329
3958643188
3840344821
301336306
153942533
4110027001
285474059
262902
3840868859
3823168235
4227396869
83363080
34014450
4178118925
217909264
772997875
4046589700
652540159
839503918
4108516875
3992509156
4076601541
63738
1374727
16845314
3975280123
66976513
4160615161
573767679
270804506
116588030
4127128323
33223422
391933
4212724995
67568379
151387661
3707305211
3772507624
4278715870
3874747385
4279233746
152184049
4143581726
402193933
420873484
118949874
4209577979
4093241608
3924552673
471071729
454492443
4127918589
100336375
252509958
4144633604
4124968429
50134550
221191194
83893014
282723569
4128379396
3908031967
3672890576
284699415
267442720
3333145326
887877892
3856871207
3739017210
166058231
4210687229
218168049
318238979
4279501835
353117424
3924485864
33938893
101254403
4127918089
538115330
337452823
4260627454
17296638
219281405
4177328630
183828482
101581072
4161539331
521274382
3944157966
67960056
151850247
4244106750
437326607
34742306
4178183152
4079025376
4243446989
840233748
34676222
4210754822
4227459072
3923698904
3908292830
3959229429
4076012537
67692777
34076418
201268507
4278065957
3657629681
669586974
217967137
386732303
3775336469
4209375211
33620978
4107855367
249232329
772401170
138345937
49879831
4294965768
83491572
4243851532
519691026
387057661
3890867717
287978709
3591318555
4042197722
673119759
621357604
119078186
3251103437
16976916
4177000195
4159897588
32960510
4076208128
3824020698
115860976
68228870
3840016135
3726503144
66270955
4209506325
4145077252
117900242
117837581
4160748812
4277993472
151583995
3787841259
3352676300
217246673
471860490
502802454
83948774
3976977135
318703369
99928071
3824153063
4126010089
49737976
3773886427
34080251
17104393
4193710352
101580289
3976338421
4175816429
3756718840
3588349684
367984383
4211529473
67900667
4211216405
17428723
51580663
85006113
4026736664
554564082
4160482796
66912491
301069571
756156146
66922027
3301492235
435681780
219806210
3906333441
486268916
4278465806
83101953
318178807
4177462522
4294111230
3978561795
233904625
99882507
4060611596
4060150769
4126733314
688593398
3994032134
3790403564
4246742532
4107406105
656346319
4194568432
303437341
303900685
4280226062
135402495
4261677318
135465223
319292163
4042721283
50329353
521792510
151393295
217842974
4093641471
4261282293
4128831716
4042328300
4244703244
4262395911
4244443128
4144039669
4092723203
4277860338
285670406
4229104638
4108519160
201720061
101323529
3823566609
671151396
3810323478
3555116248
4158977745
252775461
49415422
4227595806
4111141369
284753399
386992373
4142465795
3991990014
4076338670
536667627
907665404
167502846
4010346460
3772777455
3722959850
4242996731
4143253495
4176803582
4044758735
322117863
150600685
468263201
4210688799
4194240757
167705085
16845834
116915977
3439264245
3586328563
3774863876
4159438059
589824781
3857584635
4128447519
4278981114
3993565953
4076531450
4278516714
252180742
135137532
3891864849
3573089253
30668291
50594562
118618368
1122113323
4075604526
3676363971
216739337
369888021
453840645
4044561429
3924294904
3807375599
3891390963
3942442228
570429139
471337255
3772913161
3707365618
4125044458
4027047407
4126862308
4229177117
150340101
4091997695
16971509
336658953
235998246
168357877
4278119418
3757309674
368239606
100603400
352448529
3826055679
4211085811
4177135840
4210356736
3992840947
3941201636
4043041517
4177594331
101058796
4110878208
4057592587
3958901496
4127195931
4159695338
639442178
4126403314
135205886
386661646
4110227969
4244169477
16844044
116061437
4193847817
16185850
486345230
4229367535
233302513
3659400166
237121794
3471439370
232250095
504695052
521408274
67770891
4041870108
3960806876
4274914322
150605585
4144300785
3925740306
3958959340
3791127779
4194047473
251725852
3874948367
4209641713
4244173070
4160028166
4278054914
4076922605
3623026400
134746113
387518987
3689806359
232322310
4277987583
266992906
4212060416
218370593
403234832
150668551
50401288
118355971
1185808
4025877514
183429886
856827377
3589265901
1025176876
470943747
169347070
17563397
4092850166
586285044
436541971
284227313
4262663925
268827157
234562080
51311890
4162716140
3823967498
134274273
168952591
4195029254
118626304
85466124
4179103492
200619808
282720007
3892371918
4260036905
84473840
4059956462
83560707
369162248
16974342
4024362769
471402728
116788490
453302768
319560214
4193509149
168159986
4212129024
4109890296
3857249511
4277666548
4278253823
4092133889
4026000100
66513887
370270471
50662642
3590714104
3906673678
386789881
4026992352
4211603731
83561473
4228249338
33229317
168164622
401209085
4195152390
18097135
67630600
504954377
236189471
2099696
48957961
4074490882
100468746
201714940
4243121416
4060275672
286920190
4025809667
115664358
116593698
3873242095
4245288691
50076937
4209822473
3942052352
4058569973
117371143
1251597
4194695160
4092787190
150343927
4210357266
185399303
270606847
3823431419
4041861860
353240560
589175316
369956129
383711229
554630647
4176741413
638194207
4294444572
33225985
33489401
4076665079
269751297
4026277353
4241890828
4159246859
4008764911
3908032752
4228119528
4077390360
3723097594
4227857648
3943244310
267705383
235072494
4179758333
65277187
268957958
16715517
117969671
4076603149
4043248882
671344885
4262133508
3807633916
236517085
218961673
3860335883
4125883635
217970433
585099515
4212516588
4076596723
3892376305
4109168089
4259567614
3943626970
16050910
134608642
66845942
4042386689
918993
15991294
336333833
4261874442
350946292
841754916
152641060
251792402
269555465
437257769
184221448
4091476988
4163833805
352200448
386931761
183832335
3792639456
3975089151
3522756093
435422713
133694987
505021197
4228783881
4294574587
150797053
262177
285467862
3960729891
3893031662
4244311550
4278914046
67969577
319290879
68158467
519896286
4145221915
351802877
169814288
3972732414
320134908
703732981
4195026196
3824016618
3673288917
116001019
4228644616
4211081982
4211409150
201128967
4210748666
554700562
152767509
3341091039
99480814
84608257
503250701
149681677
605615111
4145752580
4244635634
4127066104
170459396
84481033
3790403613
3874096892
33744363
3691514585
4127125255
4212064247
102168319
1373708
4212263932
4009357341
3688688595
3839027679
4293649150
4280811776
51183119
83757812
3893956079
32373760
351667218
168953098
4192218137
3976459244
318376956
269032217
302905356
4007852502
4159827207
388041704
19209731
4294321671
437451005
4027257834
3976392187
4177131260
3957850338
182519309
117046270
168957438
116921634
4177918954
4128380933
184484363
4294638612
3843747541
4209253919
4142526431
4008763634
4209640675
4060935142
49819405
4144497674
201982459
252111106
3908509433
605159667
3709473771
4075348971
34997739
220400645
168751871
219679763
185272571
636364326
134541095
218043400
286394391
3775005680
4074699519
4212061425
3775138528
252516349
4226223124
118949879
67768336
385749265
86252287
3807254041
3973841915
116255244
3944877816
3974957055
252116471
4143974142
3960600832
4294507743
757399775
3775073812
3855481064
133502486
3924295693
252186853
83293437
3875863297
4278850249
4229312012
4026077449
318048520
196934177
3757364721
3774798826
4210031089
234226180
51249671
3876057611
4024958454
50129395
3608281539
587866127
133429495
535756805
251985681
468705073
4026783689
4141941251
4176073735
520759059
3640723458
3807049473
83754230
404552960
3893828084
31448545
4261282074
3856792035
17101058
4077455604
100601589
4177129473
4177066736
3843231704
233445652
251395847
252578569
619833348
3977506775
3724277759
4212135957
4211012092
84346625
16319239
50336533
15993875
4077909999
4108190721
4227404259
4278518534
4243654147
132894742
150796014
519175944
906614287
116195591
369034250
66844419
4177458679
16381698
3655332599
67832319
3958437376
4008180449
206321679
3771020327
503643095
4279434762
4228452863
4227072250
303232765
4178174722
4110220521
386333413
823937818
4059290188
4076797407
34076155
252048649
571152384
51457058
505151261
4259567075
4095149041
4024960801
537259012
4159638556
521475833
4128909072
4076011772
16973564
88152289
310772672
34531332
347278674
4290118421
4193064011
4047037702
992541917
3959292266
1337597527
260642555
251408364
888146168
530515951
4144823811
203555228
116984045
386403340
3859752711
4163180540
252132112
471338765
4228189198
100993015
184089132
3606247153
3905941991
4261869051
16514296
573243372
303371544
805697519
674496291
4244900855
385157139
439285240
4245168919
469894170
4276421634
3893101805
518579717
3213841
4213126122
117505284
134156035
3991525377
3791125738
352710377
402063120
4144428305
135465736
184485381
33232119
4262326025
4212258271
3959160553
4043636980
456526321
18891559
622255865
303568905
4091857889
4126138617
185274598
186459681
50266370
4278320635
535822072
4177919236
4040548595
3405970930
3823564765
85339120
3691576065
4227988454
34016259
218041616
68286718
51383303
102044950
31792414
150077974
4061193440
268703758
572926735
3859357987
3672499925
3991202788
4108709916
3488533185
4094492634
99682023
50990617
4210620654
4042982654
49019145
4060544247
148629739
574287883
335743999
3893819659
4277218814
252246531
1313281
4227661057
4279510518
252457224
152693006
4160747466
4059171342
118620416
134283796
587201513
1227826221
892215371
638062110
436860693
167770858
3423397842
4042849491
100204039
3991992830
3991990002
4243452146
3791646185
3691444973
252379643
4246413837
4294706179
486866674
69209079
286202645
4210749722
3470246098
100388814
4025478621
351270381
4210365975
82438648
3892311017
3942253299
3806263530
3690265820
284093674
200868626
4077261534
4227657477
4260692226
151452681
117634818
4025742584
3640520691
3605530583
4277468138
165538306
538502386
67824646
487189713
588776465
3975082260
3994088167
3673951971
4127459832
4261149689
3824350723
3923309558
604102650
3910592541
3134515667
284889849
135725808
251448341
102700303
4226737927
3622037987
4174431455
3957450222
100534499
135599118
4074767613
3673231866
30203662
219532760
352717584
4127331096
4262199041
3706657000
4091725293
808387840
336857875
3810129914
66123989
4144367630
3639735793
3809150199
4293987584
186134010
118496267
622731787
3744666872
4263324407
3772713458
3723749876
3755014375
4276078050
101721874
4111862546
4209504495
50193874
3905751561
3687172849
233622997
4043897602
49806597
3922452473
3555058660
4042583023
4259903485
3402040062
4124366821
3959744512
3858304256
4059366627
101254918
34350597
68031523
117831940
3755472371
4141998593
215214538
487785479
4246413055
3287019490
3320172485
3857309435
3757432520
3923114762
4108838657
317974509
270200063
3942317037
471085849
3372020483
4025481927
66385898
3975412485
3858955486
4110614780
3958048749
3958041067
3588213466
468451027
639360529
3912110807
286924575
85462501
3961527059
4260098800
3807179742
684847378
775290117
4110219807
4209438951
4075221237
585473
31723820
688007953
959967560
707206428
50798627
351533805
473373450
1277451860
893071153
85533738
49681669
4143115012
133692913
352909323
385874194
3963422475
4279514880
352720373
135669544
4278579973
67304698
4159962621
503516161
3671321860
668201725
3942179351
3774407904
48753379
286854156
521868554
620501022
287843100
4277598729
267843330
437776896
4210099484
4210225914
4177982214
4210494688
299954709
116124394
2646068751
2932202988
3352339630
3757106144
115474698
3927116257
4294176256
3050688714
3251288257
201991130
4261935105
51319817
4260037874
267773686
185876243
3470708514
3637490399
3370171321
4043516651
402985245
4060294948
3807120367
217380611
4262134794
4008967661
3453346757
370337771
3050030870
78038784
167365049
455472411
537136619
203418905
3858696938
185275162
268698120
3976263149
3824092188
4059114503
100200696
66652435
335351059
656537107
188163600
570045233
4207594768
620026842
4245273317
3672836575
3537562098
4091870687
18550770
4161145101
4026918128
81384415
3336818625
67892707
33424120
352711925
35059706
504633084
88949252
823874103
4142330167
33810425
152444403
4277995013
4294900219
4058853140
4259771905
151903729
555226865
15722293
3957582315
101445856
135204388
401997577
32892700
3822965471
199625996
3741242365
3605787885
3151813344
4195142859
4227728915
3722771449
215747596
536667944
4196399093
3691519718
888934410
3577468088
520758514
606148921
673516548
4144173840
400944393
65929240
149357854
570549518
3828682735
201999621
236781318
4160495864
4009291768
3588091365
168103969
152966162
150528002
4195221778
3875475722
4209838334
3925738743
3673289696
3908307671
4108253159
351993622
3991265812
4028361718
4042137342
165540112
871290613
372248096
3572764145
591150648
284440624
505937940
105062919
234829324
991557157
3341157357
3722834879
320746473
454887439
4245950728
3539666698
3991263713
3673679592
3132277981
95207646
421846003
3120444899
4263053310
3874156817
1055770568
303562192
454424076
623058188
4129429030
4176267755
1093866757
3689671140
3943942336
2482329320
3978377527
118323031
15984654
483445736
200297534
4191874855
3419851211
3805343968
537536497
3825658118
3573222367
4073252087
116775145
150866715
3976663041
67108110
200344871
3827651851
2901273609
116394688
83422450
805769466
136704013
3991215853
4059696115
16837895
454893074
3690593028
323277
4008240120
82700764
4194301947
3941799920
785904
3774214137
4140892370
903085852
437901847
623645976
422326043
84619549
686283829
3690986977
3824150246
603647198
655684586
4060093216
3740990702
66380557
3806916088
4043247338
4278522141
3707824395
3941133001
134216679
538965782
221653247
166007566
452985361
169475604
4112123890
4025028104
4207994139
603585779
4112769527
4078969836
337848877
183436846
623126277
82639115
4193510886
205268488
704319265
4161599221
184161030
3506828029
3992450009
3117742834
3390240490
4143252446
688921588
3795126267
4241241842
485807909
1342961388
205460501
1347764245
469965084
1209145398
507721990
1274421326
118211301
571544843
3054243089
3939690973
3875938274
1106781243
4278112000
19009030
47445267
17814978
302912520
4126941469
50984926
4193785641
452923697
3740267025
131257306
570479050
186839042
3858440425
65272850
4094493948
4074506238
3925998071
4026007021
705438470
3943100675
4294375633
303956995
33822981
4109501668
4174956817
4294573305
3892180462
3555788518
4122534898
201634778
4042329870
4026853086
3957129455
13953022
150146583
3723091704
4010155475
235278358
251591931
201192716
3321819864
4274913496
687524904
3825991656
251662341
3875207961
4109566706
3925086206
4009221120
486343148
304404744
171062528
233636106
236640790
3890736893
67237877
4261999360
4142461687
419295992
3759135739
99680489
184752132
824443423
737152286
419161101
437843950
489626634
169359884
3890997249
3740924890
3254056132
4158067465
4110088467
4192273908
3889096945
3940212192
3940608752
434442495
370859546
4292733957
421197040
470350355
235136738
4128312595
4094698976
3302752289
4175230174
17561859
117770749
4262139673
421526020
355671803
4211093795
3957384199
183689705
4143841530
403110934
3775662071
65930226
4076208626
3859613164
756487164
791222568
354687748
4212594708
4243388672
3722766834
4294239964
352380430
2953118940
116976092
3706903524
4024430843
99745267
3456562927
4112190220
4161535734
370676196
284493345
336075008
4059890943
4142527231
4228765659
4210291951
3859477232
4008118749
66192377
3356488406
3991470808
101448439
404498447
3942763252
3790925260
3859155980
15338237
4042587416
132779035
67494149
4245491181
4195358484
3890675434
4092715259
4058577903
4026195944
4261741057
4177790439
369039626
4277068296
217113324
4160292343
4210555407
249565429
606534163
32759315
4276029425
4061582320
3505528284
3939427853
4228118006
4143186166
252384269
51186186
4244175874
871300633
571149349
17828617
3809410558
184611823
152636955
101847301
4175432972
3892900589
3789488097
3453884449
3318275537
200075542
3958247948
66705396
3606636527
3621643732
958855902
3862242039
3755148818
3960795377
3590916584
3872984546
3889682415
4143584226
399778043
3857180192
4261938949
421344802
4077524459
352386316
386732583
4193316107
4164754433
4191957764
3741520429
216991520
3706323959
3656247001
249358581
4043707354
4159498757
618198524
320533270
4008178684
554106133
3622838294
3907448787
101517043
3824153847
3923376379
4060350954
16381686
283635188
220067575
4261026542
4026333691
3908698371
370148096
4010610944
336000765
656546829
471807527
3291216908
3939049192
4144359406
4061336834
4159101437
83484913
3791259106
99343355
4010605283
4263321896
18149892
3924493063
3757507574
32437247
3890668299
4278849798
654909466
4010074648
184351734
235010568
4260823553
3455057141
4175560416
4160285959
152052792
134217468
485883901
703591453
623308791
4194831650
284288752
52094961
168497419
3778614766
4277019656
151259408
3858360831
419211969
4262006546
369036037
488502530
773918238
4178577151
4076073700
4112331482
568665897
82304034
3872966942
349232850
4075950117
3975411458
4247589873
3789957137
470872573
4059486677
3942252030
3839751156
4092127753
4111538685
3739361305
3758422278
3823165657
270603232
236073504
3741117179
3889817339
184152839
388106006
219620617
3336882676
3201358515
3338867667
3786720194
17091797
150531858
301923562
4027575804
3909620966
571155231
4261348107
201451007
321394954
587085109
4161795084
66781182
572320777
303374350
4059102988
3437940711
4127780311
15533037
3857381132
369622779
370350091
3991938081
282578966
486344744
3642745313
288825580
3908639506
571997440
67371280
234217970
4230014709
185207019
3842828521
3958501855
185073897
268828678
3723359241
3553087671
48674012
236450049
557465831
4278983189
704387606
4243974482
3860064990
4141816054
436530737
3758032892
3722627799
3907050457
67760636
4127792637
286396424
4043705336
186191354
34674164
134481646
4210366215
67242766
4090225652
3789275615
438765784
1109146175
85271616
234681865
4277469937
3924763884
4042384906
3690523361
3100306139
3585593823
3871786709
4176470758
4112323829
251667500
34935560
302118674
3822569414
4026595297
4009431039
251532053
4211542808
318634773
4278711519
4093049849
267909371
367716845
639302125
4262851861
4209437166
4094165993
301334013
488173830
338107934
437456160
4159828480
4161268964
538841852
4178506751
16254458
401659642
3995340262
4176999932
4008508408
722991349
959124521
722694
334693366
151123440
65195026
402185678
639567120
422252832
3204769982
3873901000
3670663729
4291282656
4243833052
49872624
153629222
3622691814
3957973209
4006404843
83936230
303172052
151331350
151776799
571547426
4245687564
369693954
251989027
333306095
186713338
51457275
120332300
472005398
402857799
317715975
3269253079
3419847633
435156218
1095366682
219093008
1058021924
607579422
33554441
570027248
4228317456
3789948405
4107847644
4227657954
3704809998
149089530
3621316344
3772771055
365681398
336984084
3741318363
3941588182
4278911991
199937285
51575546
3775925764
4076147956
3805081102
4260811710
941624044
3993828842
737744409
3972917533
351659270
4109308912
587984158
3542754306
3973767635
1075448082
4277403677
4144224984
151178519
4094550969
4231140086
3823890942
566414785
218371348
4262725133
453841666
4262530337
437912036
153360904
4193654534
285536020
3574397711
3873432281
183957995
198427607
133369836
3873174564
4026790636
3972664067
4041458695
83023034
4075091204
4142524632
4075883302
3723680210
3873496537
3638218187
4226210803
16707838
251129069
352913942
134873880
170527489
454567965
3843038493
803281967
4280870179
3740863203
3857971714
671357451
925173283
35074584
3587900940
400951535
773988635
3824749071
3858502619
150407707
301145620
385408033
83023580
539952885
201260074
4209503727
286249954
303299600
3590851066
3503679454
3722963668
4059230481
4092783851
388436458
370613785
335604709
48424988
3841649398
3285193698
3352029157
3557484518
3719106025
135396898
4162456333
604251132
555746086
4211537659
3841385184
320282601
85725714
438381862
3907652098
4260167162
591057913
4245096987
4294244336
84469502
3469536749
30923216
4261420046
83748619
691614243
3823717964
3049643997
3857440469
3387555819
3940611295
4233644089
3991479342
4111070181
3625454083
202962142
689181467
3213304
134944248
3909286402
69015358
3469022472
386213088
3640388074
200143839
285731872
4109893110
4059367928
4227531752
554828561
338173196
4244170766
3641442530
267921411
84012314
183691767
4010151449
3974301170
4194955261
3856931325
252575228
353179671
672137493
739250476
606542346
437385995
3909482778
3858167019
234885379
217704967
711395
3889303552
3821715431
585026028
573838871
134679069
620956696
422637575
554629892
52694787
238233876
252187903
3757896971
4226929123
3959750615
3991788011
4244300497
352649482
437977866
390664208
2887671520
598149187
437979415
204082951
3370772642
350487038
4161074712
3623351515
4177002255
4244497910
386333962
3925281019
4108319734
84809727
4294245411
252767711
18022882
536012797
320469023
3724741920
554760964
4212066309
4110415117
3791575511
4245093609
4227266033
234492405
100003829
67106837
4143719443
4058576651
118557702
437130012
219559684
150863380
4196003061
134685683
4229500706
3992316663
4261150196
3891653861
15992546
3791916576
233966336
3873699344
4227853029
3992848894
520490257
303569182
3557226245
3335773403
4228909785
301792260
4209174256
535545397
4147445728
4075086561
503447540
4276608786
3521829319
672993246
53817371
220278309
3876266485
233177106
4045008856
185997298
3825137931
3637961680
3504674298
383183652
4158640878
4194365969
3892054258
3571449065
3857118416
3658221804
4190952195
166981349
33750010
336526339
460575
4158713073
4092984053
3924027375
151778038
101325572
3789221394
33748737
521340675
3539473664
4139443467
3975218421
3774083314
3987664339
3671632110
4178647984
116131858
588965091
555748894
3875873568
3738755825
200663793
3439518927
4244826861
4009952992
4190891262
200470251
470213652
4280483845
3907328542
3855804934
4075873529
4006875363
185855264
688194587
4175889959
4126140436
4109692410
101388790
201265182
3878687735
402791424
100993541
3590448860
287435988
287387405
335814717
4078041857
3876006905
201068283
3875062261
656279250
135530726
3688630533
3974751945
3943238918
3453416427
3923900896
367723792
118154492
168426211
368050689
586342660
589557534
4046533644
4278252828
303370754
454948091
4262404362
704901913
201252591
4075682790
3839421698
419886313
689322248
86512172
3391495915
13115397
4227465477
4141673976
3622364916
3049247194
4242992590
152896499
4011331080
3656369358
3505243824
334748887
3960273399
252717600
4126602759
604247793
203096343
100534525
4009359108
3706249181
3605788409
3840203501
4110552564
320346614
4197069088
4192603893
3925143787
334364448
4009621252
4143450346
4227393551
469431790
927408433
3927976444
235806216
655563059
584704250
874713358
773723155
4231672586
3843432224
3791070179
3658817854
4058378472
3806254814
2632471
301731338
3991864875
3974948870
4009567232
4127073751
3659006730
3755861211
4157990882
134279667
3992646401
518048973
3844144831
384768511
4007456566
4210147293
168562444
420478740
919042
3742174189
3471644395
4091866642
4060151019
3906925806
47899393
135259402
4261873145
68751377
4009166596
4192400363
3825136096
3991933967
302642440
201193181
1060125761
673850194
4261352979
4058381302
337982445
436804378
52238615
3673039080
552799014
186581504
4027654137
4096007198
134419942
3976526885
333773327
4192401657
3907572723
83616984
353889289
1444862
4210683616
3876263947
4176537577
3907901661
4060671715
3753568796
4023101151
3184974810
4124764369
3625323474
4259387648
318705426
3457543154
3922661349
333632293
121049089
4093641216
4109767679
786437416
319947554
4060947959
384895021
133369109
467851552
3725524208
4025607121
4026267108
62048756
3640112353
3957583797
3755728087
3944351984
3386240226
333105400
18159386
3825210368
3941863391
250673686
4244238601
4042985968
708122143
3977455867
400419580
404161796
4076733682
4076998159
3723951604
204424459
150476843
3740995078
4244510921
4009556732
3503678182
3603946964
656484134
625678893
4160810476
452852982
384960274
335733275
4177719513
4261352468
150668049
3759016702
3872782323
186249722
4094102263
203753739
3958244095
166578649
471008009
4009620999
3539660254
3384671459
722982880
4195419618
4260366074
17367047
48819702
132909585
100002337
3992979453
303231736
404100868
54403829
337129766
3926864154
4224317467
267917068
3992976392
167638546
3740532723
4026205930
182251537
252966645
117901578
990247
3924623866
182832141
218173486
4190056216
4278384911
4163112164
236401455
101522961
4242795779
4110091020
4176346084
2789670822
4238957563
4160152923
3758030053
4260497637
3740001256
4277667072
4126210822
4294701817
69476878
4056876819
16254467
4177596159
67171592
3825406709
422660159
119268607
3824156646
757146907
85859103
202246411
262685
252908535
4210759197
264292355
285938464
184940560
436339456
3723182132
4193714651
150270956
98173950
437312283
4144959197
3959549939
4244635645
233504022
4078428396
301194692
3909614838
354935757
553059355
3823157989
3572156889
4293656281
351803925
153681170
4111732215
118764598
557585176
3909168625
234431535
3723555847
3385644503
1037240144
1057749055
4194035993
65401582
3923438849
4294114577
4212525585
3908573191
3689344511
3302408679
3537955515
3807251203
3940078558
606008802
4092978966
3270173929
3789092563
3957116397
101394466
3755858184
338175427
3726907384
4091292158
217838859
3945202664
48033267
268757233
4247260389
806162978
300671811
201063145
3975089183
4059755496
972425970
858212429
824447032
3388994011
166982632
3637889526
4073382354
4279234052
4193779711
4263121449
33944835
236326390
4281017372
182328072
554369538
4127063805
3689537532
3823368948
4060158235
4059561211
99349745
4061791490
3487567605
4092521156
33753587
3621976587
3991465961
587204096
437976868
219349259
149285900
84665313
4042591467
3892512254
21500165
204492213
806762028
4061401626
252705789
78633949
556848380
251588867
3859481851
4044156917
3553490670
267908890
3588880377
3705798349
4081065245
235216900
3558683923
4258669876
4026269949
453057568
4280558091
3824422129
65197839
4078376741
3135956208
84148409
4060613374
80139479
504748301
320930261
4095141106
4126673899
4040480213
570093558
4278914134
3807110375
4008435675
3740389344
199227101
4027909647
4126544398
252588829
806360378
4175958278
3925009886
370402272
16974350
468775150
623182103
186058506
638774801
3911769318
282844377
166129914
4177717242
68686553
151525378
3791513085
3841197284
4276025330
4127057397
4109688855
487593475
856949261
4109690401
3808490460
3790003427
268367355
4095150099
4277407237
1866617876
674499073
4060427067
4194573040
32829705
150789867
3858037480
4126995446
4176609262
489222918
219288324
3839880454
4025805827
1107165938
338098959
808191497
4011269889
3942185729
4277477131
301199129
3976207879
4143318241
84669954
67502081
319227418
4245741793
134749687
3450968841
2818758310
3855483347
4175215866
4277136881
383994143
873184586
3891531032
4007916762
51970063
4293331717
335926753
538574601
3391164149
84550625
117969675
233245477
4060471536
3372231914
4292936229
168509189
4027586292
604117260
220658949
101192457
319231010
3891533066
3960678171
4209901572
436075249
134348566
3858232568
3773633003
4277337599
266746
4110220279
556591599
301598447
117955069
4261415172
250345721
35126030
3673748724
83294204
33686793
4176150540
4192858374
3556497359
181655016
321321948
4210873084
319554012
187964164
368979485
4277404981
4027122434
436144911
471138087
169084922
3321100540
3050702264
285666040
421522949
3875795166
1824595261
3572879927
4276810202
3859211767
117046246
4112653067
35129858
68685322
417320214
3826309597
51508692
3907845607
216986602
4260884994
4092125686
435620642
185598473
3672834827
15728899
83553781
16248577
249745915
4245685250
369233926
4211934211
4108648703
3453807117
4211019282
4077582091
3925346262
4126603005
4074042094
318695947
3927707610
336528113
4179228442
570828554
168821547
4229043979
621356330
4128509452
116128252
3891261428
3855609310
756540154
1479418645
4278770970
3843297009
3239381764
4074701555
64480536
3907045356
3419262658
3824223442
3907260171
3589149214
3959743186
688332804
3826579209
4009303791
4147319793
821562663
1493362981
1244462360
708578345
4160295713
250610428
4024638243
4075934687
4160613621
287182071
335073036
237046234
3840615201
4059163379
437910761
351539750
303034127
3624396282
3404067270
1697190124
19929126
894281420
4195425813
3675862044
47722762
3586706465
150797075
3806460653
4025214453
3824222446
3992052488
3704681195
14998254
4075753718
486002945
99091470
200671239
84933130
3559204084
4075690758
4008573168
451665646
4264103187
4293858039
218959118
675552794
3656714514
4042916857
3789173006
3468544742
3653744065
3873960419
234358762
635501605
4211335675
329705
4042122999
536799976
454167846
4229102593
3656448771
317910763
368968432
438960910
200794871
419364092
4158192919
4276348461
100135915
4231314660
355612877
3674795759
4160880871
4262404084
3688297444
4108122123
4293777921
3757568228
3656513259
3570256624
3975475447
3824555246
3957256983
3169833175
4026338261
3841531882
3622902042
4278242265
3418746348
905706531
590743316
3354988296
3457092871
3704695029
3991734773
4259439378
186572532
101327351
81389580
33551589
4210163478
3558800861
4178391807
4278852089
419364641
135469345
3773497073
3926062302
100522986
4141939147
3220951257
3808959448
4074372079
84077287
3707761122
622339586
166066151
4261410307
3303140334
1473316873
133101900
3841453835
47641842
33227275
4093369868
150667781
3975994865
4142920415
3723290071
3958763752
4193124354
67043085
4161395942
100202457
4160351222
4025217251
234945269
3793097727
52287734
4043509228
570094581
3943696408
32574989
317851421
135004416
269483278
4143641328
3705734133
3636644308
4090674884
876089865
187448353
4009291490
434767359
673322536
236065276
4025947394
218693897
637210363
18151955
217576944
3572166322
736821500
453307661
18021848
3420004905
3519932371
4226739209
4059227872
3923565317
552407822
855903029
4278645042
536280825
926022667
573648162
4045606398
3841318886
3757503194
3623739635
164557526
3452295186
4258780648
4261734122
3873700860
4260291819
3758292208
3317488628
134611197
4279438080
3856916987
3941069039
4109364222
233958164
487258869
4195481870
3822580469
352582136
4279234047
725099254
219683093
201519863
4092657138
4244623083
33621766
3959627788
4278188047
3572756193
470152690
384489200
484957409
958596399
3963097876
253433878
4061141518
3992453900
4092130801
117970693
469303831
4161220120
4225297645
4059096305
286003730
236000529
167574779
3151351006
3923559375
3823825901
150282522
118951185
367590163
1570812
3167753438
4060347128
169149687
4227590893
166457833
134274036
100137730
4127127284
470884365
639515177
386989552
488772359
17365520
3573149680
50127816
4226546939
3505905127
4176146422
438245618
400619025
3806664734
18090223
652211479
404755243
4263714320
302322704
4162844660
3504541147
183959558
4142654979
199488247
3725260549
1170390
3857846248
3826057227
250348269
319287320
285282062
556010266
386796814
236329518
3419550238
4006928594
3791972085
4158785274
149343223
3789539022
3808092354
4025210860
3842567651
3807306731
3909358095
4009431068
437771003
237182172
353110559
858670885
3300447008
4124625645
268955110
504961045
388313101
604899086
33678637
4194638339
3941859594
284626668
4227656462
3403211991
3720398306
3639531742
4243587825
4175559445
520811781
3337542380
771943640
3910197986
4244182264
422055680
4245824784
3860262136
4161475029
4278589681
67175444
3537291791
535751910
3942975491
3721393906
15918064
4293667628
4058309392
351410454
269678849
3940407576
3720991720
32431810
925167628
87175186
3824873724
85532646
4112649747
100537596
185602597
19012645
285551380
4027322625
183824678
4009423101
772933903
4278779130
4143772404
3657718007
873072212
284301084
302579461
4279640347
4043565824
3387625162
3824346839
67823086
1210984970
204413964
403835382
151843601
470156795
118360590
4127852040
3606176496
3486180041
152830455
471076623
3790674452
3890405365
436070639
17362936
320083709
3775723495
4074504686
182900464
3454125495
588047792
3856987657
114877942
169543403
301659153
3910004992
167059718
4243519246
4228183806
3757965574
3688885484
149285366
4059630570
99672844
3372352244
3839159504
3925607660
4025740547
3923769077
4058834673
133297399
4278121971
3907774212
3741254405
3402159030
605279212
3374584287
4043437262
4024164341
3725387491
3789352419
3739020270
3941662212
4177783266
3961196022
353574676
4260564508
268691987
4242524897
268898830
1311518247
889658651
336725799
4127659777
132973840
3470650115
4142257108
3891580090
3639990994
404691922
4194562538
3991015674
520623623
337975580
3974911534
3722966218
887418109
1159861552
641610538
85463569
50467320
538578186
4162846977
65670908
3842636279
166064387
4059363061
200926440
3770140381
3741572053
3773694181
4026725112
4193779959
200139527
184939786
455018484
434964775
4156806577
807132933
3875070720
50596861
4058183930
3472025057
82774274
99753229
4177523732
1881089837
1296844901
252179519
185600275
369495840
352909337
4278849021
453713168
470936332
3370111959
3555705032
4210224586
4094226452
4059904249
132309763
3976721891
3740268520
3873238760
4144435736
4194627048
4261411844
3757106418
4125819100
354088725
4079101218
3772848891
4159041527
4143380206
32763900
4225686782
4025078254
4227976926
33619720
470224126
83500060
4127191047
3743486972
4211281394
3874098702
48229883
254015979
3891994604
3690333198
3955361266
4007450101
4109759744
151127818
3924160033
33028592
538779152
505613321
436864768
18606579
303569674
151719676
790434835
4176538905
4107133959
286642671
83687451
199946467
4280021508
3757249004
4260687878
4160748022
504099057
334816489
554099448
521999890
4212199176
3740137453
4175950821
3621578717
133429217
3707628301
133494513
321124614
4160159499
451672570
722671899
1160511288
621343498
135790594
253629965
554379047
4010020644
525820
703462139
287185950
33424391
217976351
3941862395
135200007
3558280958
219083489
201724960
4159696385
4160946941
4041077227
419438869
723065137
4228908590
804064570
3874673937
3891523299
4193059568
3773039362
3957388020
4226804495
3368932069
15593415
3658674892
4060679415
304746470
370019850
3574455535
3893502166
50729476
19397394
117773322
68428558
284825136
4261868298
720500459
605292572
404233485
988191
33490196
4294767885
3840992223
4127716073
151325687
4178841372
4125942762
83032302
265212416
419438884
3656326433
3806853641
4143427271
689900045
824453665
1227562263
286072667
371594249
537273381
4260685355
3975085807
34802184
4093834489
521076736
119336965
4160752111
4227404820
4277204473
4225622525
152696081
4277358097
3992647921
352518138
704974894
168430099
118889496
4075300621
4092983568
3959875304
1026169341
203294254
3657893876
3486964175
3772312526
150407435
4261613832
236198400
3791586060
4144167165
151125754
17961215
571345153
521342981
3607041807
3673083878
4244762584
217383952
32773140
4024165138
4041402871
3738167266
401729538
3909546226
3621451754
3722766581
3991531764
3890024960
3420454365
4176673048
3840468460
267516393
253427446
419694872
302313460
4243845860
335023643
184740361
3909223923
2916021981
3065761492
3640130005
3924625906
234152950
4244837617
68103471
604244507
3779925260
4262453495
369954536
286659832
990657072
133487931
4245952761
3991936804
166590450
166458353
169740060
4026738176
3454198498
3806382032
336926949
4043116033
219025152
151782401
202249493
3891918076
217711084
4244573723
185010706
3925881102
466617140
4076797732
34475752
117376766
4226870775
3420777199
3587957228
3890210497
234418670
152042230
3671266061
3789675485
3841646834
3504200644
165069281
153628698
3524382200
454096050
4262595566
989984020
992997193
3894024949
3722909163
100983806
4178976304
520614397
221385755
16583661
150536966
822342973
319279828
136892164
4211807960
3895002373
3959679441
3874947577
400549105
81972971
4178439125
168888833
3876576248
485825267
3284726188
80340983
1360465893
253821721
4195357694
4159897345
536149787
740032809
4079887615
3660124937
4292940530
3506831388
1188758517
34418770
4093708814
16707586
4044160993
335621650
320478984
271386920
3622828256
351205637
505222712
184813569
4196534016
4058572261
116448514
4276478938
134805757
3942848778
3959615733
117766605
520753191
723914009
1162247
3674672833
4130411754
418651392
655826509
4195021558
3774548202
3957188861
4192653795
185338342
119013902
69997331
269492216
218431260
4142132460
134611467
16052232
605485812
86038026
4010816487
67889647
505352713
622072087
972947211
3840541209
3841069282
3976859152
66777826
421991679
1140460562
1245837120
3621839311
3789152467
4144356067
4126804979
3859808500
436334834
169475082
286662407
317991714
252381198
3944022774
740365290
87300610
4178190608
369486586
4111270133
167507468
3772975372
4146206698
17117991
35252224
3538949047
4074692105
99818488
857210896
97381124
3941335299
3789679336
3520979421
16574687
4141804574
82572052
3857710596
4059894512
4126137564
4009566713
1910532
300816691
473625618
67249142
4246732576
503391016
623703318
284677614
4277018896
3924424706
4144893446
3924431903
16322792
4211875384
4229035503
186845431
1141445693
3692161287
3960344265
469240618
4179617520
3538814947
550956798
4210687774
3991858160
3171209452
3099580336
4227845123
3519070660
3891908811
17703151
252842784
522121202
3807897857
84075502
269486568
436078915
4145745691
807732746
4228317745
317849102
4244637454
722601744
199950614
3975879428
234150414
4278515936
3892442879
4278320854
3421570541
3184587708
131135753
3689418225
3568355306
889911501
153680878
620568577
3622694411
4177595912
4175632144
3724214250
4210492930
4227327478
187119607
3741648661
4226553334
48356646
136116992
286257667
4061860586
2039319
4282120964
3941262062
114688234
4227587068
387060496
821105204
337578779
455287838
4178508825
4008832497
285079526
4176931294
957547500
4229103919
232653553
3740602372
3504666603
387455515
1048570
4228521475
367848698
4025221388
3640525803
668594191
3994942214
3574536153
484899829
1008469804
218754319
4143971320
4278393088
167437329
171255832
3924820497
437715172
537007654
336847610
4128113400
152185615
451224102
435277361
220392650
16962811
3976401650
4027118354
52226789
3787776486
3906584271
4109897432
250020130
468705076
100024100
50921236
3892447222
3753575415
4109498114
4026922253
3758361321
3722374360
4107594243
317860612
556541994
520686388
810541833
3420509700
4141805024
3994944010
200938482
4215747376
134348028
3992313854
49222408
3941988356
116709878
301790706
4242860539
4111396309
4276558065
808127765
1059201854
739909393
422186024
201328110
386399231
288630569
4159441430
14137581
4042785564
4160688860
4127721745
4242803708
385811975
3857842448
369341401
302186272
3841524985
216076042
1210512960
3773554667
3571441613
572329452
3489795584
3924350690
3806851061
199420905
186578174
487720966
4025544186
3823962350
656026871
703398172
16446743
168951789
50003947
202302461
199158
4060613637
4076726499
438641385
4179696690
32571895
436866583
588190997
4126605324
3891388145
4161800962
48829964
3605378055
332261593
588572932
689377304
19273732
2983589357
2645610682
3554337250
84079079
637921293
4244045787
3739808510
4024100596
4059688687
149428249
4092918541
285407992
336926989
3924154397
149287402
134218267
134673414
3975605737
33813735
151061494
183430635
153024775
3639607537
3389058271
4108911830
4057131774
4259240682
3755600605
3654800358
3588348118
3554457800
3451824578
2849494187
3790327491
4041995507
4261740283
67831552
4026202379
1058941989
976368179
3671580682
28951243
217504476
134289151
284493324
201923364
4024691471
15462145
3117531340
403772862
17041907
119280921
4060227311
148955146
235804701
235411219
470033690
453326890
100466715
536287004
4058645779
4176272117
3958367471
4075937772
3890606814
3875921625
3250315210
169678543
3991335409
4209238239
3940017148
401531866
302582551
336070167
4260030963
127463
3706981110
232975340
3824547359
4245164024
218174238
438501654
4059624719
3974623224
3891778273
4042979287
4142066685
4026332415
3956006151
132895203
201851926
588124942
4162258142
4025487614
4191471598
4045468633
3925084917
4245820142
1907232
252589359
4043510531
3890540551
3455374281
168237016
521145883
235079714
220533253
3974765061
4176411381
349958417
587730179
453316891
640423692
19923428
4176744206
4042450151
3571773688
4175944164
4025744629
234553096
33425427
4128052488
334365195
134010881
4244373230
385747473
117113627
184690174
842283813
66535736
4126732528
301985773
303111452
925508628
18688814
3874358287
3855995131
51580938
4008903688
320475125
773530163
117968657
83424777
3842380296
150465263
68287226
469240352
402127383
1710356
4093971215
4244570115
286194153
773070084
304612125
118892299
4010342148
4210883302
51379461
689777188
3792303111
3385388766
3471169272
4209897679
453831449
336334100
184489499
3689352720
434892045
186059032
3824287982
3773952248
3909544400
3389006043
133363436
740951313
232640542
3523205849
4142977447
3856456429
352057297
4261930996
539101437
201717241
621680127
3909035045
12242956
4075855029
4093503721
4261741048
4075555320
4057519365
3656708582
3958700519
3690406398
3238133244
4246735840
4077200634
3890479378
48497924
772271897
333436403
540668405
4075481365
4177199345
3621518611
3619143640
4293186525
3992516330
3857581789
3858550208
4195220460
4212007451
3707174650
421259753
17177864
3791332133
754977788
4143771940
338636571
101652244
168752650
737551383
4192522785
149480458
252311541
4244902935
3941331186
518712586
488371208
403569413
3490705393
252965065
3907916026
4125093105
31331849
320731126
253436431
4175956239
3959887108
4280427281
352845825
3958697202
552267756
303370793
4228905477
185073399
4092530455
134417646
3740983261
64812257
167113220
4077320938
51055115
4026859253
317120755
85718780
368900345
536999936
320010516
4213056492
3188139562
3872974806
115730928
4177526757
34210568
4109169922
50196712
3941271814
1023870243
3812821523
3856789229
3975605222
1041835322
339999777
4008833813
4126602496
470610430
640625696
3993776408
3941519584
148161260
3623944692
368122374
4075808279
81119460
301518296
890106925
4178835687
405082101
592263702
4059689718
3774473714
271267544
337526042
3755819351
4091799270
234548451
908791838
389758755
4043632623
3841196270
4243910626
4177588736
236195588
3690140134
4140821996
81474077
4041729810
535551738
4178178820
3891720432
3822313204
4278575309
4178054908
652801289
185470505
251987474
3909944570
3555583430
976754165
958272803
3974565918
3538741456
331539924
152115212
116921620
84737281
286783491
4010150920
3927834601
201130228
117174805
4144035572
202181124
387982081
3573943554
3720082671
4007978715
4095348235
4210757130
4243384325
349231598
4194566675
66121985
4011199477
4009041923
117901078
269157656
789640448
488640282
35663124
4211211774
4126411504
269225468
4243395093
3804285195
4262719489
201459981
4210621175
302382070
4227605003
3975214343
85658367
454301712
269288487
371334151
270998298
3826064127
281207798
3943423460
4194893794
4063172081
4042725647
116123371
3776189174
3806328316
4110679780
3555066107
3286027187
3907453908
168630556
4259644679
4008771050
485424402
622532892
471736854
4226348044
33552122
67761127
618201602
4263894533
3973769692
151123177
353951501
3657628124
3418945784
3721783753
4227062266
773797685
4110491438
3974887927
3923047657
4279696376
4075553531
3924559105
3437678545
3621903068
284684817
4127592454
4261604360
3723950063
4042516708
3841324783
3906391255
3874754046
16123132
4191740904
4126148099
3383931646
116514273
4292991975
704960517
4281135320
353374213
82046971
1637091
523314941
705828662
487588893
16522006
488375042
202311935
302582026
3843364360
4176607753
4042975732
569306596
252576735
3504403989
3134644958
4257280500
3268799208
3417951946
538378518
84348683
283109875
3320956622
3639149532
3839222012
417598726
3622762238
3552897232
4259835130
116521726
254150431
505816098
4142993174
352187405
436729090
4143774991
3991591668
82118191
4259962106
3253141477
788272127
3805622073
420873994
303833884
100861959
4041934345
3536381137
3300964824
33486793
118888715
321388025
4060745976
3606251541
83164659
19018232
117244674
4126085867
3890274587
871623705
218488610
302320871
705499138
304485922
704041211
48944608
219542255
4076935188
3957843155
182773966
471795984
3760729631
3755334619
3923436534
85262865
3840275433
4043436791
270807826
85729315
3858696439
4194895626
4010996460
3858896125
4174955239
3520126685
4293655494
3956792544
4176272623
3875663080
4243055574
15665932
403243545
517010191
4179746324
3992984008
334888449
4109963023
284357640
67958761
4110614533
3671121401
3974882791
4041923822
3940876269
15330314
168762138
4112192260
133307409
4125624062
3974289130
4227202775
4075812888
3757910233
3672177691
4260493031
4245752023
4078444572
4108974063
100858373
3942112746
3688104951
3891853026
4025940737
337972207
3624538587
4108318442
3959280622
4160096756
856171001
539623986
4145154818
4141412605
4025408751
317705494
3558274792
4107612403
1326371889
605432640
152036122
82706159
554958880
115275270
437711114
4027458809
3807307235
3723031254
3523732690
4126927591
4057784582
4178763991
554893297
386796598
3960733434
3908756675
352845832
349043984
3923172854
133370363
3772964604
3773943496
3925346772
417852142
168157194
34995190
420679975
3875015940
83755764
4261405954
4159440620
3959881694
15731715
4177328130
386468876
436207370
3908632314
385224925
3927305202
4125288924
4076795119
48433657
286069014
840894501
166589964
3892902141
4160418282
284029422
256971779
3138079659
4140362275
4143048450
3589535183
4108844023
267850516
4228115721
4126673924
3657233152
3789622752
4159502099
4175431179
3976003066
652482079
3893228050
3688167379
4293119469
117435632
3842504676
402061022
202965264
4177923597
4294770684
4193451497
4110553619
4244041466
4141872109
4060540901
85076504
3993958129
420225286
50073358
4008966422
3875548148
383579680
3925861637
4076136698
3659077886
637473271
1044853810
653457659
690553623
3552963875
4022386403
3792689621
3723237833
3973377805
3908498642
4008312309
65792003
4194498556
17959404
135273226
82584846
301788949
4195489020
470146564
4078112016
385549311
539622418
15332633
4127387642
116123117
4109161733
3991268073
418976278
32041236
4124574193
4109892876
4075816946
4076067836
4160750046
3874089440
4043369718
17107205
3858240499
3757311183
3654748166
319548657
3691382746
4142338296
4042520574
737543944
3926059764
3756054224
150534653
301147418
621080305
3509450208
3873444580
4245560784
4143711503
3690787033
3803634661
3925543657
368691966
4109692653
4226215138
4058111215
504429545
4012510747
4060413685
17964802
552588009
741945628
152117826
4027053569
3992979694
4007198189
3990872296
3807704297
3941463278
33557263
151718927
3990481148
3691506157
3721925870
457437
3977257223
336531722
3757312776
3990806749
535499030
3774741285
4157987049
4195609069
151655160
83366910
67571452
66258470
3827371492
3823115263
17170684
4293654282
488108283
4278130963
3841520920
4041152005
151119104
3554014687
4259044341
269682387
4009487109
84471261
673320199
4228968675
3957852936
4058375683
3742895352
33940446
4124300273
3825131977
234487796
403174420
4092719344
3940875266
3703753983
2985025993
263791356
387320878
889979414
3573995266
3336636107
4056806404
3907648762
3740141817
3546877
4125041951
252115952
3861187331
30997506
101701400
135068332
69658633
4293201635
920580594
4044230938
518255628
3488861914
167442140
4160678136
200405478
4278842353
4211142633
100725715
4226618390
185208071
4110742285
4090555869
3892836834
3922584028
4092987130
184087058
352972780
4229561340
85984728
153492738
4110942483
671814384
4232051471
353629190
624634642
4260098570
3990477279
3859419642
4056154893
4243638488
4130087628
4041875249
101053672
404957213
114949636
81985032
3924165401
670166275
487790598
522847292
4078512649
4177122036
3807707633
4175684585
4278709743
353833462
4260625161
789309166
285666369
4225946583
437385701
84940566
267121425
220066299
402925821
3825790953
267390470
3942115808
4211209178
4042396660
469029397
4243712753
218425603
4093241588
99148538
3874874610
132709629
236384768
4178111477
3992126431
3940669435
3839357914
470825447
418578963
4260760338
421732857
4246283308
3940811536
3604208369
151716622
3739747062
1210847450
3828550671
3908628190
3907388124
3908624899
4159111136
152237310
3924747223
116782318
352909322
4213050871
3789750024
3923172854
30988778
3657165284
3605526746
369559553
120257795
4095139599
164757735
4193974306
4294378235
3993632255
3504993252
3907516904
3740197875
4059623150
457779708
590560540
689518390
18030851
4193839084
535818262
204007416
4075353863
233241866
151388647
234683169
4159112690
67703263
3708025339
133885161
302247947
3991861759
4244763912
266727140
3574713319
4176161454
4260160762
3943369189
119008732
623720955
85265644
403181831
3607426841
364048136
168745218
4278915844
4142659328
168822275
16123408
437458443
186318609
49345012
420546050
3806788097
3941926884
3605728252
15728616
285344543
3691181315
4292870136
216788482
34464763
4009305605
4041864457
3807370754
4278244318
655224822
117371644
4110155766
4093182465
252381197
4159581980
32899596
4260034553
3942317045
3655791587
3889687295
3589912275
3658030029
585827354
3875340030
3856067783
316465428
690232069
269353783
4144691964
3537832956
453379840
3725530361
3789627663
3923700744
3941722359
4209185536
589237016
134288950
49091621
4079309357
837947183
503384616
67701798
685900282
18286597
3536378095
4142590730
4042259949
17443081
719453994
552723201
236586247
149685003
3908307958
3572687081
67046674
3841848302
84813049
1124337714
269419012
4230156824
167193115
4089906952
4192387833
3794149369
31849982
589105161
117115132
118944288
3824287745
147771621
84024591
486929945
3926709202
219219693
689514738
3406296327
4143577812
4261087233
235340824
4211217182
4126211836
3737703107
3639469023
50209256
685898031
100465903
4008509170
165601793
4261089563
4294172387
423244331
334579254
705432895
4245749766
218114575
3707242712
217123594
4278254103
453708019
287454511
622403618
588522250
3490118417
3907187651
3840605690
4276807414
3722064414
3955883266
4057978335
401666042
976689664
4078247933
15853280
67498477
68815613
3873772794
3705068282
4011394833
4275897333
503320587
4278578422
4127785457
301673257
4248054830
4043179015
3942915055
101782814
219096076
3958513927
4211081750
3806656232
4175949791
4143453707
3791646426
116853505
3909487091
3975018458
453703160
520751329
3975877681
4276814865
270865692
68422668
454824710
4041926378
4026273532
3755864868
1023675406
419115337
722272552
591338781
353698576
34804240
4060676088
4225829647
1179263218
3943833091
672791041
656281673
3808231667
4125495532
67893256
4227592445
83095786
4211803413
3891263226
3841125863
4161405425
4245034747
4263036378
4228324325
68022501
3875793913
589834761
4062255895
253298708
3337946099
147913466
4093501957
3840209882
3857834727
3908495083
34081267
4279373831
454107150
335807492
3591044349
4126605541
33752057
569438714
34148130
303031552
153032942
319026941
1040891681
4279428030
3957388543
1023464480
252970506
98762259
4142332670
569639924
4159444774
3991140337
102304025
3839687899
4041599234
722537754
941366567
4176346157
3403733711
3891263942
4209436418
117502445
739841821
1113874
3823759365
3536836577
16124363
4159497207
3892369882
3638956511
4210818055
4110225673
183627783
3724806908
4176278780
218034166
4278650110
4193846299
520750348
740363505
436996640
4007785718
504899343
218496020
737795841
607265550
4277874207
4109111280
3843036692
4143187688
3993304306
253366816
3892581894
251521553
85000204
4226151939
4028036072
3774091789
4276884483
269810697
217840902
184618010
4294444274
436608279
4077908239
283842056
4127455514
3756125930
3957516262
252248057
4243859209
185004816
4243654653
4008373990
4058769139
452261640
305527818
4261618949
319687699
151784451
570355206
4195875060
3974894595
4058510070
4009685750
3941524980
4276746217
469501703
320013858
3334526722
3552036294
370003665
3506309347
418521099
4210363139
4142985205
4193320950
47451658
487723778
152571674
85069066
200455
4042849541
134224648
101519630
249821199
4260630034
83819511
4059300859
404089335
4042984736
618982163
135398675
3993174512
3977184256
3825658843
4278577649
4076399076
4023648224
15984634
3926321663
3974354142
502921447
4007983627
3756782332
3808237035
384301069
169411337
4144116992
4160823093
127479
3724939242
4259840737
33292037
3470189573
620229601
438432764
4111275024
4042796827
4008773366
99355895
3726443546
3503689451
99873039
4125749484
4194954482
4026862312
4195752483
201129479
3991472376
320203757
134943250
808202486
454369060
4025417216
692071929
3826992431
519235574
506663938
3807522035
721407758
4042917111
4076732912
3907719447
4226146537
653585376
4195355919
4161216515
84148731
807532310
3674090996
703135776
4075617048
184154900
4095546894
83615974
4109760771
3925010402
4176805615
4078706436
536150822
151007265
200867338
453965058
775096085
1077556275
3757302740
3941007587
4010613266
4293657099
318697476
4110420211
16582415
151395328
319818769
838930478
3959888916
4009886174
67040790
318565877
284689943
118290939
4058119424
4242853394
3960273907
4057661688
17959671
4279705873
186133538
4125424647
334815219
4026797317
4143183629
66981899
87026440
3607439590
148892169
3839359738
3993043429
520093733
756153886
1841426
4144491482
3621001463
4176144383
4293391868
3941324243
4026400999
1192297213
489555489
386997505
101186298
4161477125
403372831
4245359094
134746644
318831887
4229757176
235015955
117571605
606935606
3827040513
18622466
688853815
4142989563
4227133199
4262855406
4042778606
100139767
67050231
403246883
3823897086
148499472
992792815
691743780
151259404
201719819
4093112305
4260757515
3704875755
4008238055
3824352736
3588678908
4177985756
184679937
4144099841
505550850
3170035421
4090363107
3453281552
4293449943
4260822767
469957113
3606182386
4175300338
386133762
133763852
504561927
538510356
4044360699
3991338994
215999762
3758747365
184094196
638185776
3825857264
34474458
4077130738
4228317180
4245158146
4243449308
251455448
470029338
452921108
4174962383
222813402
3790651919
3890873060
133169410
4059687648
201593339
4178646001
554504218
589373463
688267550
3906923259
233957600
4194953204
3941333486
4059884272
3892182489
3908179185
855772688
4246800655
4113111284
369173007
187255103
3924163567
835769811
4094691867
4059237623
4093834975
303039486
4193710889
3976593144
3740667898
4008704494
284951575
235274480
453308449
51651590
385880842
687595050
4262390769
538189063
337649439
284103169
286861081
639765800
4277268983
3939892712
3353143792
164416235
4060270556
4143649258
418643989
338295062
3943769324
637078044
68030728
4209773054
703458836
4043244563
3891396582
65270250
4261474048
4243521539
740238341
1209680708
419496999
100724218
234679258
3892909549
17366255
3842171898
3942584031
3859413738
4226355455
317707014
3843152831
102042855
34212091
4227661308
16249088
17170689
3622031328
3487748291
100533736
4043176686
67888364
403904003
3420914950
3871536613
537588718
4243973341
4294765805
3958178796
4025939189
4176609783
100533003
4177722889
4076926695
4160423405
4246809359
184685594
4211742988
3911724313
153495315
83756812
3844213235
183234049
4125809400
351793899
3992771323
285144050
572657954
4127128327
318770669
52106041
4212002057
184421380
3958902281
3555060706
4043375862
1056314140
170263862
656292333
4231019052
3928097276
4142724574
297785842
356834801
890375935
86569730
253042172
17173502
704897543
537794854
1227490342
4009491198
100667108
4243841277
4192658420
2999777500
3622499782
520163078
3923583010
4023371515
335356165
49940996
49742348
3860525532
152572672
924123907
3627161087
3991783901
3992649450
84151818
184419603
4280804372
3824754905
3977122346
4192795146
1157491718
320022337
84074248
3943233772
451553048
133757732
266659563
386398979
4228248084
4260490205
4143255039
334756107
3639473913
4126668246
3923113222
3975275237
521459665
336330544
4140290009
3959942636
504039924
355611690
285028908
1024447527
3306352834
336332251
4228120608
437451765
4211140101
3978301650
4244173557
51181308
3993902587
4074824203
49671370
117832715
521533688
4159958285
151841271
14548488
4278114286
4211411666
502790402
488441863
270281749
487596314
4262127624
117708759
33217253
253818852
3876323329
48102137
3248538348
3418537738
4226872036
4025609476
3907518714
100337159
3355763949
49679810
3740984804
4212131050
3336975581
82177808
470160927
69013280
3973633796
4143044546
3622961953
552010273
3774541305
4025543395
183826674
151524621
3689541632
3506698989
3471823299
3873828545
32898836
3977449743
3957723864
51383059
67183378
4128048882
3674205425
4075945189
4026925057
4277138403
4025943814
3975541245
233106917
3742034170
3351966933
4227594006
4177453562
3990345461
3892701649
3958375410
3906722531
98427106
502856461
639175700
4223993727
4084467727
579935539
272327695
4181784708
1298737924
1039421444
474353407
788882655
629397084
531186003
4264103707
584729164
1109662338
4238872332
1156190731
278667089
369221589
1042494423
306514010
1338308734
53094170
990051544
4179491701
267055493
1217143393
161029525
1255086612
3778415181
335820904
4003128849
1502368811
4260433654
4294903302
48960219
4210883317
383641853
284297987
133624576
101453052
150281240
84606934
4279485200
4260824021
4062183673
201192464
4094037000
4211410926
4225957126
117239543
4277725966
133952519
4229110756
4243456747
4026140936
15795714
4261543941
184280834
4194368251
165941993
603065843
4078040837
3792046840
4059234579
522187271
4193902324
4076865780
351729923
4243977477
166788860
134083061
384700138
65861639
284549883
3993757227
488569335
3894406913
4061727994
152956392
66977301
30868229
285673462
4026663684
3891460858
84667891
4026924052
134938606
4158785809
4243392778
316669963
1439736
49615587
538840836
134087162
302713866
4210552353
4011194351
4008444177
4127195371
4196396555
3709079805
270008579
99737331
4091279657
15280668
4126400256
719969752
3740472831
452581106
535107842
4041816041
671282413
704246809
133440236
32172015
988871670
4259124717
589622243
3623411673
219345131
168293104
83686119
3925738981
4111858215
4080078850
119143951
790818867
438184458
115536875
4024763137
117243888
4261543946
201329662
82707978
4243459575
33292048
4076599796
4279233023
4160420336
4127596803
100674311
4159506418
4061266389
217378833
268239890
303109894
199226646
3823567602
32183036
4025414143
3992786163
4077390077
83095319
317657078
134020086
4190894819
3407746790
267905784
236200965
50528009
15072774
98300916
351861729
34146803
269025039
186972661
17162001
4228311035
3909022254
319488504
150667189
51119602
3997630182
151846135
100403190
4127649281
4159829992
52944629
4228906243
4110554361
252574217
3944089098
251662060
4076470566
167574008
4276683249
202242042
551747328
4044816379
4277600246
4176015886
4209326360
875238936
153287162
4276805927
4211015927
33283578
104007415
153161727
67104766
199815703
287904000
4263957991
17565948
3990564103
4077584653
4042589724
184618992
200408057
4278058491
268439287
4195682559
4278120732
17301768
4176799513
3940220137
51311893
17954035
135194377
119270466
167251212
53279996
334894861
67832819
3908894454
4026073591
4244710888
4227725304
3927900157
503967239
285080041
4060158965
83878956
621086423
4007922374
368119032
4161136637
438696979
200408103
166856204
3959614184
4277670668
49022722
3860263411
4075739648
4144231924
201319677
3689811462
4294770434
63739
4276355309
4244050956
120257030
4126610919
639830273
4292941572
236646893
51063262
3959747600
4059427070
152766964
352388609
4177127924
3927367947
4025880831
4059681526
148876789
3942050565
3975079432
536805875
3254876916
234808073
570230525
3959423473
3640517634
1357051896
3623937540
720169976
3976722419
4244048638
4159824138
251656954
3891335909
4143260150
553512707
3958383607
219025934
99549428
118090231
455734283
67629607
303169533
220991739
4294898683
67828993
404557322
3960801542
50986999
4227993868
4260557829
67176174
4261544455
4111268067
4211213042
4278577410
235078388
4128833016
3926000629
319752447
4211272942
3910857959
3940936704
4229435128
100598511
33621747
68033011
67703047
4108973810
317263102
4144885243
4058777871
4062715160
234889494
3925935349
304219419
4178315021
4076930295
4293784834
185084933
402966303
4111526657
4209962749
3726570221
85057810
4193456626
4245097483
4262461435
4092852995
220529397
170001149
454165020
102959118
167052283
152101388
4127709181
620430600
235141862
4176543987
4011785473
4229492500
4110144755
4127782653
3825733376
4177788929
3993177362
49810940
3558541316
51116529
3942842115
4177262836
418507806
386528537
201323522
3976855797
350215680
4194497290
3993965049
84871423
4178108415
4096335101
4160420835
552862718
4227928824
3808424206
4177008919
4210297598
32830210
218363918
100144886
3740459531
367451891
3759740413
4112643333
335152128
4280355323
84536333
4143573277
3945007887
438044419
4146526722
168035596
4276942564
351869177
268297446
4245020986
4177654537
30014222
4091736830
49479399
284880894
151055364
218504438
402261493
4057721583
15595264
4196921861
100724997
67635942
4294837491
4143051755
4126334965
4062313776
100266267
152893436
455607337
4243776762
3875530239
4095472390
236457078
100015390
3811760659
401279241
3875143683
3776716043
235078128
4077384927
4044747054
301523710
4008178177
50333193
4230822958
4293061387
4294510094
4125556251
3673884168
401142552
4079542002
4144754700
200728874
52354264
218051872
4045270045
4110288371
67365394
4260886263
4144759543
221117204
4261542661
303626472
3757646079
4245171189
3741313539
3756715986
3808363764
4193058045
32613903
334214120
101587759
552681494
4178044403
3622174219
4144171001
3775925741
4075551753
167570427
4110161650
3657042685
4159895537
367257316
4042655493
134212864
4059559149
33356810
4144570109
4075614463
68345356
286454267
4044888300
267571457
34280453
857934057
4244508152
3994421795
269808916
200601871
4245746649
4160950524
4178244148
32829389
234689843
269414889
3791517404
3957855575
98239462
3490650554
148957718
132579073
4262789890
82048010
4087805213
4112320753
116856069
4062187544
4227795927
4261216803
4294309145
149554981
352390371
246676504
4096198644
773065503
3533851
33810696
3875737868
4026211281
734595826
3960273926
286134279
150346749
3540976095
4176154136
4228262649
66913783
165140981
4161352732
3959425513
4174372356
4244565752
100534763
200340981
335543033
3692228603
4178116328
369816602
4093376512
3943488264
50935557
167702767
152175576
551881449
2985304061
4160556250
9483
4091676405
3945132456
3913476757
3820148823
3923765174
3851675339
3857178903
4209765813
4034719861
4020236245
3521837522
3797155486
3959027646
4013945946
3904695474
4162642201
4059755532
3978555884
3895257170
3978292170
4069974608
3897749982
3748525416
4080267918
4095932872
4089898321
3907448155
3939167881
3924222505
4087014904
3750815308
3759728497
3990541184
4142004954
4059166712
4026259722
4027513065
4193654265
4008114197
4094425583
4124770540
286204398
4211479303
85196017
637266952
4092261881
3456039185
300287989
3608803581
4245027054
252904423
3993636862
216988919
101645088
298450176
3938250983
4175299870
3943366638
4076605395
4192268060
719379183
4178188531
4207809557
587207162
4007260223
558295315
3606584343
82182383
471466799
567670553
557307411
184942315
236003588
4041603340
100139488
3322483482
99224822
3876129014
3890800857
3722047713
51373293
3809203684
453179355
3855947509
3791185167
4075161089
3318536449
3755074293
585631257
3737901037
317640936
64360435
3859232770
4260688122
3640456437
3924291558
403097624
3960941587
4226619895
420162343
3673695488
2158547
4026991334
3472345042
216926409
3859348215
4058776564
4210291709
451607030
4175754203
3624459755
4242623780
3808109296
3957846767
4245031151
788333582
168025094
4260425217
252441084
438573808
619174449
32958975
4278905092
166725380
450895114
4194379508
169542924
3725139468
3789944779
3789027312
203678421
118361845
351663898
16786698
454889767
4178704403
858135286
4079816490
3637112075
3841525985
4262450175
4044357096
4176281834
4243649826
237043950
66195186
1243669035
4027121117
3739884011
452262906
134282234
3911973120
4293395430
620941077
234609391
82503912
3657700301
4124831205
198960382
4260032512
303240998
504435961
3875524596
3673224172
3641189892
3807194883
3874616561
3992188903
4095678467
503977474
4042583565
3908758272
3774740474
3944280060
3976340222
3555061455
4109570794
4029424619
3740006410
3892058090
401465334
2626552
4109561827
3840870647
654970108
386474503
3826534401
3555653630
232975542
32240362
184277490
3405188316
4025801442
3739418873
3709734123
67627021
504298509
13032203
234869975
3590715416
31857949
3591304963
4040756456
3737510126
487267821
3537626394
3993650668
468771624
4060937964
3908440818
166984685
457735
32704249
4229038360
234882533
4023909632
384548565
3842501630
4127853578
317069551
4027710982
4075751165
684658705
687792640
100921603
4092261104
136322036
3759602672
4248173571
184557319
3485464579
536543007
4142137107
1185480
3959033847
4024504064
17298152
4178974984
655428634
65067275
168888577
3791068145
3922656509
120122119
4115206124
51259681
104026630
4058577708
4159108082
181208055
84860953
321912593
319557388
4106548274
3908041240
3991140138
3957924838
4160951808
218362381
4094225132
134345989
4076070909
3772903162
772733219
150292214
81271015
3575644148
1045119015
3791461651
3738745321
4144492533
3908433383
3290035679
3789484813
3942046439
150606065
338292992
4179306002
319213546
538909967
701897708
4043631123
118045661
301401099
4210428184
216130529
251724002
4294188562
3641308674
3957721067
3958310897
4128895976
504231698
4075159304
469434338
254732294
3991924180
14868206
4073524477
453239048
487978695
354366485
3555855900
350883829
118946577
168951589
3674665463
267389387
4228966917
166406420
3841919481
3860530709
4145347821
704137261
4043368748
3837781483
32965110
535293966
36110088
3908500204
4160680741
132314599
857216766
3642625346
232652821
201916437
232266497
518840304
50796058
3925012475
3873767149
200344326
3840731670
485554677
4294374689
201525762
4244113414
302319090
67633663
4211349788
706211318
16320797
435489053
4195297301
4242276088
4061785861
164947216
4293390809
4291811790
3439714753
4243454695
421326812
4059758022
3924689384
503980325
3605525262
873073146
4177000193
955112716
3272018957
300356602
4179943193
4278784775
17108480
3873832726
3840931049
3923573229
3574727434
3707438330
146594308
3331852
570365965
3793628171
150138133
236978974
15927275
487788030
4278320939
4178839548
403440636
100866565
4159824108
4027061991
220144109
4294058503
3738376950
4144297202
49223663
723003678
3842045196
134808802
3622509562
4226942431
184289262
3438604043
3791584472
3773231072
4276754945
4162391560
3824829441
4094430737
486742007
235730419
235478814
235217407
4161207045
199296244
1058342656
3860207880
4225509910
3757902589
421404406
4260762378
452717817
3690983912
252897504
3486703575
4027585511
3872980452
773585389
151523598
4195154701
4229755188
3537495800
3722183134
3337548792
184486108
235474475
503178245
569705977
16451823
856942883
4177458172
234945795
3753243113
3991069681
4277590514
336005631
288094223
372707834
235396899
3994810096
3841861907
3904237029
319487730
3992974570
3722578438
4041070586
4024958681
3892770314
301793783
521149944
49486627
4212196907
3741582072
4293790687
16189927
4178441710
4024964619
3590056182
4058575332
65921555
4181137079
537133871
3236045829
4211144977
520683522
4109903621
4292729349
250403794
118806786
135992588
3923974936
435289342
134931438
453110512
470356979
3459448027
3658151623
3606322925
250478090
3974104063
3840739051
3859937803
4260958201
4010214371
4175549930
65604331
438111220
4194043596
3893031415
4123911936
3890870514
303764731
1129249833
319694357
4044165891
3890610437
4159957524
66514691
4176672000
1243217912
607144225
4096065255
4194109147
4059490803
4042709998
201782588
118753803
150143505
4159828958
3993046251
4060402935
183239641
133690093
4161741338
3624144639
18086706
32371718
3623489015
4142005994
3994483212
116058854
3909149429
116386592
1703687
3891790311
3959621865
302181913
4259654447
4009353501
81591528
3457091287
166915073
198903543
3741845699
66324484
69664765
4008107004
4093974003
32447507
3709659132
370678573
3269919221
231676455
420352776
217183230
184224542
118025773
790491
3690003951
788082209
371928619
3957458669
4028361251
4161080069
4195221754
823528427
4264235554
3452770800
4241295839
148354851
16251886
3538867697
4280024868
119286763
237960932
300741341
1210053409
1126564112
4025819605
3856529687
4077184251
4280156648
4027648230
4060012559
4195551225
3992712705
3941726453
100073224
4009038338
16582636
81975052
370138618
3606308582
265156105
34720526
620545559
772925160
165745169
234417191
4261744110
4076866566
236005634
3757698796
116394747
334104310
317853696
3858496493
554704381
69792857
4063296671
102100735
284676875
3722243836
471468496
4078838540
535167999
165275665
572774673
165407271
50131964
4179903528
4244238628
673253901
4293591021
385487100
52235271
3857790981
252769783
4194765034
83221740
3978036966
503249128
254416380
4110611233
4261419773
318111709
321250052
301394142
235074801
3704482292
332591896
4109286609
132829944
4277787169
120450815
4043703526
102621198
923070727
3857578532
167051495
4111273444
369555935
4078174478
217644309
134087132
303240654
3975671809
4042980613
186186728
200867313
4279829245
3604733425
98228717
4161140483
252322051
4077128949
3993563109
787017981
135856359
216728348
17168363
654180352
168821508
400025106
840099825
286922461
583997205
3858227215
368638196
321259806
32642529
351613170
386521873
369418714
4260807422
4244112883
3891399947
117699026
454689319
4193917182
50324983
200866016
4227857923
4127064032
4175172606
4293587730
4026987242
18290445
3928159767
4209180657
4058703847
486473451
171188008
1021451811
4258448592
706407167
4277266472
4127322344
3523344628
119871977
3707437604
3960012792
4144300524
3858903337
454626550
4213248795
3694014238
3925020394
3805802754
4125289207
3523996159
283827408
704128250
4111403808
4279361789
4160682494
3857445123
3976531961
519510305
3925876479
3893746436
4244964848
3135041981
4212843493
167234829
4077386994
4224433679
4211737118
3875006680
4094499565
4177001469
320086526
537135140
334687223
521409579
4177587440
102638855
4142468356
401863726
282644495
3707039971
3571450082
332784114
4128963338
3640067526
4097249778
4174902225
352450572
283909416
236905454
51640857
197255976
4043631318
418118662
4060080674
4247654115
3957189922
4029410809
318500080
3773621776
184424229
3874162702
3905550326
3923115769
68695306
3754757891
351145463
1181929
324124
332129027
469292796
4142730462
4179162362
2820063992
4211678170
3807647508
234688250
4075234041
270656474
4195026432
4260228391
235729147
4076734963
4110685688
301725978
16519933
233636101
236652820
4094035726
4026464501
369294868
3572236314
4177790224
3806198280
3992060179
4126273800
971508218
3522428674
183308242
3926914754
4195408096
4094037246
16972015
4244174053
251061499
586017538
535827740
3872521444
4263844120
335021062
671350581
233693914
336008963
3942117145
4078636529
570954229
436210713
3895008506
1022356701
3724530212
283176171
302054413
3470455004
3976799922
4076861666
85466596
236326657
3960795130
367585274
3808694298
4059763439
3367494152
218295291
3775324893
486399718
3723687948
3607486657
4128829699
167189252
4161473033
669843178
66778616
3789160204
3287286536
3605981434
3942572775
3824355813
63699450
3423010802
3876124663
4141148424
4076333324
167837924
204659466
3976730883
4177735362
702938667
3975994088
3925994493
3776311568
302568945
3472492787
3622436338
4244562140
418965529
34206476
570156020
4043177980
386325995
18471150
3808495349
4213250792
4245892391
554761265
4061726706
302241754
3792562666
4076799232
285278717
4259516140
150728966
371592195
303033890
4159305962
3103916806
618599935
722474244
3876448019
4176279014
3921987822
371252762
200405795
4244105169
17355262
4095411947
3555506653
4075751152
3236361981
702547456
335676436
4109962008
115600635
4125355009
167836630
3940535814
4093182967
4112255730
4226998537
437716207
234816787
51183861
3741251556
3690589405
165342736
3574000868
404364260
4043435251
3957785321
3554459371
4175286724
4060872204
736693228
4278707717
3454925538
150269207
3976600289
4142268967
3604799447
15138778
369219062
420145943
3774486003
284541196
3558351833
483387913
116778519
3891070453
166130160
4263441635
19412466
4293848291
3873824495
3777829857
3941136895
3284531198
3622094293
66384864
115534595
4043304147
4026593260
3975019536
535823882
4276481236
259405
3788561661
251667738
4009952509
4294044900
3993045252
4124765179
82189802
4059699731
4177454618
3874747398
501212132
83825377
4262132987
4126539266
3960662768
3975609068
4061080578
32310262
116908278
217189581
84870176
4024370173
66515713
3974888212
4277928940
3806399498
3454858998
4060151000
4294370261
3855296789
3992384223
3958108378
4195879936
4294444809
4109889783
4244047629
3958959366
737928949
249564410
48558842
3655137994
3805737443
3370962164
838136542
3508681246
4173923085
84469520
47441111
452725752
119217683
4260956162
4076538350
4108516340
301068559
4275564047
16586743
320995364
418254872
4042374628
3721265900
368450778
3776195849
235536372
3507097607
251586562
3925477602
4008308226
3841649910
150531800
216784159
4144424149
32775657
3822971357
4092920303
3822586127
168625343
4210560727
3105806041
284228558
3357285088
3804113171
4225547747
284881400
102696713
4124765434
13944062
131300
98163976
3708222204
3806341902
3941848044
4209369590
3941398298
251467742
233620193
3841186036
4178572519
3593145842
3825398772
3671128589
351854836
85263635
4261278980
3889619200
3841847799
217246950
154076896
4008116989
3739740634
4058839023
4194764003
721088794
97509578
284230145
320739600
3940483049
202176781
3925345800
16773149
4076147750
3991786746
3720671700
3657354985
321527809
3705273576
3756454327
3841189345
3940676816
3907384557
3941719785
164479445
3773422831
17699302
3825133074
2984242649
3722376148
820374742
453904423
4124768799
3805865484
65783004
4259637749
386069242
3892516877
4143125759
3791780095
318441493
49997310
3893025271
3469804282
117187048
4107074527
3992256811
4194300667
452456680
522654746
3924363801
32373775
4145085707
214109980
3639659747
282712284
3773486855
618653404
4259258621
4160148475
3687047652
4142451981
16389354
536680950
3523945754
3756718310
249356031
3775004919
3739877120
3654412986
4259117569
4244834801
66571546
4076212757
3957452032
268821314
3540198141
3873301490
3906654412
3739483073
4093897208
15273275
3657164041
15860700
3896115454
3640724193
52355577
3591501586
335212539
3706768108
116194294
184281105
4146728697
4093442577
4007396086
4176082158
3406289384
4192928992
4025413623
534777094
3573938685
133352130
301596639
568731663
434751490
4110275586
3891453650
4142794202
4009760493
3624406296
148637940
4094936087
4243978500
302585057
4041792975
3605265653
3738692061
16903969
3100508901
3941389768
3877313519
3774475016
3873174781
351341325
624033291
235547169
4077975801
4129428454
51720183
3940939236
4260089836
16779256
553782798
354090008
3823230226
4009093110
4277805314
4125291011
4159311114
118749384
4262328825
4277533966
3960008427
302776040
267182097
3990489324
4111531762
34995232
3624400357
3922451455
33624309
4092067864
330817008
48350154
149023714
3890734087
117834986
4244240396
3924886774
4225375743
521927139
3825267434
100087269
4226747939
3990940143
120521536
4024829722
4244895497
3739866321
4044086291
3772375822
3976070902
3656710883
352523259
3170044460
165803508
334697705
3723166481
3706839536
4008834025
4012049681
4078370311
4160881657
418060080
3874554860
689309681
4058971379
4193239558
3641311203
604304896
18289962
1210587188
352847864
4026194400
4293916926
4244832501
4176011010
4178052079
4263121665
4142472738
115920624
234415575
3603242224
66840839
4142985480
3791780854
4077252086
334566396
4126926107
4009222638
269286933
3944536029
3488941571
66848482
4174833383
4059688921
3842906872
3907850028
236390391
3825208827
3908095751
385283553
83356682
267065598
824696323
3373526232
201394924
3774015468
203486675
4009161746
772931835
4244375812
436601349
4108906256
133558768
4092454901
503964929
3640388588
3304449753
99354344
3322415583
201578976
2985295877
3774878211
218632425
3756659451
269806857
4060420366
4008051951
4025742840
3959092487
101982731
3942582534
4074889198
3944348658
4211744785
4125555483
3504663028
3307013367
789116401
4178172428
4160289260
3942382850
4294501381
656141327
3989960678
49279732
117174246
3872975863
3757041403
3654349055
199749860
4109626120
67109627
218560487
4092522776
4092977119
69792232
367324452
68597987
304081606
4041214978
200016643
4162906650
249887764
218168542
4077921803
4227976672
115992569
266006277
888146163
3940212698
3639869122
100790273
4160227311
1107489802
4026592509
927242
4058978324
3738690568
4075548142
3908241909
4143381506
3893168625
3620073449
4075156663
217769952
234032683
4245490169
33291806
3855755525
4143379188
117040898
86049307
4281077277
4074172907
284946926
1090457344
19010545
603712749
52558615
118291717
116327708
4211674637
4244177404
991894780
657135395
35974149
3908051464
99156751
102108668
51975717
4177587708
150342155
4112121577
4026137091
3623151909
167902930
50327303
3793098254
486994667
51441943
4294898944
252121873
472450579
3992840934
115270662
555762656
3857254646
4041276662
4259964173
267514621
83165941
4023777518
4056144883
48692222
118888421
4011326220
50984193
300877281
4009547264
218288913
3976191501
517607394
3943704575
3992385264
31457543
117239548
4091871485
388036368
337059604
4211214082
3925083675
4091337462
3570521323
4177588236
3925734865
65526514
3974629323
4060472572
3840534778
218892306
4044093690
537141782
4112380920
3791717623
4176802806
4078374632
2817522928
3841652973
3927118339
3708421607
4248445899
4158982372
218304527
4278331660
283038182
134147345
3792495627
4177339918
489681169
3859674351
300280068
4245694969
2866464801
112126434
3875663395
50913276
690357974
3859795706
266468341
4276623137
571274477
4210169845
436993784
3639216854
284751843
4025948659
15529721
4228048138
4127653874
4177855978
606408969
3891594747
4127522045
4140755736
652794870
4212665907
132579122
4058968844
200674828
3925015042
4244044002
3203796987
3641379584
65986802
3860078647
198961388
4162664479
3422484984
4199158002
404893713
3823194925
4174766056
452849911
3607297533
602791904
4124639711
774232836
321324545
400025091
3774147611
3874487280
4259718669
4077327592
4007846415
535880419
724443411
4123857962
568917801
120000010
268301836
4092781559
48438531
50398985
4026068468
83823643
3826581513
689380627
203025
4043775518
3588946177
268247278
203169278
4109171986
3975082187
82246637
4059892715
452456682
4075871494
4261406963
369680108
4261409994
4280094223
49352988
4194232831
385420538
4126997989
3775791386
3889957871
71552724
3928174819
4211271147
3959493381
4277135349
538444014
4243592440
269087228
489940475
81331202
4092454131
200012510
335677679
3725661417
3724603855
268697817
216527601
4127647738
220653558
4075822338
133299960
604302613
135348543
3740787447
435350742
368371961
3019299817
4009101525
3927449132
3943499021
67832813
368837416
68422159
4106999256
3456097512
4261150728
49997613
3585465364
4294497738
235531764
721817058
4044742366
4110554087
3942763243
3860457423
707970547
573375971
3891135222
286186980
403311634
133439774
86766340
4193258502
788464375
4027127109
3804951534
4143708399
4160482297
168363786
4044022512
69479925
3957844478
184148684
184430304
3858968819
4262194189
4142856471
4075956742
135333620
4076007430
419289314
4160157676
3974811372
483917554
3993363689
4061006573
4061212401
3758105674
3488476619
3537501917
4042135047
16240884
253825542
354618655
1241455626
3942852431
50591500
188089856
3962038816
520303610
101050079
3692571119
3993119510
3356230359
150660904
940898809
15993394
199415
102107912
251133448
4277791494
67107856
3843159273
3872050940
270589700
3825734476
419767262
4164683032
3943432942
49804287
183896818
4194632697
403840781
3926196188
3622433001
4026269912
4276807390
265799146
3924820506
166060560
16714708
3153466656
399647496
33944613
136712675
305665596
4227275263
3824083700
4179823129
3840007953
4042663903
3944152822
4059237600
4226021369
4109947892
4009432606
4095484189
99159831
3976328714
4228837889
635705608
68092185
3941724432
3892374268
4042990364
807344967
184030486
16132666
286200581
84010494
4244184845
202642946
3622367946
3521574393
134024469
4008244186
3892771557
585632493
201785362
687877905
3841779974
4214420493
4263823840
1129787880
3791508198
402786569
4277465045
3592419563
3592815085
166850586
4277861110
84868325
3707184604
586233383
3587510779
3907578868
636163087
133364010
369564926
3893888260
653978842
4261996589
4092453340
503050233
3773167372
350944782
3791196421
64873483
432861193
369164036
4225628924
3927505898
3490646505
890897153
85851613
369372440
4092587523
3638286822
4077133790
3271485162
3557293075
317331461
470026703
3521784833
1292618472
3940415251
620432880
3355056908
3858501602
4210490605
4175948032
636345294
303481836
3540858671
555164897
4229893647
4194166756
4226811900
4243979535
403892453
4259706900
201649140
3523402763
66649058
116911105
4110018547
3521911265
4278911220
4144426463
4176215021
285740563
3453227261
605696737
654373110
452130584
740499213
3605142259
3554216457
202447331
4010408456
322890742
352785937
337062437
4244976691
588121111
81464338
588243192
301535484
3926852619
4143705309
3823236846
32166386
4230150635
3822248465
4192800031
4143377658
721676554
34541594
302196982
133226479
3558270956
200942286
4195487532
4011471377
722987507
4263183611
3826322957
50982424
4177523466
4010272511
4076990975
4241873958
3992061402
4261152035
3825724428
84543467
553122818
451150397
3707626954
100461347
586356262
4260554482
469960181
4177721850
4294698999
487006719
3895866101
281745665
4262071832
503585294
4160279568
285008602
4142259450
233833202
81333012
4011138313
3827372824
3790069197
1360922643
165999353
622329835
34667254
3709531144
1411393263
3861178644
754323961
3925801229
235611912
586481181
300416756
772596475
4126739428
3692361735
554689561
3776515078
3890795763
3959878422
4193185751
4192729617
302059513
50788092
4091152637
3808552693
668599272
3977773848
3251495920
4280161530
369371904
4159896091
403704064
250425878
4110947872
3960404191
132177645
1242681870
724112408
35457282
4195216413
135533041
83701796
68426225
202645013
183567134
520425707
4227788574
4043374614
3841659625
3743017730
367673352
4010605330
4142409494
537724911
253623539
488842248
669586676
4041339428
1073484563
371270406
422639409
4092907253
51969776
218375687
420080184
3457485821
33416161
269943814
1022692910
538703892
4061331693
471657455
133761802
3978825193
3790147561
754712837
3930586609
320139836
286060567
351861731
4293868589
203301338
3406039512
116983036
437783026
3391103751
4158849017
4126009086
200602871
319620104
4127517695
3963885833
3321369333
19866394
571932914
3623620121
3709006035
219477996
151004186
4245944635
219940091
4127001359
3841779676
3826455280
4058517736
752812275
4194433026
4279628776
236321813
54217944
3926063920
551814927
504486665
99947789
3992320487
3758027244
537524752
134610445
3757252304
485101806
653657082
4113502717
3841207591
317982467
653531441
201654004
1094390304
4109241345
3639085812
4225699850
3774226682
3384801555
4041795845
401343218
134501909
602477123
3824018143
268045287
352786448
387775764
659211
4294109435
166974703
4246401790
435359223
3758152722
150865654
821221675
3963288049
1072507149
3992908870
3671906840
4142203690
3908896308
4077648937
4091874035
3776114695
4062183423
421593575
756032514
102827305
3975753195
316993819
4275762718
470807063
774176785
421261043
3756720395
104204273
4229828586
3942182877
4226550758
1140988432
673706218
3539153649
382274328
4229549077
350358310
335482647
15410682
4041860599
4043574256
15140853
4076467199
320990726
988609035
3912428531
4141877997
4176414478
371856090
435936774
3387225056
620553419
3656917725
3757891413
335606774
3741898207
98566887
1768207
64824346
586155527
151134982
4243719432
586807536
370539281
201727746
3607301415
4258386943
4194237165
85718761
268500190
521996808
4263188774
368244465
49609459
3622373390
317525492
4176277489
65859582
368841198
268306189
4041999602
3893032504
150205417
737542173
3923895788
4091728160
403766770
3408665374
419958279
138083083
370478568
3372607477
4026405321
3943239159
170791911
4090952943
822609136
3960400356
167445478
334886142
4276408318
640281351
3959815432
132582406
51771903
437397029
4125892374
3857722634
520478952
552858876
48832783
34342149
4193381128
3691573216
4063171093
4124231425
85329382
3873835269
3976985100
233247728
3507547125
4009036324
3623682032
3977509899
3974306558
3958043614
4258727388
470090512
3842307546
3722382077
3943232000
166722567
51840243
270078995
4177649126
3772917748
66049779
4241690107
119732691
285466633
4009683421
4177129732
118035713
552268796
4160547607
317577444
301528066
3738823688
68021757
4175958543
3636194301
82425081
3894146838
384832225
3978358053
251332863
100466157
4093960720
3841986309
4109819876
4075490062
4095079443
436407037
4045212648
351997133
183955193
3724470759
153551314
51451421
3975476996
4045601311
4280688110
116969957
4294375730
3690852072
3990809337
232717775
4076329251
400364802
3676234989
4278118622
3805218284
4241418227
1257902137
785637888
3893687534
4107730412
101776889
3657694188
217920059
217047318
4176606723
3924429296
201534221
4225180487
117240614
14210562
4195615496
3705994002
536799995
3709799695
119482868
197265202
454228211
36895268
101325064
4111660037
4193126620
3942522943
34852570
670050325
588375579
4061453006
184873428
4144823756
3893888507
4027518472
4161267958
804056550
17762273
4194030320
620880901
134669826
199817464
32636683
452779766
621289444
4193058899
348458764
4160294598
3589141252
3804948197
3589735156
367517397
4009753328
4076667404
385776
151380997
3871718132
3421830119
335807291
403032274
502845435
4161148427
586546423
4044887587
4109689358
506337071
3993571578
283120421
487656944
237311230
232855807
3873950729
3771592412
304148978
183377174
4177271305
18409232
50466298
185919195
3824161261
4211009801
116989181
4092919553
3585540595
570622152
17116692
147779557
452326110
367773978
473097448
4261425402
4262861325
404820490
3151888126
3927436766
283983616
4091086863
165726477
554950407
4076144178
81795327
3774218736
4158854411
605497331
66776561
284364275
3925415168
283761664
3708294422
3737587689
65529331
3908697062
837754362
4010680332
4244051196
3121202651
333770705
403038698
249826285
117573124
218033662
3860540200
3608277276
4091608278
250611199
101774593
86907668
318767636
3841319412
3806658818
3960536857
4082105913
3773379591
200608491
4192925670
4176087317
3823097850
3893287929
383979518
4107276540
4158457086
3926981638
3993508831
31524557
4093056256
4077057017
3945078006
4142728970
3994867719
4159450352
217905945
100800505
3893426927
889517550
100798191
3976327919
723581218
68103452
4210558960
67560906
4025096683
536022015
605167932
3806265568
687278063
3858831881
117833988
4264624350
3974883605
1772274
418448886
4279637010
218494471
3823563004
4276227314
4061212642
3020021239
4241016780
267590136
4278254589
872616490
287708451
4229107948
4059766028
15789550
889187351
3287872798
1022501365
3758943494
4024361442
536866350
4092200218
4126998004
4094425133
4209054219
3640325114
3874226934
1106576894
4208592616
166586889
4159953664
589954802
4192654591
51050474
1305842
250945287
3708278238
115418600
317714480
219151347
186651141
4244824069
3826846187
3991346443
3975413783
101446901
152116998
3555721183
4212206373
418321654
4011606288
3740984820
3808290535
4160162054
3706650647
421590254
220148957
303353616
4176607200
48749776
270527500
150276608
3773829405
149549058
187498772
3961919210
438700032
135532310
168038909
3827372802
402452445
4277537011
100596471
48553472
587059447
4207985895
351986412
3941727186
217446378
3742105144
4193903084
4109428219
185403154
3728674082
4127861002
134678534
84605188
386995181
3972331005
3942903289
4059894544
169735943
135988508
4243910861
4060219895
3218862834
3252872915
3973905652
220263691
82767360
3135702035
99544076
368706574
16388905
66519286
386205955
117640194
4038707205
4026191337
4025679084
3944551694
3658016497
469626589
48168949
3724272350
4194499079
420813049
102237463
4111467257
286397680
720884481
386338301
4041803526
117755914
4045405671
215030530
4010917642
3555850506
30275587
401468907
66458108
4244897029
352644875
370607057
4126472476
553372387
807267072
336403767
4293977364
351988974
4228785410
4024499940
3889563369
3774744817
4059052300
4011259378
353694962
4229042205
3439131872
483990522
571208679
4043107835
3841315338
4176805101
168695553
300349166
3894745621
67631349
303176460
19066908
1139749366
4262202359
3856932088
102711256
1025051735
185863455
3910208001
3606375425
100204817
303169782
422061070
4228321530
167117824
3992052481
3740266505
185466578
3824870396
48250427
1023143207
505227785
4181592889
3504672777
32690185
83945993
117184517
604366607
3693802478
3792759231
754320921
251921674
14875398
4243908616
4061196002
16513006
3991407875
34799611
368915478
200141816
4210814454
4060744467
3653630462
133826592
3942909960
1190521355
808318738
404478707
135470327
3957975553
4210616866
4224713688
151585013
4160751389
3994292216
4059040279
3674533136
4110621428
3928040461
3472041444
182445819
219683610
654247697
486207228
3641109234
150857454
234877443
3709067283
4161328622
1319670
4092793094
3925009111
787542517
3926660328
3606849014
352582885
4212654113
3840351966
589042976
4260952556
152044547
3989557021
306240002
3741576697
99949563
50137330
4026388233
321776399
783341
489159170
3706567958
4060870644
100664302
4226288926
3674858229
4227528433
4111920131
302654941
3742307074
3822910975
215225044
3874087733
65857018
3959422181
3675123950
216729370
4195617301
318310371
334034450
753988086
321719541
3705459741
80600541
85649902
4244966142
336925909
4077456671
137174508
3571965937
3826714604
3905618425
336460034
3977055973
200221181
3925991941
334627862
4293581827
15780091
4142857194
201784288
4011333125
4261286394
4077582343
669192949
135328514
3505525283
268103974
3906724358
4193778666
15335405
452518444
200803864
3205434885
552800750
4209964040
4212326631
453053190
50914023
84611288
102823691
620824058
621206772
4078040068
66522900
4228318983
49673981
3958100724
4110476027
3857966814
484433155
469830398
252903683
4043499018
169346592
68028671
486214675
4212196637
99741704
1257703434
672528646
4077983503
672788197
3655854323
48039715
521529610
220722934
220537355
855842574
19005179
518976218
3841254391
67899865
101324330
4293909777
3656971287
588713479
4195946728
368369140
32633614
4092713978
654108430
3758231317
184349180
4177913845
4110545904
4094954976
4279769069
4294180099
118418443
3775139567
420876297
365755445
4043176182
4060285682
403037934
4263049483
353044981
4242790900
3956865269
585631462
1160239089
504231870
3975612123
3759599090
3839550723
3623222271
33164293
35197444
13825027
4261407002
3841455342
233368588
66060552
181922081
65988360
3925661969
419166200
3993043977
3824358651
3924156678
534575104
1191387669
4193195783
4212126440
115994911
4144037114
50395935
771627799
4145286148
3203327
220003577
321850910
3724863986
3908101335
369023743
4278460949
4195811299
3923117036
3321240555
3760986073
754649101
170132272
68089057
49667305
4261480696
4178173453
3488481736
486150641
555819546
4276420869
4025815291
3489541150
47576103
319891225
49147903
3709530090
3473462552
3690072001
4243778044
571206869
4227007510
501022170
4108572652
16772909
3507427576
399107289
166777885
352716292
4191352843
250088735
115076607
4041205238
522719490
4127458570
4022139904
638650612
469957144
4026727413
303107328
51705066
150863349
3687577616
3506179324
4042450651
4025286374
284232448
4108718083
4293783819
67432455
519378207
4112583935
83819777
4260566570
4228510987
3305637358
4247126267
3435263993
4057460193
250214456
251137808
4010531817
168107264
873927434
4008968465
17699858
3991997445
65532664
4247651847
3977126694
3879005436
50135523
169287637
4281918939
99740913
486533122
83224044
3857896935
537790478
33220081
4111395299
4110750700
3877109738
31460379
317452318
4210999299
554566146
401348594
3857251902
3888773617
556469709
4091216133
3940994819
4145144589
235017966
470088442
4160347929
119933484
171634401
371005708
4061729023
216204041
4276417534
99353827
184745745
113386776
4294558949
3809860851
943384011
385559581
334769151
450820354
402126312
67047435
115019009
269153792
4125884355
504168254
352774149
320216341
4195224843
17626106
3470525147
3573350873
4094171906
736638028
921247450
197652486
202622742
673187639
3858892305
4278252030
4278522850
333970673
4042846981
4044360677
16844524
983307
3774548688
4261019389
3605395703
321713434
2948356
4244761049
286987754
3842763513
501683960
3773036558
4095150816
3741585973
520879880
501417241
35782604
154736116
586552554
353710099
3991482869
3822195459
67358776
4157078530
121055
4227142626
3975608845
184619550
4060607480
4161601030
335089122
184683532
4144430838
166260454
200275710
152507655
4081056539
4077654504
3757372971
452403460
3975677231
4276613377
3941985774
4192592895
3556567790
4143185637
401592534
4293191645
4209702397
199824647
14603025
4126988758
669973755
3960997393
16132660
152572408
99343632
352249620
3941861599
3922911221
4142728714
3723360755
502985723
134809870
573244441
16114683
368376301
304946424
4259116538
3740341263
269019903
4077130972
487799556
4210431510
738718457
199939303
135865617
4211020522
3708679157
4008891882
3826249178
670236405
404227627
4108706051
386019823
1059924469
369890579
4261483021
4262786298
369432844
3859096576
3858759410
286593248
737742342
4094433276
167053555
16847635
82906117
3757567711
33352180
3958111480
4262850279
202260492
436149276
3709012223
500884951
3724680998
3877046824
690221586
4057663467
4293918967
3909749747
4108849412
4043311367
266071051
4142202883
756022483
4211931158
3740794884
4007714003
67640341
3354723835
67373010
4009558025
466354174
14734055
320144926
98965521
3370250460
4143176954
202695664
4278528745
369820456
50263059
101254663
4007983334
3992385245
4110094834
284354306
1259537633
4230414819
301325031
4159437082
1157959462
3672440313
3839756526
3959474139
637994783
639299595
454428963
334758627
4077135102
4176349170
4177010470
3908889084
4276684778
3977176561
167442701
4227136783
87684405
150941191
4007587605
4261804014
1444679952
52885035
672674285
267845904
4228189712
318569472
3574138633
198509790
873529601
4194765831
4092653827
619253237
4143652107
187366415
116518634
4293469201
217508644
148966428
3908037900
555543765
4013102816
3420203248
4024555984
383714268
200809206
201856774
3943110690
185140992
3823169791
98502635
4227601162
4110022392
3389262601
3891976393
137627097
253629517
3555069679
437987557
3959153911
656085725
81655308
3926127360
3957779937
253029111
233557521
1530986502
69404433
481361161
4043112181
590156052
152780578
50990811
185921812
66388485
184551663
436081912
4145811222
98635746
4191475123
4242342386
4212128789
3790725640
3810660111
51699159
4141279491
4142251268
4060162296
4040750564
3857570554
4228774630
3640262909
169016834
505554182
100855071
184032768
304148530
3795054615
52162848
3908436995
4261613791
3839878391
404223505
4243978781
3927764743
269221614
84212968
4282006060
352376857
35057894
50984448
3639611362
100140556
118877187
31533830
203952872
4145489430
98567202
3875276545
4058583805
419094504
4247461630
185731084
4294371312
268247787
200941062
1040509962
704054562
4194963978
4292603636
3890473187
302636268
3923512091
451540208
724110881
4143776536
3805924375
3760132650
201978600
502590221
283377911
49090061
1709068
370352152
317198597
4228189430
4278380268
269479406
3926138098
284291348
4278517024
3841516780
3925416698
4076137482
3808639427
654126334
4246404128
233499140
4145681923
3607631115
233507814
150342411
84539394
116853739
34077958
153427279
102237943
216848822
3641579518
135198436
219678987
214043886
4059105771
136114141
4109110073
3806716135
517788358
17499399
318309621
236784396
4059044108
152701427
167388161
268632881
673774875
4280884761
82902530
353303302
284955637
622327330
4010603517
369692158
119545621
49937935
4226542823
4009039142
418583035
235677748
4194508029
404427813
4041723886
1360399608
132833055
15984627
4193653741
3840748796
4281228308
4224975371
4125285115
251008043
4043039505
352722689
3909820423
220061188
4179103732
585834540
537665839
151912714
16443908
3892051696
4010277638
4229569044
31989497
3908827137
704387833
3957063180
182907393
4110553874
4211339733
3857763311
3991214298
3707495745
3788440014
4228376580
4026792700
3977121279
286332182
3740269546
86177537
4214235674
3707625965
335749133
33160203
15665666
403971850
4195552042
4058513161
4243384800
167837654
3707043801
452336367
4280603637
3906598901
3942974428
284684011
370078957
4144161319
83033813
421796094
688195582
4007851762
51899878
721149694
4046523147
318442989
4210299114
101062170
810351375
350223893
268558094
50535918
31976191
134937057
3320638193
252905410
1041038343
540482064
4161274387
368894438
168626371
534975220
67173874
621016063
3774016270
569105658
3892842244
803660022
506397195
351739144
3774667240
3860918280
164825099
4163045087
369374179
4261353972
3502573834
635811033
3604154921
3237341398
4060281816
4195351825
251133156
4158770926
754514140
4228902930
4126021150
3810386419
4263702009
135201810
16515844
3923903461
3691377643
4012774948
3793808394
3505265438
3689871351
3487167185
372068384
4124194080
1062272213
220400375
4042064398
32318425
4245622558
4294903821
334351340
417463791
3844284201
152302109
3690068453
3722570190
743770859
320134115
3791523849
4194434829
182643191
253616355
4127794923
4093898788
3993372910
3889693691
4061985054
4258258423
3674465754
3690593004
4278644454
4041733638
3337412575
33803745
3772443633
3975542768
4143905775
4109174530
3773818132
217177576
248898584
182910945
34600431
4108587768
4227785487
4076591853
284890377
435165207
184546568
4008965373
382600639
606275347
117309956
50457569
3659269405
470550530
82637066
252835059
3923839713
669701616
4193509364
234163231
202629365
421456360
136053509
386800637
3925224177
3994479382
234430428
331074863
3991594767
382916092
3973590268
282723290
270551569
3977654268
453051913
3977253129
4228383474
282446088
4192710612
4213104399
301866541
136053540
3942787357
4193444327
52038424
434704900
3957386722
84527884
4276938232
3958108657
3956533474
1143071746
269354254
4158259449
538960410
4042045191
3237472757
3320834803
3725133282
3844073428
451283681
4195821063
754708769
4143648244
168615441
3861315362
482687471
353764821
3571577069
336977411
3273071110
231341812
3706456580
4258925550
4077643786
3943297504
184546582
4210951653
219815231
3789631780
200338679
639625206
655627044
3926200052
4176938480
317442087
587453681
4246809830
890122508
4245085734
740421328
269225987
4212591370
690291182
3892112636
1008220933
3944547547
538644999
3962113072
4108647935
3824154859
4161808673
4009297157
4293392881
114825450
287309601
453249828
3942332927
3370783256
64808677
4162916373
4109898266
4024366337
4176729347
100387305
555818962
334891247
3975160084
3688036620
4244509947
367585541
721438
18153976
4210434815
4276285419
301392122
3842765033
369111070
3706578925
3975146496
3775003125
3976918267
4178506485
4009158888
48822530
120774938
337393669
452792855
1059582476
4280690439
4092987138
4076530458
100137961
50921196
3973972966
66388729
4211608833
3873764066
4228043496
486086161
3756665129
3873571859
569171691
3473862115
351663118
85992991
51186680
3623483393
4293986317
604375041
3975937315
3940613407
4126592748
65804045
234614539
4227589635
4230026991
232843519
4293655527
3570923773
705502496
469714991
3858242550
4243909626
3739875553
4245423375
133627144
3923700987
4262990330
352006142
219223836
401740832
371208471
3978946809
435818991
99414776
34853151
385747179
250343942
3839488244
116062210
4109424916
4277855493
68229391
3843163629
3791131373
319944960
4294309640
3091210235
551426041
3940927466
64672478
284418820
336412436
317853244
3705666048
32171998
3725593880
117108437
285998870
3760125966
3822718681
4110149354
3907781620
318572250
4129032711
3956930049
432587015
4178899697
283047687
571013144
4110093349
505077767
4111138047
1104604687
15786975
4144295401
4193510667
536675054
3505975799
286199062
620170277
185339935
84215578
3957843677
924053524
82303982
4076015116
68028371
3674737654
64681991
4244244469
3906722542
4111011358
4247063851
436534519
4246134522
418317574
4093643050
4124503531
3992264171
4026004737
135721956
4211339265
4157016580
3858310884
3874947082
269679606
4025940719
284362293
3708414436
68884987
49741326
4294499303
182385145
4109176046
3595046639
203230946
3824357614
4109168641
520148965
404427056
4275877605
201322991
134801399
181133291
3774538212
4193907213
4111066868
4127192822
3993240573
4109166834
320002571
3823562523
202706689
117238293
147257589
51042805
363852536
4108894943
268297220
4010539282
68810731
82710535
3639400700
4025873650
4294579463
435225618
4026597379
485423882
303435285
250285562
3806850065
4228770264
3439063014
216850412
268301805
300486928
3606837498
4040753408
218030059
4227739128
4228511005
520431851
102754810
4141807581
4009289196
234550249
3956862448
182767858
369431779
4126673386
102429184
405090578
3824756008
3621450170
84729625
4125755357
4125415441
4075021547
3974358557
233759724
604039147
285356784
4229622794
3639673888
3689480431
148632314
3944234217
16779291
3875802867
4040615949
70376419
4040883222
370478347
4011456790
99809006
134677515
4110283278
166532060
789848876
3437895698
3807321090
735761393
4144688091
285994766
4110687479
4158448657
3974159051
3370122489
4110810850
471935479
4210423044
4144238851
387120408
218878735
3844537821
66255362
3708610790
4076402429
3790664953
603379967
201065242
703859722
3639473901
151060216
30793497
469961991
519175701
51184116
3825601254
3707238877
351598338
3773300489
4243118558
66119702
4212789749
266212111
974704406
302777855
3659455717
585824216
420281843
4027837707
33035817
32575513
4178375689
18938114
4061079068
3908632326
3571838692
31983602
4195610615
353102591
4141997821
32765673
4041985772
486667239
3894093853
636685341
353768456
200804872
32961501
469890031
133304054
201529334
737807619
268043045
167777523
4044423940
3872776679
233891046
519252221
4210492676
317521144
3774933238
4226734592
4277738214
66774522
437841409
688915711
3524520177
4024111344
4092914676
15329781
118431738
3957853727
4279047705
16713977
300080395
4109820883
3387632896
3841250809
334952941
588509177
3874161901
924162
4212327670
3908819468
4095278861
168499994
3991665644
4226744549
3824479189
3454334979
3772724221
133820115
586870308
3607498733
4277793521
3993173008
4075869938
66181821
436866807
4026135553
1965323
66060287
3876450809
4143375577
16767752
4025550854
568320250
270857985
101254658
3739679248
4141865954
266007833
4126743315
4042649857
131388180
119142397
603777270
3573798904
4127320787
4227659528
4228509438
68746472
788772
4078043646
4231208701
304349699
435021824
302265352
336714286
4129894394
168562196
4160876037
3574070057
269671875
3946053841
251208456
303761426
119016196
4111740925
4161468903
401211888
15720978
84215777
3268670718
169401835
3841918442
4143714568
433395756
4160883448
164820215
4261995537
403562236
87752686
32501757
4109292547
4194240479
3957848569
4092781046
184084009
3872451314
68084743
724313116
3943630302
4093897951
721358856
320605242
85194249
3974830823
3772837924
301541165
3740341815
3704470525
17758434
148295653
134993908
4129296395
3018728216
167313942
404686607
4194836749
4144687573
4145287707
3640655383
202109694
35329300
182651945
4061656341
4061324777
4180287225
4160288794
4227197158
4179568908
419770150
3605853711
4029218786
555098635
755170336
1109793070
3959809521
1206055180
3707833101
3977127183
3824155944
3908497118
4275495654
50332417
3958310379
3740729579
3823233511
606082284
435234102
66513672
3874740731
705490692
3942056667
115405342
4177854198
200534261
4041928181
85720846
70639
4194105094
3723420442
165806057
166836730
3957837799
4110820375
200678625
4078771985
4127913720
3855807994
184484367
4162196174
3807776781
4178117377
35054329
65399296
167775009
3557096442
15272949
552484593
370809115
4042520849
4007056882
4061258192
31264237
3960076516
286387961
17422338
438038523
319481313
4126209043
3858690813
588840953
3942511651
4193317655
4091408619
3622361051
384295149
4163501041
4096852225
3858885104
4143382008
3908961786
519433490
253298473
722990347
3808611574
522189286
3574402838
149496617
3605842443
4009356511
3791772691
3977184235
3671463963
4091078631
3973127961
133955071
4161609435
83040456
3708494864
267521308
83358977
4277602040
3793025299
259577
252448773
553652498
3826911450
4160490511
3791716095
65148957
3335115796
3540114925
3907262470
167432995
3707761380
3689147894
33891807
4279955724
98639887
4061527794
4226937092
4243066094
3858817266
4227395085
316802795
3774928383
4056753901
3741178114
436269561
33623289
82697505
607576554
4264173053
3789625825
3975026174
4244961012
4260574994
4144632316
432602867
118485523
4260561954
388431107
455075593
4143061758
3922978555
4143243238
217972497
4278778365
368505081
302975481
537919511
3757709530
4159893265
4175424766
3926525948
588253004
3875473657
4180927967
4129039584
3272806876
235208912
3940949759
4026333680
4159910436
3927389952
202647578
183826684
3857123812
4107794952
487452953
68417052
553393195
16908305
301982971
519564235
185719571
907158508
152379629
433452032
68232446
534643231
619379176
4141220083
101780233
335538707
806745586
3393118742
3722518974
4210093052
3926117895
670308845
3943622902
4261353219
64624110
588901889
502660601
370152203
3171949079
34214410
66983695
66121541
3940932106
3723955414
520369432
4259642114
637594119
69992695
3909224433
504294661
590476035
3726709488
49675993
3805804531
132709137
4010074393
4228971758
149093643
668338958
253160982
31580916
4242740735
167703806
4093897478
519565278
3974625295
66054653
148830988
4108448559
2869551599
3637902008
418706436
3893088971
151778274
16710629
202309395
1345129466
4096401153
398366
3639479562
637919486
300282617
301984245
437517834
185334764
351662868
3811118301
536165413
118026046
3924223182
250938634
201534206
3772449026
316863235
4245678883
707130876
218893076
51700183
49738967
134937611
4280291585
604303368
150404368
2987197691
4190436088
4028098284
4130144749
3273267175
4145481982
3707442661
372307446
3909816573
4126404850
285079804
4058901767
2833450470
4009692080
3809275085
420740643
4027121418
4212257271
53284627
4111341573
4126481698
4059306782
3271097355
3675251680
3856285439
437917955
3757042193
150987475
4142068765
4144881703
3587964673
4158197508
3791911912
4159360211
3925411340
131861505
66575612
4044155924
150403332
4023900981
4075677675
4060220902
471855874
199227925
3757894902
4177991179
252911342
4142923522
4127193604
4042846208
3558806263
3720945634
3992647148
3422819556
386725635
4262659355
4094104821
421918213
184946426
3791389711
4041730813
3992453623
300217319
68348178
4045277180
134288163
4109898744
3822511134
82628098
253361890
4143318014
385547763
4211149324
4244039154
202963959
304153111
403697687
4026143993
3234398200
3319011836
685240329
3875740975
4025286652
4195680269
4178244842
4008112904
4156104463
100989397
455412715
4057917921
4260563991
4008054532
3760127759
4025418978
685969944
4192393687
153606114
4008249063
4059168014
318691342
32563930
4159493107
4176147198
771549963
3573618397
2864436709
3658557906
250411031
384296161
587320888
33621475
3757572607
3824418019
3860793596
352384749
3707828733
4010148596
181803248
437201446
67052071
4045346371
3774285783
4214236200
370340874
571995937
3994219565
3706852598
35074547
4111335447
135986438
4211476982
33685500
4243921393
4209569017
4278247634
32439755
4263637778
4025155100
4009756685
4075617011
4242205946
386137814
82440709
3993762060
418709753
4126337007
3806184171
4093177329
553976802
4245091824
3994351625
49217795
4276414979
3989497071
589952019
604571909
203354114
185542132
3870548235
18145763
317310945
938544392
4210229016
4193777421
99547626
16712730
4041404397
3706785763
3488349427
4294307319
3907908113
301059845
51771379
101843938
317847551
101582089
537589504
33755170
33623556
4060413691
183118878
4260770047
4042852367
3909676770
132248055
651294761
54492
921565692
4280679667
3858230275
352910315
3990895385
3239247051
4010092752
3725528312
114884619
3574393112
3823635456
286974737
4195215864
18617848
134351112
4008106471
4292145146
167840531
234816492
283642634
3809999137
4158910206
3911386167
4162324189
3975215880
148769559
4143900156
770835473
3677939170
4192405980
3757705699
4208524307
14281237
605623573
4057991418
4175492610
403769070
518444532
336002046
4228581145
3891264736
3674283017
201330447
152240635
68546037
219091705
152373000
3541172247
3857922309
434760963
3924951047
33552929
654047256
202058017
605884936
151642870
788851433
3638430974
201665076
3992518380
321391062
3961322247
387708936
4276555265
4143722264
4294773509
217247511
198901755
283708124
155130868
3722509341
179824384
535554563
588776951
1290202340
123543559
4112188951
3908707585
3759529702
33946877
470485241
4211741192
3957980393
114421503
102361346
4277734148
1370842
3958895104
270475518
4129543961
3756456453
317314049
4262458661
133101059
267334150
3624934150
4009288186
167702562
436008447
4126157318
4242660641
4008505598
4091671605
4246069770
3892439554
3655530460
235480073
4060421120
253299435
3741779203
4046385921
3588167156
33689612
3421775101
4125099249
4199683323
4195159562
3889157901
4244044504
3420257525
118291727
287314459
182839614
468390149
4042908407
3822452984
387185424
3423266556
1178128
4263373582
284692750
3924099612
4161340925
435036209
4246144487
4060086029
451740656
3709795575
4211014088
3773621501
251720172
283972604
4007715828
268037867
3507616780
453249300
3958246375
251330021
168957690
151123220
134872038
4061790968
4042181083
3373064681
183431616
4144564428
3825988103
4143308295
3960011479
135274259
4157863175
4075680483
17033989
3994616095
385683687
218551814
4176089599
3976203773
4212719116
266667285
304017166
4074958571
4043176694
4093063974
217652224
353828923
4260820244
267385862
755111183
35586548
300024297
4061523489
3391356687
4043303879
4145408220
4008111597
302907344
283903765
4142074362
3658485512
420420619
3957257738
1176629003
453249300
3928290563
3473612263
686024689
4177719005
3559008267
202378250
318628093
49541409
703202288
4242801704
148040684
3975417099
3889747987
3623482605
840041725
233457727
3609664253
98367756
3355438085
183952889
4059101435
4227144200
486469384
3976267546
206113275
571865316
3879003609
30470100
4076344307
3772056100
555282196
4006265898
3923507179
50265831
4210227701
4227661836
4042654211
4009096163
736090611
372503814
4194889687
4178108167
185987302
317525738
3368675569
4024561376
3774412276
622405882
4145217584
670707453
4247779592
420084723
84677865
386014956
3741981953
4058055418
151983606
4177317902
4143374621
4244498159
135452659
4276609798
3422163713
165666814
4195542778
736764690
451289399
250878991
4259446242
16715491
3923707649
3926393869
4042392042
352263169
4028365822
234548449
702423060
33223693
4194366425
4143120386
4195219731
200992763
4176744954
4027646974
3739614706
4212981995
136060167
3790409989
4226015974
418376158
83028702
538577673
4077851669
302971389
620224802
185991168
3841979669
4127194342
3386635761
166396920
4243390184
3774546701
635697928
204610844
353571593
4008707831
4178051336
4227594519
4260235496
83097359
437333283
4260833571
53411613
3994365696
369227521
3506307823
3956991469
3961313023
3943962104
4193581821
267977210
3994424103
117114667
3691053021
31066928
4209496308
4227923445
4128171775
16184043
285400824
1109583121
451341823
3808887288
3336438536
215416307
436471816
4028236331
3724676084
3908103939
50854910
3708681700
4126275324
202831112
337719565
167835945
4244561926
856229147
51259916
4261741562
3957979895
4058512887
353111541
217580044
46598627
4011462382
4142000136
4058902259
4212265203
3975022342
3000366321
4109497810
286988034
4043970065
4108115237
186447865
3623227646
453513707
3842049530
203087321
3405783529
3937650686
4078575628
886832900
4260756995
4177394921
48356613
151981293
267392511
4161923586
4093369323
320545830
3622572292
4043369207
3774279695
4210488783
4175884532
4160939995
318437880
4199406300
4078373606
3941139428
100603651
3640982280
184218873
4095663882
552730106
4075942389
349360600
4193765603
1194000624
332587746
419502090
4176670756
17945582
3961130445
4008976439
3906853351
84926182
4278784462
117832170
3925733880
603118573
4228715762
4095212808
350476026
4278980624
3873965561
4058644955
4208976625
4140102922
4175432760
16910551
3940293107
3167080698
3925093872
151325449
4042259741
3740858322
3587722472
3386565678
4075015139
551150819
823838284
4278584318
3941519559
3806786552
553720085
3826328288
4126009862
4177076200
133369603
4262987279
16450070
4042910961
4209837292
3555643356
4193578214
403176950
3908302572
4160752636
420022774
67169801
468974575
638120464
4280159990
134021896
419426559
53812204
3955567672
3789616386
770966025
3979089437
100265994
3944685576
3741718782
4227668474
4242133241
135258849
570162690
3941271548
4143784469
4075873528
3975739867
369615314
3726259445
603977501
4160953912
4111202056
99153911
4210028043
318104290
4245027058
1376519440
3942783005
48164092
4075029224
18353404
4262463774
3943299329
217384442
4009494265
3622369252
286856417
4212988422
4229038854
84812780
3926656514
4177063455
4293586924
590090
3925534701
66249962
4161865473
4209525280
4042509072
3961403384
621283330
100787987
3943965974
4243842834
18019587
4093710593
472245510
3740593136
217905424
4007977967
134612195
15794651
4177327322
874576362
133233929
4010017529
50197257
3925414909
4060018655
3808824581
169284106
84092198
437915124
36041191
202639622
4294054157
4025219062
4093441282
3840726528
167907384
3907906306
4010407923
403959574
4229176553
81915154
4111341059
4262265608
4110550514
266472173
47454685
366544458
604508628
4110544408
453052967
166645983
368957670
4162001133
3656053224
3740467425
4224381433
786809352
4262010111
84740110
4262395120
4026071798
4263118077
3974953734
4193969134
519643355
1179649
3758491154
4059692000
3942912490
4008051955
3873888760
285994772
99680451
101062898
4026850566
99219469
4124696308
4243634131
4077447136
317980670
4211535334
284227302
32302086
153682965
4125694748
186324241
469526
3974437917
167183865
3622236388
33226984
103290636
3889490666
4095531519
4126994934
4243783142
4092329446
3872912358
300286736
183293949
183959281
33485797
4243515675
4041068785
236787189
4279436020
4042724596
50262009
3610116088
670561802
119077637
101252079
250340883
203157747
505539382
4025418470
418381529
4192470256
789315079
3743420922
483848932
3939169258
31650561
51977482
421279517
369883416
83297759
352451819
134415353
3991138794
3204514276
4058714639
100204527
502193935
85000449
235022383
4176994798
4263379221
4124111852
4242996234
751952647
3945851626
236461788
4294309393
69005301
4024829957
4043831300
3991016733
3958701549
233310711
4212456956
4110940407
184414215
692128198
167043626
4197059824
3842445581
183505931
3958705157
4089117955
52426465
353828614
202319144
17100839
100727562
185918471
3907124196
287039745
4260101413
535297258
336329987
4074834966
3823897070
187171354
4244967682
3993762547
469890271
3610043880
150356987
4226547428
4162387197
66447875
486667006
4293196823
3957640920
333785576
303291394
187105278
4228062689
3994356711
252118233
4279115275
15525618
301788393
4058040040
251468290
3992984319
3826453227
32506335
4243775997
4214233051
3587179274
3253461472
183038700
303833103
606151954
4143644411
4027442159
3591571711
4176613663
4177396473
3806919919
3958768382
133748234
287633419
48623858
4277399527
4196535754
102433822
181466608
4044486872
3520725232
3687249379
4126992851
3320495844
4192008935
387125761
4094426124
32895501
318768667
67639584
4076667097
4008050676
3687886277
286389931
759311355
3726447611
3620471748
3891779846
4161727205
4024953848
49612305
4093569025
4126081540
4025613051
3556761837
3286039800
3891983287
182635797
4244897835
3939896061
4207988460
134150909
3656449831
3958574047
3743346666
4092132595
3875666163
268430591
4058969589
3473419769
3924681978
183172081
572780847
420610853
989723993
4026256641
4262264053
3841851932
4142004969
3422693315
4096407574
3673688829
3605788388
723066619
3976021232
49476838
169081332
3891723486
4260751366
3926128640
201653256
4061396974
3608281616
384828898
586227490
184412710
4209770742
3942382583
4197519602
419630089
3808496642
4124698348
166064104
334881530
130683866
137099038
584981014
3826514639
49807607
4009301795
4061007898
233833504
4193142063
100731393
3928214205
233500651
3776117510
4083083577
218495240
4193779202
4159249148
4210420709
4275959572
636149500
504225047
4127987163
3973710356
4043433480
31907069
3639930844
4242549258
4161986060
68748299
119082249
4096464395
4211619595
4177452807
4278522903
3823305993
286645987
3673097206
284687617
3321953226
587794679
114813437
4228120786
4024899807
4142730475
3806916099
4040556775
105109265
3674547446
3626895088
254022937
4095094275
4245157878
3993641741
3858235381
101323241
4078054151
3824420090
4212198879
891040740
85010746
4242939398
820899861
336723430
116061688
3825329906
650917131
4077451580
335151871
3876647431
315883511
3862628652
268778431
3958890546
704298773
436927264
4025090600
284555756
569636121
317131758
3488346865
100266216
4261078292
202113280
4275960060
788469234
3726508819
3639209215
48629745
4260490992
249693674
4012638184
4091467250
4078183646
34800903
3826505440
4177009396
3943760891
98959896
152113985
4109961740
301326302
288357888
133685554
4161530599
3423859990
14421253
3790922269
251002082
4243846383
436461327
4226805252
84151520
3823031519
3692487882
268897010
605038567
4260164867
3706447333
4194689272
49282074
405603832
81786872
99865047
63956726
16575243
421261035
4026132472
34013193
4060339926
405743351
85201160
4012048403
4260956167
4157068560
4160496662
3337619218
116519973
4194571805
3805602058
4175945442
3939491796
116191770
3943103481
738130152
184488718
238299416
4175375371
4263769848
4277734616
133884372
3856075832
604041976
1090978041
591653913
4193188076
4025213416
101969660
4024554442
3960014053
4261484062
587119077
3439403993
4293325844
4026138625
402511321
4091864289
4077914593
3928430598
3674934003
3843357688
4278251762
235931140
4125875976
587069182
4194247442
4011518216
4242866919
571270136
556994826
992475635
120260103
3356298530
3875800036
3504409103
4110150644
33292818
50133273
11924510
4192928543
4176092181
397271784
4247248393
3688829658
231798795
402725622
269144574
115725823
305078043
371389455
503969824
4156543756
420348134
200676902
3605987577
671605256
4192924881
4090295787
322694652
3856521984
199368926
80879916
4261416975
3925599518
1004339232
334557185
285011961
4228253147
286204948
4060753956
619835391
4144299517
269612511
235806481
3859477518
4160619760
4261153279
3156802805
654436100
3501655061
434175699
3691193910
758385643
4128644356
202113737
64749328
3826247646
405152277
471021357
3842248720
166982658
3823697173
168629758
3891784187
3958965448
3810506755
3723960793
169155828
301334293
35585039
568202242
152109570
656474669
4244375804
4261478662
172026075
1040131361
3489266395
972545250
4229555213
251199733
101915369
270406165
99545366
3992320492
4025213941
419292895
4076213458
266928389
134210801
4243906815
3875070438
4080077560
3906934048
35720162
4244446455
184683231
538702841
135004680
3827035896
470157040
4243321324
322428411
790765880
3744006676
4059300139
251269917
4193846523
553259534
353643293
4009685819
4093117696
4011134455
3959876113
4247445491
3620719555
352069613
740024276
3980656913
235868216
3319010550
49800440
436265437
4025038034
639967465
3676376079
4127386599
4011851516
68153875
4178318825
586757386
369371630
52620813
186850832
133232351
302902001
218628116
386258952
185465401
114493184
4041587433
302250464
3926065132
200612348
3589740038
198970620
3990675169
251590169
203815992
404829971
2549988
1450226
3758158298
3875604516
3942909462
320075772
201199356
49748712
3841404426
354344681
100334606
217250312
554566658
3607691262
185795623
470344454
3925210413
4059878681
3959228406
503514890
3994483213
82442996
3674730995
199814666
3306085605
14950092
3741751074
35319276
4294045195
102106890
3738498320
99547105
3522487000
217240055
4276433402
4244099568
4042717446
183633141
552926437
3034968062
3975217375
3907380478
3975876102
3556361729
148237543
3990553064
3942837250
452325601
4092003592
4242929151
4174512914
367386868
3993372402
354356201
252177412
4095541237
3759804666
268375544
4160886524
267705083
4160353001
316736778
3590967026
4009165280
3905940978
118550006
3721921013
890310636
471869724
4026861843
4292673287
4176798939
3706382606
3824089831
3941852167
3976593902
134285822
3991468528
4243252986
4193449210
4192140278
3975611157
167444453
219479575
422313746
250881309
4178769665
168694291
824313639
4261214225
706733835
386408725
4164432618
4293587229
3553558509
219475212
4108588274
4009360359
3941863945
402915308
674374182
303824143
3807965197
3959091977
100855021
3924493813
153542132
3721994985
184537366
4244887041
86308590
3827038967
620370702
4061337865
386467070
4179622936
3941667311
4141935093
3929726947
4227793904
569708345
354222364
253566501
4045740301
216072985
3606041847
334358454
286653186
3741117723
587211767
301532952
67769328
4193841686
252906227
218960942
4276945910
4144690657
3791000038
4292082198
3993421804
183304686
772081928
4194885710
31447799
755812350
4261948140
335672618
4162975802
569190916
4278915340
266603265
3976201485
4243248623
402579699
219287602
4077255709
856290565
4028694005
4059893733
3658617087
4242918655
4228837115
4126154207
20584434
4062901298
4077119740
4022867484
66128118
4008184319
3842372838
449106645
720498165
3590313965
3422561528
185202677
49555475
3622691851
3151869905
3705265614
167247594
4175880917
4244632076
453509375
286063103
4075352318
234734841
3456952575
3758493696
639305240
236983812
3687772457
4142460127
2984180977
3822513352
4193454070
606592795
3336495633
3956986606
301783558
535953682
4094626553
3775068654
4055552749
4227011814
3839812577
2863273193
3974487301
134406679
4042778863
3740791033
3586714079
4059624173
318835685
757328153
17299431
4061250545
4093377464
4038593288
317188887
3739868131
3738758890
4008439033
4194827002
4277857768
3974821099
84863762
4211870204
417719080
4126995148
4275248631
34345752
4209503497
3306161390
601943793
3924829436
3790402301
468772847
3793235474
4007921422
4227076847
152628220
68491013
4058383820
4025478688
3508068826
132968655
4228571386
487004931
185142023
167513566
3504922635
14481884
3925009395
3856270587
4159033134
333779973
722599457
419558924
4094823143
3150896901
417072906
16767739
4244370685
4194561285
4193977083
419757302
4260961807
115798774
184874992
3926461944
4128300499
3973589267
3825403369
4140170218
251269112
3590123272
4209895662
303301368
316536292
3771916569
200867041
254608686
4126672643
337581836
335155725
4041747449
3605063693
298762455
1141831096
369360405
3757901828
300349652
3975731760
536673013
201979908
4277923290
4159108109
690215967
4042851585
135260159
3891987207
4177918956
418042075
4008767750
433914595
305069316
3658020891
4194250764
4278457598
4024303393
116583411
4259963867
3858558169
386533622
3758096086
32830210
3993827809
285655011
3640137993
451744484
4293527782
3419404752
4025873412
504236540
739247096
4011656943
553190401
4178450721
4241297933
3739944673
4111065834
435818256
4076402682
335670265
250209050
4277072152
84605963
15658490
50391271
4125555436
4027965677
4077201899
216204546
201776381
688057079
48697876
4245430240
3424056824
4025014768
166723571
654505750
184092196
3823699715
403038187
4028361233
369164830
3774593245
788135425
487857429
3475039234
4244235751
4242926337
4212259320
3439468564
4024246982
3490054150
400225797
116329228
434888468
4043113209
151448574
435279860
34015501
4026454277
3860849897
267651052
197915147
51040983
250488071
35067131
394517
3875728380
3959223513
4127723773
3086286868
355084761
4210945775
49473529
3506820875
3841593838
3824809730
388826314
3943880681
4142851060
505613545
388949034
4141815804
452187406
166441906
636614134
4126726414
67167747
3402964211
4161337328
67435243
301139232
3572444435
553313320
4011396384
4227527670
3907847691
4109295600
470754815
135670529
3906856146
4175429646
181143582
3840607221
3774615258
3606570491
3539788780
31918817
303237898
352012862
3857832704
48298452
254678547
801637952
4061332284
4023836663
4008640219
3956921094
118744042
3907783165
3470978600
234287837
3960539121
4078494972
48940759
4076013274
4164159991
249889538
319414547
4076398071
286130410
434444565
33032964
4114083297
3890611738
4243587854
284953871
3856983275
250538991
82382336
456724952
4210360325
3992449526
3304321766
53417435
4025164582
4208920047
4024298224
872089112
50923034
4110614789
81069076
321318616
4193796863
4278514419
4043241986
4195423985
4126998527
319561984
3945200896
3789293016
216474649
68811028
367662424
4143577855
4042193625
200410907
115806204
3372414187
4176733667
153554691
3756454111
232126406
4160164357
417331749
3923184933
267848692
3925013980
739768105
320854024
4277271278
4227926291
3943165413
84742150
3891393515
167576558
4160359656
3739357195
4111463390
215872508
3991659431
4261020165
285073961
2900957164
3923178754
319093542
19330569
135209476
4192789474
1041644
3759142863
552269274
3942385171
1896427
3890215192
3574264039
4009096696
4158589192
4196730369
301731573
4194367973
234748910
254679830
3637709779
3654939603
3992191481
724732
116002601
4042179063
165271816
755571250
804326146
4044541657
4274894801
4248050146
3791057141
4108517581
165010978
3453353487
335859494
4193835260
4142524386
333970696
3775206634
4245220359
3741456133
3842051584
3908897802
4226742257
4126792972
3928364564
3856987162
3877574949
100535829
3907587585
3520727772
284157462
86184171
217592350
4144169233
4142002431
4294575348
284555777
4277401604
4075289859
3924495115
166911219
4280035599
438098927
3763400663
471666935
67238171
3555732185
3941132278
4244896793
352195099
4092648471
136053757
3911646978
4160684267
84469234
217975805
135993081
250469635
4278586897
134866446
4060538373
3942513869
4041604600
3923960822
4026724365
4041477855
3959889179
16704275
218625510
58370
200943094
3889881366
218163952
3035304219
4293845752
468116929
47523087
4125688557
4093431056
603712462
4193116934
4009149935
3956733411
3892049675
251394300
167971609
16443891
3875538681
149750756
4277922030
4227337952
3959030265
4194570991
487453711
503444512
4228513282
4227923451
737668617
4246336513
3653502945
3959541745
48557821
4177269265
119148562
657400576
86446095
4228516611
4293850123
470348558
17767618
501672717
169149181
4007857710
4110351856
538780448
706089021
4244837135
3876051983
4144891882
1140462355
3827103743
4210158593
150602745
518194691
115930894
4293716739
3924684008
3807172059
705162257
254354178
3335790089
534043387
318766066
4260554986
4227528949
3775528947
167183319
3994228489
4191485741
3957657876
268570599
150993414
183048196
283904269
151118872
3974559999
4093702643
620572146
3891526912
51384561
4278516240
100664311
116657405
185388296
3858434555
4007126266
84547101
4127196909
4139707649
134672881
3539795720
252582144
83165464
4126992116
3692166909
3857263577
47968295
4108848337
3930004237
202179554
316865286
3944280581
16312272
3889760019
3908498928
267328285
3873112580
3788630263
3689277906
3890810323
31381238
17036284
4044950773
284039398
233309175
4025221661
4160693251
4045005280
167378388
303362831
3808945091
234613215
572192989
4161202923
405354468
3739675382
4207282693
302635521
4008835064
219871751
723906002
3644332053
3823633417
3387747066
4227456484
153551596
4076866297
872529903
65805815
1123482358
3758620142
32757202
134145274
17370618
3823698669
51970797
4125625342
3876311514
50272239
3843885806
3790067717
84536812
3559386342
788997923
3287149302
97193707
4009362425
3976527331
4193847294
3941012460
4092521719
4535072
117718310
4009359097
3221677583
3842369713
3842765577
119544559
4078301437
4075952146
4076335851
3707172853
384897985
4209703416
4025286377
3976988911
66981122
267189489
3420905729
284678406
4145027340
3941600284
202566136
4194952414
66068474
132570099
3925875974
269617410
404358155
469373885
268628235
318572297
4045149152
3389780747
786153425
66060813
4129091590
3655860480
3957051869
104339951
4006735082
3673157347
103622914
4162401302
4226088161
4227991520
4060613385
166533624
4278841894
420934136
335289348
269673706
287375099
50334976
3855471596
3978887937
4125949675
4142917119
15266020
3370919440
621078047
3658481641
4009620442
4074505241
384760309
403897129
3841451242
4107792343
418697722
3874296834
352582889
4096846849
64217880
15585064
3975801835
804916742
354347802
386463279
386792752
83490051
4244107266
187038721
3690923233
216793627
4160025365
166460910
3874944768
4059696857
4109761316
4161922573
4159897589
134685642
319363833
135591953
232786428
167313380
538055949
4196013579
3859019239
3891591948
4277734655
4242809367
4163114815
34599944
4226152150
184489274
3875020554
3841403144
3807831296
83509013
3102727418
4157193983
65998319
98495996
4128183521
117632502
4246142736
4245421830
32969487
3940874475
4108906735
136647968
366881546
4015257811
3456709383
3536843015
4243062771
437790470
3809418785
3773234192
48370165
50135861
266063875
704916492
185338883
4179756767
721349376
4111467039
4226680063
4260819207
4108123894
34606815
86973178
4211031593
4110749979
3657433620
4243910927
4107730175
4127582229
974577636
34811118
3977512962
232519403
4026793968
252773109
3976592627
4245618159
15989232
4294314020
354092259
3726512128
4176606990
521939175
401345529
4263041793
119794925
202179329
4062450683
200080633
3876392962
4210621937
3672371999
3975343349
84020742
286645001
3874413044
369490165
4042003213
3992655118
200803588
821302484
4245491714
4092398590
4042387449
218434273
4090757636
3840147965
151844396
403047454
3993165067
4043706379
268177420
653921026
119540984
16246792
4196783387
168884973
198840036
707589640
4144748535
603723279
3991597317
183761400
3724283674
253362431
336595213
136104934
4011594714
418379525
172822510
420610887
755232237
4176426011
4160294383
488766261
4176487438
4228262680
50793481
4176212969
3741186275
4260431872
4027518999
4025415683
319487998
3673028823
3366979814
4277465312
84874268
49288235
3840141031
472903916
4027851281
85269762
3691374305
4007523329
3977698785
17175077
51248892
50989806
166525954
282912981
4093900780
4076730610
452192502
571741686
169218806
66973208
419490302
3557036043
4141994757
4193843980
49079038
268245785
199551979
755099649
4010411511
4178121990
3941606405
101908498
134735605
353827822
83493090
469048822
3924496126
4144625186
4144433146
351932680
4092520718
152506919
4142793715
3924686851
167439868
605422620
687597328
200204031
82307085
3990751488
3909485318
3625915392
3691578110
4192806378
437320734
3355825898
3606263560
184477207
15001375
3859086352
4159110921
823273233
354153211
4110691335
3810131167
27982292
3890873304
336008707
117843704
4226482419
3725515014
200995061
16649742
219939070
134014459
568991499
67902192
218429960
825692725
607588901
4230620696
4278454795
4026726398
4093641974
3792626146
339620841
4162395131
184747524
688861709
3992788518
118349851
85786400
97775852
152313141
570632479
4261337851
4261881589
402517013
3944015627
150861316
215737086
3960665328
51708913
4159762461
4261402377
303370756
4077591782
4027449097
4277932538
3908567056
82438906
82699773
4207277297
34011407
216672508
4278256889
421988646
304877830
805171749
3473151471
34069464
135988487
3859289077
81267712
65541383
50601484
3754693625
755044571
504827386
4041476367
254737618
4027777809
99488995
3994207760
3908504331
4210561286
1074723868
4061723109
235856877
318834448
3741916701
4226744296
4227263778
822533913
3759007245
3861780971
720773129
85330943
51319529
216919312
4277068013
186045945
4175214833
1111546
268175626
4193120520
286851566
3270761217
4010212631
14477556
4125022186
165729537
3103987189
3574000140
3825267429
3893611206
236527619
4126998791
401022182
133764141
252635387
4229373180
685572852
4160345077
4294378987
4210751256
4026206206
82376928
34012398
68026859
184680717
4277136914
384952066
4125554691
671807478
4009753839
4058633221
4143649018
4160084982
4059554269
4176601873
4127460088
3908296429
167312381
65140725
34612240
4245612078
402209336
185074682
235533030
101181724
3858825769
4075688950
3305900537
4095735027
4108132583
4156161539
4292209634
4110558723
82442269
66193366
101060124
266987748
3905808657
3742364400
3793617384
334624785
4160163829
4244368598
572455933
4163254291
200869879
453970658
3490256141
4110542849
4243719670
3822640915
3873890803
3943229647
3839834135
4075685629
4212660746
3976137210
186780919
4010219000
181661673
49751054
4245427198
3909888006
4024306172
134548229
4211861229
4278192640
303107601
4212322809
203292144
907220990
573637376
3657891845
3891528947
333636898
918519
4042193938
4176999954
4129027600
168560394
119157238
370093308
49147623
3908040414
284753647
520936970
4277928443
149807871
4078633722
51452146
3874823957
4126661591
214824730
3840007889
4075948008
168100337
16647425
3925205486
4091608864
4278641892
3890147329
455544545
151455494
3994022885
4095274496
4025152776
151520484
4010274298
3573284559
3772838404
3806330339
3841655278
33564387
3972984883
3724022519
218290665
133040376
4127130347
4161009123
284432139
3793949927
83176710
4211205627
3857119986
4245217508
100532210
3475718
251849706
439545894
3976064711
3894675690
355261690
252642823
4277723875
4179361314
134484462
150933527
4056677659
101840860
3825661684
3825336559
3908441362
472452868
16912894
434235625
3890152978
3991540159
4027057147
49617937
554630667
502531853
3892049669
3790736128
301919485
3874552843
335410964
99541785
434686943
418968307
704113952
3706649563
3853573111
2109180
4078238473
4159055321
4043896562
3806258914
3825190365
166016253
302177299
587130617
35457795
3791124469
4211802084
3975209707
202113537
2864052217
450079966
3892255991
4060086509
168890881
454429211
285873161
4110351387
3672374012
723846441
3558277397
233044481
4079032334
4293723371
269155557
184023771
68157942
369224178
4126152205
468709425
288225799
79907
603117037
33887040
4041002754
470087190
4246793224
216851480
4091073804
420932586
3907446530
4163954656
1573109
4092982747
3808305151
3287945466
251136281
3805227
806749663
3925022969
4042203933
4228184808
4241682941
4059236901
3924943356
167572963
419622653
334757367
148889089
184026874
4058046724
3989361113
18353419
4195093508
4294639866
168696297
3856528379
33681651
4178844693
4008703476
3773295876
152041472
335140359
250401807
4127856417
4062373621
17042698
202507266
656017655
3235445526
4076008160
3977180413
13165808
4111000306
502471440
287045123
200869624
4143451409
135268079
251543036
3738571804
302960912
3742304548
320467180
4208657158
65312
4042004507
4159033827
199030291
4294833943
4090884330
4145476359
269285132
101912822
436929794
4278520590
4211479024
3772902890
4227668210
4278981374
4176863271
4162643183
4194032883
3808564233
284608464
134943229
3861260313
4144033258
235671799
335398893
3891530233
49482988
4026654464
3957849091
3842052851
4176944157
4025746188
704441566
3875535839
353044207
4141344528
216718808
3942055150
3655606781
920318
32043508
4126142468
4242270177
4261672419
4294775028
251598864
3572301477
385221375
3960348167
420549891
4112709151
670553394
84412631
3860852717
3926127354
199554800
302633710
4245817331
4041872368
4245687271
538184187
4027714578
266337023
4091735769
216654854
69338614
84102437
234151185
4108980220
284227626
4178904577
957747227
3927048200
4026274834
501409545
18225689
4040824854
4022011404
285081318
4159834640
3976196056
470356770
68608243
4093766924
218950108
435093514
3706386422
3741781001
454228211
186195210
68685826
4144622831
32776435
84676872
587473447
4176738315
66778635
3906800913
4246479334
4244315898
417985757
220065785
4075870945
4261616090
3942583822
4261876206
3961988613
4126991123
754376405
2933261566
68362467
4228052990
4060282337
302774784
16450286
3692101386
3788047391
4125683734
3927830532
4024631015
4095472861
371322112
3976268048
4245815026
706213358
4210683131
3873820646
335865349
3944289523
251206148
687408650
68085017
268304357
3892903674
450309397
67497235
335344923
534978288
184935948
3844014851
3992840955
3842776570
4175501586
219738614
450291492
439537666
3840286964
4278449143
116397570
3806721302
3858683609
4276222954
3790072066
621416929
4210155468
3655859957
4278649885
3960347932
302835209
623256822
738126594
285277166
3778861314
3669047798
181780996
317125873
4058117122
4062644969
150927854
4058516474
4143834836
120596979
4090166835
4261669903
35326721
823664386
118677252
4211147508
102219272
3891465229
3975078139
3187010281
34790860
4146331656
117693413
3407152875
484901620
318116073
4025490431
4210554644
3974550284
4159632350
116660267
437002040
4227142934
217707509
368179209
201330167
4244172273
4076148214
286455322
3873969403
3623544338
3554006046
4226265089
653124283
420477179
235595261
3960536561
118753518
4177920506
4077126433
321774310
4109169886
50529035
151778803
552006667
3856600297
3351908587
197646607
3792558035
203174654
149349418
335471365
118157050
419367932
70972914
4109641477
3856662754
3992178953
368174574
671998962
3756134125
4276025087
67689179
4026406848
4093831647
436462577
3891591132
3604416270
503835924
537006610
4010079766
4073982988
3489330427
51312621
488960520
4161475070
50924810
4142597140
51958791
85916438
4261610748
302052348
775676148
535225332
1142236210
169939004
135537969
1159198944
3941792019
3790988543
4123650310
48824046
706277675
321658390
4263118069
451932458
3472949526
3910341613
33167879
3589527780
3740136166
152435464
3424464085
319815710
235855115
4193576183
319814147
102502121
16188408
4194702855
49802984
825288701
4009432053
99947517
48157957
152694004
3522563066
602014706
355728127
250082566
486872336
135989518
100528929
3959893001
4211669502
4260630272
4028756744
4179034362
235199502
4229892877
3957393905
4229954080
668328967
1125054751
3594800893
522916601
4061466643
4128112129
66260225
4028174361
3823823306
185196496
250419480
552333830
3740146965
4127132913
4094025449
3956866782
166657525
467458817
4210884349
4042655457
4244369916
3673291795
4109958140
4110743791
116588272
3890282504
4059300083
3776123395
4077127150
281008847
3338927139
3975346912
4260889602
4075620629
772471301
4159625469
4276884210
336470000
387835898
451938341
149811755
4043963097
787705
467409209
2170662
4158334733
3790592752
218566663
4194560252
3674211051
3588351472
66716117
4293972220
538379516
4244444404
500615177
4077180886
3709593601
3758356209
520289027
217774628
603258087
3908958438
253880316
84860167
167637983
4227913474
3402948340
958269453
237387063
32560910
369431264
98829846
4262524669
4262591253
3774286309
4109438710
83944708
789837055
270076944
4278524165
3974102267
4093045251
14356795
402135038
69337097
1903108
3741265126
3907912448
51307752
3975869169
82505208
301002002
837550072
3640451860
4278592262
754318867
4091087627
638192423
3925079048
100124431
18618851
201136124
99024656
402456595
371260422
50459433
304680466
266471424
4146776554
4245095625
101002715
4210365202
753529106
51781904
15200252
3792498426
3692758765
4294459120
33300232
474486507
135281700
3875406075
3925479140
4261605664
201396505
4224445431
50321658
66115530
218831112
117896723
49741569
3990419708
35587550
3926062327
4192001545
49802203
197848782
3975542795
3705336796
570816805
4209831426
4195414788
3656194281
50793478
17680623
3995204061
4010020060
3636457193
4276679145
119657213
200926689
435616755
3825213453
3759666168
136195341
3805810695
133366761
505995776
4211011341
100066009
4159900120
3655272437
367453706
4160163292
97784359
116584210
199753483
4277394427
4076673536
3892636673
4245367572
185795324
4010355484
435424490
4111396608
737027887
386787608
401155027
4242721763
4110744533
3805672429
4058965744
3673156342
116914674
4244175877
17166308
3773556978
3336700147
4160878355
250670325
4277529569
4293592556
4128829930
3959417319
4141481484
421398022
4061267465
3941333508
336343773
3741971735
4229500172
472380410
4012902106
336078855
636556800
4211671559
3957194464
3638294493
3892374008
3823499027
3889816326
569180428
3655598833
4029748236
4024431075
4210682318
3908957946
4127981585
353758022
1024148457
4109102833
34332679
3940283636
4292535258
3790865388
14733823
249690832
739695066
4246728188
352916245
423040517
3756782845
3437095421
4130460912
3892583148
4028299764
4058246632
82631897
4060283130
4278190556
3877242626
4211094013
4159964412
232842238
4112439536
3927307283
47380010
35330794
4024715029
235082523
518970617
4143829493
97243924
4095211257
235013402
234750994
4110284014
4077322252
458762535
601818608
402200
3859936510
3841721855
18216676
4177793054
17768408
18743828
4059892975
318835490
269351168
418776822
3625517557
355545103
203107345
301871631
438833707
619909103
421066276
4160418087
3960341741
4125760258
218236454
304815616
4109165814
3425030602
82835185
872990500
3991411740
386669018
4076993274
114950899
3876990205
3575315957
3891133672
3959492843
735975185
49932028
3791846122
486737667
3942052110
235803384
66651395
3940090354
4063700480
18161126
906374665
557655307
3925163780
4025937145
3992123627
3791322625
135265010
4126995454
585430569
3439921409
602668492
166852857
3754677485
3623019478
4109185775
3790481721
3940855043
185009355
33422627
3874109912
706286576
235660257
1056968172
4010939156
4057077757
4228319744
148752391
437333556
185408519
4077186038
183635427
3994092554
135855872
34210587
3925611258
3370909437
372377074
4275632147
305991927
66845958
283963648
522197511
3810126351
4159958791
66582251
100991218
219352829
3623297533
467198430
220993534
318564356
419488286
4058380043
4261343756
4160095476
671349513
3907650540
4061983995
4143905762
4261871363
4060275454
488641778
67174125
3989295347
18340338
3538813444
267384288
558365411
788201737
4263440911
3874484740
4261673467
4262196216
572068359
200406780
956888850
3572956966
554113794
3910601754
4245160732
182785029
3940939570
182388204
3340701436
116589562
4056606447
4110280171
4061715422
521798139
619635756
641868264
3944946689
4276558848
62664485
4240835343
4076933617
486341358
100134660
685897722
4160418549
3672243445
3556498920
337648623
3494518751
217111811
4044680443
3943295988
4011582941
3671733687
3824805102
3150577
3776972784
3889564649
235134456
940114408
4111002107
4128520208
4162128901
63302180
98819827
248779018
4278780182
469557477
34212085
99022855
4160819990
4112046862
335866610
4176016874
3925159689
3304387807
186515171
36169454
166587382
3942183429
252441607
82910208
3588154120
3772975105
571852580
4278260213
455873566
4026717742
4293530119
4060352016
115862017
3455783658
250676443
299957766
132584683
3824684568
4058649116
3959234808
3522240765
507778568
301662468
4209310959
233049392
4092059917
4176479186
149750255
202301196
3926975174
17297629
33750772
318832142
4294048530
872801767
454702853
588319768
4107731437
3726440993
4143572204
517599716
3975867620
285140735
4212394224
4057394419
502722810
4294512130
4277858327
3507099618
3815963
484315657
4092866571
4010666743
4109440779
4226674173
4176673527
4211081205
458484
385418725
269285359
3893293284
4111396869
4261682162
185473562
4293985084
1292424930
67584296
3975997431
3990176533
4229777450
3857972968
3957855749
502590719
4145937895
103554549
4175693291
776855786
3975801074
351407587
168958229
502923754
4075544348
68421622
4143250417
4162192359
218897463
3807636706
3909153011
204018504
655627581
34871547
3305181189
4193447635
573442543
3540853759
3770745324
83284229
503512845
4210552057
4263656705
437322790
3927509277
66592763
115419734
466617631
4142275315
284612321
4213762804
3152397831
4226616067
149753595
4159114234
4192862198
4176940292
3874490100
134733548
4194366982
3524276739
3538749421
4180596950
3524274199
488251364
4229492743
4194508330
220609286
33755705
3893298729
48360688
250606334
119864314
4044166389
3976199139
185009432
588718852
4042856740
35205109
116593457
151714158
3808040701
3892310296
369762292
3473873654
4227004900
4024375785
3623632889
4005682701
3992065773
286066925
4077785882
134291466
150276368
3960136715
3758420697
4025744348
4095145453
3958312164
3991798519
3774017058
217116431
503510501
117439501
51186196
4277732608
3705731828
36632836
3808097269
4041800966
3992653254
317982716
267126783
4126078725
4178049510
3944144860
405929966
50597878
920908025
521870630
4159705594
4144756682
654770426
3371633707
4179221501
3792318182
403380712
454961430
134220013
4260561638
4210817027
4076804621
3654886923
133885690
4093049335
3992579820
686353114
3708277786
317646054
4158964976
200399113
4244505577
316600564
4212455954
99287827
151192549
848630
3476112388
4294104796
102558475
183631853
4026725615
368764155
4277988582
35786791
3791263716
4194497289
3875069459
3957644782
4059690992
3875727374
3774093059
4091864299
3807969253
3388081383
4211486713
4027053300
3791455476
3958173426
3740660968
3742172391
99422194
4058969367
4225762093
3569086937
3389126387
520156414
4059230755
232519681
3522688795
3721194251
4260432889
4058251502
3942908645
184010253
4078041096
519825126
301862177
921890567
4163298063
3889434584
3422610153
384039129
32764422
218430995
4193056245
3875658744
1159394297
340588292
4058970579
517993212
168683563
287255045
34281943
33028361
3690843879
253818346
202702095
187299347
3940288984
200604447
401861129
4210950139
4294702328
4126924035
4027973135
4059559392
519502103
3810258894
3790012372
237309695
3085896402
204016883
4057338092
4026001930
4292011782
568911864
386202310
789170975
4211935238
4093303778
4212322539
4060409075
4162719456
318575621
4144032253
3654681045
855632393
4110281244
4294040600
369287158
4277731879
419098093
3824478957
4126605047
3857780227
4124377830
3926195721
4009155815
420874206
83023330
99803117
3790667262
551014646
3925281798
369752074
32624879
4177726723
3840999652
4144042502
4025024518
301658363
336070385
237440811
319760136
117307162
3539918570
198829796
4144234186
83554809
200271903
135726607
3894404322
134614788
3506835185
149749988
3776442379
4240110364
4112383222
3992852205
4126022135
3353871602
1109654264
4110347023
4158708187
150208747
4008700673
4127258128
183431168
3943625698
3908757993
485616385
3873370377
4145277682
234681586
4027771874
3387239108
3704934636
4197527066
3874487501
556217849
3623614184
284890869
938673654
267580432
3743154693
115401452
101519059
4089581339
251666424
4029152770
4126012911
4057260015
3892178934
386067948
353952780
352715270
68879860
55581961
82043877
4195611136
3722650116
517987361
4208856074
100862466
452596725
354620634
134613477
167048435
3958498828
3639545587
115079412
1275590659
201058088
71431700
251733792
556280297
4012713209
590478343
4178990291
284823577
15789584
436410371
352192276
251006457
183505421
99287566
4227666428
670558978
4113299460
187239403
3925349362
502380746
4077721854
4279236844
451076325
4112637422
401671414
3908887771
219482364
320272646
3890070743
3942255851
50319105
3923368939
1355016223
4125638191
4225424885
4077185272
2355924
854983935
301932342
4211728628
4028106267
4093645304
3439597062
3858431517
4244969202
436931850
4043834624
66785269
68550914
353514006
69800730
266860575
302701310
772220672
4030924542
334894838
3925475812
4107794429
14473987
4244635614
3907708928
3991141334
4060880911
3673744146
134147566
3906937086
316340222
4227075572
974513650
4258199550
3809134318
334755324
3809409028
4043557108
4210823907
4159307057
401929984
1026568932
201062703
118090747
3690857214
3823761402
521271564
606603782
50782228
3789944035
1022757911
4059302396
570226148
67305493
202506493
554300393
3656979693
4125034739
3940870359
3422150625
4059821547
318839835
3623158230
4022330120
219599836
3994420457
154338538
453124104
153030898
231477010
32693212
3758356985
3941466097
218757635
4093178127
3859339223
4092921081
4026008565
4278781184
3575386869
3907910637
3827241971
4244375027
3691375572
3891608014
4109827581
3975545585
3772967915
3554212325
132255474
317067030
3674073347
503448610
4276680202
4245164302
3974429196
34015471
3839619825
4041926595
3959563715
134151653
218096355
353964792
4110016265
4159700478
3657364191
3220502505
3724084964
3893692390
4175629314
318169832
3323988995
3756719595
167701757
3841258490
403434765
183238667
1243351306
235802891
352118517
182906351
3857451781
4128765446
286843385
4145216248
369826790
4163178988
555291119
266468897
300155137
4028896520
4226876421
16914662
234153994
51570959
4244310015
4277195515
418519495
4192795426
3708419808
318118675
4227929352
3657162525
4195214044
16052466
4077715962
4060671976
4244963071
3924754425
571139580
146730529
3973568246
153283329
4025085956
402255893
4262460676
4058123808
116589595
3624334070
4212119301
4041932285
3538147302
4192340459
4008962566
65590240
4027910151
3992067091
286322661
3961397551
504752393
4210365711
319615537
117569507
304016636
3994038019
167317040
149618423
184691203
4009295863
303822304
4294841351
4026529285
4244313104
4158779906
3959876071
3808096463
470362867
3640441326
4011128315
3908903708
4093374724
556476183
83627280
4129372697
4059300098
485025255
4194306020
4060221684
3874161119
3894679782
354282996
737797899
131382556
4158260464
388164637
502989559
4259846401
82048509
4061124864
639040536
3606509078
3675845119
4259379666
269549536
352317145
285995532
3504137437
372566069
3873757921
385342425
4125420525
4210548468
4229559266
200218120
519762677
3876184592
4110624302
4176291585
16845568
234941184
116910834
269227770
3724337379
98750927
168945644
49670130
401804824
85055499
3859468802
4176534230
3890016519
3455972852
4128046597
3908635665
67959072
321189123
3740734197
3774161412
32894707
234948623
3977779965
3775867660
219283963
3257654101
4039570154
135007214
4259902466
3843686405
4161142771
4078372872
4094438917
4194370801
4092332300
3658087169
3923507712
4124500992
452520695
4275116313
249890591
369424664
4241379111
3724148810
2986278125
3235373035
16507410
368569076
4109103087
181988843
169407466
235204091
4010018302
252119793
4293723134
4009946125
601442831
806551348
4277610759
202442788
316734720
33289970
4279301377
4143843047
534514909
690814992
319153900
320015638
4179230483
168167425
185204225
50260467
4077451515
81661198
4092721177
253107492
450624241
3556246813
3806587118
4226348038
4059757067
4042464015
3957977828
4209576193
3975737628
518259733
387303159
84622335
785782540
4164224980
3369263103
4260484345
520749319
420672770
335146764
4260491525
4278187764
3858892053
3793558518
941954561
152512277
36368114
3824081149
4007713516
4111856115
3859549943
4126606818
4092002303
3807370458
3773364462
102617321
4111013377
4262143742
780797
3942632708
370016747
436927220
4178051322
3908561911
3892179456
3773945354
754446831
3706920973
772203028
115801100
50003156
588715777
3892442867
3705269473
4073329653
116842470
3741971436
3957325571
3958889706
4224128025
49013776
4243452416
3844203246
4262590470
3975011836
4077963974
48755961
234027792
269476052
3773756172
4243513069
50262239
219939297
234154254
368499439
321043963
3590840822
519571986
4278649113
706410753
4175959033
67173593
604959500
4292606448
4196794882
4126086685
203169031
199633419
4293928425
3879010306
119332112
4093240565
4108519390
268111607
184682521
541326817
1141573143
250800627
201402354
51318266
4178637069
4144896759
4027250405
4176877568
1358834459
4191097401
386604798
3607632658
285613610
522195497
4245102875
758775551
3454996449
500755190
4227393060
4128505072
755632399
134746394
4092067845
4077114077
169747187
168285682
184624365
150949403
4277399308
4242867476
4128573936
4059692289
3960799565
3906144753
70773243
4025676750
3469155589
1112807
4144299525
4040415985
471131638
135210528
4278724346
3487964666
3840285191
4277601265
4093902593
4162781674
3640590324
3773098744
4210088674
3978295286
3959105317
4211670509
572067339
253102798
3490906355
3740726203
286793484
484780268
4289534425
168816396
386789402
3957520147
4043242224
472188600
221052472
537659883
1189625
4024696580
167110903
33550857
4243780872
3975019212
3909221200
3805868336
688185819
337969213
317919003
3841395470
100732398
433921037
1278211636
32453139
250224391
136701731
3841649113
4058577423
3928550396
4162720985
588444695
370817262
1008081997
4276351259
3892167691
805955552
18090742
4025809173
4293192988
3790396138
234824744
3976196391
1009259253
151528194
3353541367
3939819224
148306157
4163305751
320673523
201974772
233043225
3538416902
220597277
502604258
133754913
454030606
553715726
557526571
4261287186
4126543637
303430407
3894742272
3991005670
4227594216
4177335817
4109685738
3741250270
369500170
267651359
4076993517
503123223
32246292
575870719
3218601456
49281782
739774469
182444557
3945536004
3774090758
617812218
4045283116
218042416
3993365261
4212584116
134741794
4244571359
4245679313
4057722361
83417344
151591411
336201718
4211150871
620551933
270137862
149548068
369554700
4262790668
4059231225
48366349
4261534719
115136991
3962374631
3940416993
4125621215
4125223421
4144566483
552003837
4095273211
202768389
537326586
3941731317
3674010853
594924
4094284994
51390168
3929277675
184364808
3909289486
455545580
253953848
4124962310
3891784695
4177327606
3571772470
3557296345
83430612
83298032
4227726829
200212464
5115384
201330921
352843031
4042911742
187900466
3788974109
199945219
772406731
84872205
101377023
4127123704
4226609642
134349058
4245952009
3858822087
4278647252
4179247630
115932964
3537489669
4094688239
672262126
487520265
385338867
3805013011
3824808964
4111794985
4125877507
167830756
99545873
3674210042
3993170721
4109300216
451741650
470939677
3809279219
82762945
370427393
136705760
4243056355
186186010
185273631
4212915470
152502030
4211351576
3739543551
150403564
3893298408
4059958520
1157177064
3775598096
3674202834
4262518257
671552815
3469676828
486536730
201716444
166270495
4212007662
49482259
3924363276
317720296
470082783
3440777728
186263805
300679181
4125089019
4026002690
199351827
4142793215
468903697
4161401874
4294640633
3739611641
3976853001
66454748
469239330
32774913
3758159912
283707398
119016970
3706716905
3907590620
4194759143
50072842
51312157
3992908772
201853689
3957659136
51179783
4108719079
266013684
3877770480
4093969150
319624909
3689614334
4229952796
4160827631
3622705246
4142787833
251597287
4009356796
4245223911
168299281
3656900067
235921392
402986262
335349271
33165553
4244694268
4262787622
772731918
49217535
3990676738
3923963362
3420914386
131464707
151780104
386853119
83101929
487456272
3569994753
3974950395
554036425
4079029249
4095602955
4157084153
3638476053
168816349
852719
4141477108
839174893
4211016929
1192875819
369023696
3976726266
133639688
4265015801
4191816423
3689609714
50403069
33280251
3873828125
3707950861
4111212062
3539865804
3759795691
4246401783
3437753586
3924556030
51649510
3807907858
183826975
4194308331
3959614465
636550396
3690783481
3939425520
66453020
33422311
3657505548
3794007531
304808405
471991837
3923242244
369411282
4143903778
488969489
4024691700
4177069051
3857904864
669651219
134542373
216516085
436342062
271126044
153157885
4209514216
4094039524
3926396443
3757107472
4010082554
267057940
335663092
83614721
383580140
136904433
134875670
148050453
4092787412
334953186
368436734
270663415
3721461549
352443663
370474458
166535177
3756777949
3369590248
3892442841
420933859
4011463379
3640978970
84284170
504300765
116066019
436988170
4211477242
3742620908
234035238
3959355380
202175756
234217222
4212653540
3540729071
4193052985
3271676886
552668456
304743708
152303366
4143247124
319094001
167130125
3638095330
4093837845
3959556862
4024042238
4142978804
404880868
4245028397
3857968109
167956477
4010737937
417743082
4127456229
133825028
4259504359
4092265953
3788958208
197903838
4260748275
81915395
3926909444
66448363
4227727078
3671321306
84284104
4041866513
4026203641
4175955195
436732149
100800247
251404569
217111557
133047356
1328157992
99413509
50522841
4229168847
3958175740
4244762346
217970424
4042786024
4109756681
183362821
318844399
83688734
318047975
4024237048
4242804713
3774157812
3923436517
435943191
757202943
67506678
4294309875
237122047
387578154
4011860705
4209767918
3959285783
4208727319
4110609418
219489014
3840674070
4228183804
67101441
168363524
4229166356
183177984
3874683102
64414917
639183608
167189494
4209043465
17559809
3909413409
3153587964
3873371120
4126207989
64214787
33822693
3875199993
30929122
302906633
200803588
4260757207
3674736346
4227722270
3555589869
4010142467
4024769279
320926965
4228323293
3743809275
4076139760
3537626872
269809384
4179368203
400618010
3541225943
3606834416
3991462416
301463793
4278520554
4090481172
769322228
4112574210
3974944532
4178186000
3757438732
3722503692
4147512842
4145145331
132772365
670311487
285140710
4177982166
4244707090
4060418323
4195289867
3943697395
321274
3790082294
4074960874
68608764
4276676604
3975213068
50660116
4061854699
337047054
3809015815
49678842
4193391108
335086092
66850831
383324404
18550824
3322028536
4161069550
367986696
4211015174
203295485
3825664765
233833462
4042728935
773260023
4043896071
500890898
487856927
4141613309
4293451771
301209590
3622297336
133163791
169018081
187835127
4043051770
1108670200
4026598193
719774499
4159958768
4210621421
3941206294
3874938092
132057404
486661351
82252276
133688864
471597051
3841588714
299498727
486931228
3539999246
1091558682
1521876
1188170504
251002601
3925470968
4177194223
168230923
4092787195
4177461778
100659225
37167111
151382796
3538102009
149291787
34600162
4226874377
151199752
301996824
4026333436
453901821
3691189744
3855930367
4247580663
401552660
117771774
301470236
136453136
401796911
487265253
238156530
4244908779
334367274
34467056
741214478
4011661337
4158782979
3873377303
3872308219
3992965840
4179035880
4179301415
4177208580
4058898414
488502251
3941599791
3742572013
13311002
4245022184
369430031
118430739
503453235
4260822549
66514691
992083182
3862167307
81934072
418839341
3909412321
3710773746
234367261
571012853
337442077
168958709
233957661
4195488002
136442398
50141189
624514838
4163103775
4108451046
3961134114
50527479
3858689291
84800261
4125041398
4093509115
517850623
3991399707
4260036317
4176608764
217063196
535893715
441327140
4042983417
51312111
102837017
437062694
571534845
69665535
133094912
4110215156
4076138225
49936643
153293585
3808749352
3470987194
4127327201
453645577
65342757
4179814910
135413543
3925219067
3790007297
3672961768
199736050
4245165800
272150
232200762
4008049157
3991469820
50787062
66122215
335411971
100336416
4191610869
336659946
116135159
487783216
4159457822
772010766
688987161
4142455037
540733702
640222981
3910020341
4279827174
3570669573
49080355
4042192902
4245358346
84277279
3840864491
51051787
152701430
3876390436
3908301297
4077189383
4176089087
3151035891
268629746
637592094
538708488
3941600751
4193707005
4125621758
31641592
758050309
136909067
235465511
454297602
3975880458
3758229265
4129165053
287244518
3759088903
3372157192
3504605911
436785688
269609952
17101820
4009491447
3992972548
32046083
335410674
4110617355
4275174187
30216686
1020923117
4277196079
3641576436
4012437816
4275705065
3675785473
4225702429
3754165262
4217506304
373100058
797846847
61348949
560007320
477363666
578621954
412093255
285089195
157948772
400626831
58004615
233838299
593634613
712645363
757929175
265168104
772353696
522526663
353373366
225658149
150025794
356722273
474286347
393680608
651041614
649658181
4176089135
230494369
562038179
397411687
376901263
98688997
4180529216
4178053385
719972093
568265459
152048651
3908951767
535030577
872210423
168225772
4091283489
4059818728
4261802500
1458041844
3958635582
250808826
3857898324
4043108341
4026137828
150947824
153745661
4262457313
4075615456
1190390502
3980196318
4143857382
3991352057
3660574200
116195313
3845711340
3707317995
82653419
4227071216
20639480
3639604022
3943233803
3959954902
4113841381
217247208
3809147394
4077581001
4078632424
67427334
4260252665
4058646582
4058708783
65228282
47247602
3757438968
52098096
4110348285
1174664160
4263704791
83489501
2879512
4008897766
117696491
100263411
1141111026
384562772
923526895
4078362869
3792626404
4027380433
1228004066
4210028362
4243398376
1072364285
4127065097
4026651118
4194560746
4076267793
199164148
1474756425
3859605235
3790077666
527352
84082517
3975303933
3874874600
117455089
167240938
4193184739
3874491881
3948216069
3774158836
704174836
318565620
620030806
4159436279
4193712115
4243388895
1329458719
3894343397
4143317485
3975532024
3898023943
4209718012
418246410
4276290801
3740592624
973140457
1123281751
418771950
3958630380
4293341679
3975540447
3709462614
3758807536
837623782
3875202541
38479099
3977588972
803793143
3572956661
3756326371
4176672833
3994744087
4042452482
1407910123
3925035756
4279043316
4227798262
4243446269
4041661520
4161537283
3827638739
3526111466
3774346013
81598939
3791910125
4092270569
4243651841
1407777623
4059423970
1377103130
4041730808
15069928
4275565802
4093176400
4232830197
1007094789
604043240
3890681066
3990802680
1411507164
3807959006
3873824221
4008180283
688718622
4127143170
99625522
4042844902
3877039051
4243908108
4132897523
3756532195
3874086624
3991483367
16388087
0
0
0
0
0
